schema,program_name,json_file,binary_norm,source_core,build_config,function,name_norm,entry,label,merge_stage,v6_summary_v6_size_value_max,sinks_v6_size_value_sum,local_buffers_element_count_sum,local_buffers_element_count_mean,sinks_v6_size_value_mean,local_buffers_element_count_max,sinks_v6_dst_stack_size_sum,buffer_summary_local_buffer_size_total,callgraph_caller_names_count,sinks_v6_size_to_dst_ratio_max,sinks_v6_size_to_dst_ratio_sum,v6_function_role_v6_decompiled_line_count,sinks_v6_size_to_dst_ratio_mean,local_buffers_byte_size_mean,buffer_summary_local_buffer_size_min,buffer_summary_local_buffer_size_max,sinks_v6_dst_stack_size_max,sinks_v6_dst_stack_size_mean,pcode_INT_ADD,sinks_line_index_mean,sinks_line_index_sum,stack_stack_mem_access_count,pcode_COPY,local_buffers_stack_offset_mean,sinks_line_index_max,mnemonic_mov,summary_instruction_count,local_buffers_stack_offset_sum,stack_stack_write_like_count,v6_alias_summary_v6_alias_target_size_max,sinks_dst_buffer_size_sum,mnemonic_jmp,pcode_LOAD,local_buffers_stack_offset_max,v6_aliases_target_size_mean,local_buffers_element_size_mean,buffer_summary_local_buffer_count,sinks_overflow_margin_sum,v6_aliases_target_size_sum,sinks_overflow_margin_mean,sinks_dst_buffer_size_mean,sinks_guard_mentions_size_arg_mean,pcode_STORE,pcode_BRANCH,local_buffers_element_size_max,sink_summary_max_size_to_dst_ratio,sinks_dst_buffer_size_max,sinks_size_to_dst_ratio_sum,sinks_v6_sink_without_guard_mean,summary_lea_count,sinks_size_to_dst_ratio_mean,sinks_v6_guard_mentions_dst_or_src_max,sinks_v4_guard_quality_score_mean,sink_summary_buffer_init_count,local_buffers_element_size_sum,sinks_src_overflow_margin_mean,v6_summary_v6_sink_count,sinks_dst_stack_offset_sum,sinks_v6_sink_without_guard_max,sinks_v6_guard_mentions_dst_or_src_mean,sinks_v4_guard_quality_score_nonzero,sinks_v6_src_external_like_mean,sinks_v6_src_external_like_max,sinks_src_overflow_margin_sum,pcode_INT_AND,sinks_v6_callsite_risk_minus_safe_nonzero,sinks_src_overflow_margin_max,sinks_is_buffer_init_mean,sinks_guard_mentions_dst_max,pcode_INT_EQUAL,sinks_src_size_est_mean,v4_summary_v4_guard_quality_max,sinks_v6_guard_mentions_dst_or_src_sum,sinks_overflow_margin_max,sinks_v4_guard_quality_score_sum,sinks_src_size_est_max,v6_aliases_target_stack_offset_max,sinks_is_buffer_init_max,pcode_INT_SUB,sinks_v4_guard_mentions_dst_mean,v6_aliases_target_stack_offset_mean,stack_stack_offsets_mean,v6_aliases_target_stack_offset_sum,mnemonic_leave,sinks_v6_size_arg_const_max,sinks_v6_size_arg_const_mean,sinks_dst_stack_offset_mean,stack_stack_offsets_max,sinks_v4_guard_mentions_dst_sum,cfg_edge_count,mnemonic_sub,v6_aliases_line_index_mean,sinks_v4_guard_mentions_size_arg_sum,v6_summary_v6_sink_without_guard_count,sink_summary_max_overflow_margin,pcode_INT_LESS,v6_summary_v6_strict_sbo_risk_score,v6_aliases_line_index_sum,stack_stack_offsets_sum,summary_branch_count,sinks_v6_size_arg_const_sum,cfg_cyclomatic,sinks_v4_guard_mentions_size_arg_max,sinks_v4_guard_mentions_src_mean,v6_summary_v6_dst_stack_sink_ratio,callgraph_callee_names_count,sinks_v6_dst_is_stack_buffer_mean,summary_call_instruction_count,sinks_v6_callsite_safe_score_nonzero,v6_summary_v6_src_external_like_count,sinks_v4_safe_score_mean,sinks_v6_dst_stack_size_known_max,v6_alias_summary_v6_stack_buffer_alias_count,sinks_v4_risk_minus_safe_nonzero,sinks_v6_dst_is_stack_buffer_nonzero,pcode_BOOL_AND,sinks_dst_stack_offset_max,sinks_v4_safe_score_nonzero,pcode_RETURN,sinks_v6_source_reaches_sink_mean,sinks_v6_size_to_dst_ratio_nonzero,sinks_v6_callsite_risk_score_mean,v4_summary_v4_stack_size_safe_count,sink_summary_unguarded_sink_count,sinks_v4_safe_score_max,v6_aliases_target_is_stack_buffer_max,v6_summary_v6_source_reaches_stack_ratio,cfg_basic_block_count,stack_stack_offsets_min,sinks_v6_callsite_risk_score_nonzero,sinks_v6_source_reaches_sink_max,sinks_v6_callsite_safe_score_mean,sinks_src_is_local_buffer_mean,sinks_v4_stack_size_safe_mean,sinks_v6_src_is_stack_buffer_mean,v6_function_role_v6_is_thunk,v6_summary_v6_source_reaches_stack_sink_count,sinks_v6_size_gt_dst_sum,sinks_v6_callsite_risk_minus_safe_mean,v6_function_role_v6_is_libc_wrapper_like,sinks_src_overflow_margin_nonzero,sinks_v4_external_source_to_stack_mean,sinks_v6_size_arg_unknown_mean,v4_summary_v4_safe_score_total,stack_stack_offset_count,sinks_is_bounded_mean,v6_summary_v6_safe_score_total,sinks_guard_mentions_src_max,pcode_INT_CARRY,sinks_src_is_local_buffer_max,sinks_v6_callsite_safe_score_max,sinks_v4_unknown_source_to_stack_mean,v4_summary_v4_strict_sbo_risk_score,pcode_INT_MULT,sinks_v6_callsite_risk_score_max,v6_summary_v6_risk_minus_safe_total,v6_summary_v6_risk_score_total,v4_summary_v4_stack_size_overflow_count,v4_summary_v4_external_source_stack_ratio,v4_summary_v4_fp_suppression_score,sinks_v6_size_gt_dst_max,v6_summary_v6_risk_minus_safe_max,sinks_v4_stack_size_overflow_mean,sinks_v4_stack_size_overflow_max,sinks_guard_mentions_src_nonzero,sinks_v4_risk_score_mean,pcode_INT_ZEXT,sinks_v6_size_gt_dst_mean,sink_summary_source_local_buffer_count,sinks_is_bounded_max,sinks_is_dangerous_max,sinks_dst_is_local_buffer_mean,sinks_v4_risk_score_nonzero,sinks_dst_is_local_buffer_max,v4_summary_v4_risk_score_total,sinks_is_bounded_sum,sinks_v4_external_source_to_stack_max,pcode_BOOL_NEGATE,sinks_dst_stack_offset_nonzero,sinks_v6_memcpy_bound_le_dst_mean,sinks_v6_size_arg_unknown_max,sinks_src_gt_dst_mean,sinks_overflow_margin_nonzero,sink_summary_src_gt_dst_count,sinks_v4_risk_minus_safe_mean,sinks_v4_risk_score_max,v6_summary_v6_fp_suppression_score,sinks_v6_size_lt_dst_mean,sinks_v6_src_is_stack_buffer_max,sinks_src_gt_dst_max,sinks_v4_risk_minus_safe_sum,v6_summary_v6_strong_guard_ratio,sinks_src_size_est_nonzero,sinks_v4_unknown_source_to_stack_sum,sinks_v6_src_is_stack_buffer_nonzero,sinks_is_dangerous_mean,sinks_v4_stack_size_safe_max,sinks_v4_risk_minus_safe_max,sinks_v4_external_source_to_stack_sum,pcode_INT_XOR,sinks_v6_size_arg_unknown_nonzero,sink_summary_dangerous_sink_count,mnemonic_pop,sinks_v6_strong_guard_mean,sinks_v4_unknown_source_to_stack_max,sinks_size_to_dst_ratio_nonzero,v6_summary_v6_size_lt_dst_count,sinks_v6_size_lt_dst_max,mnemonic_push,sinks_v6_strncpy_bound_le_dst_max,v6_summary_v6_likely_vulnerable_ratio,sinks_v6_strncpy_bound_le_dst_sum,sinks_v6_likely_vulnerable_callsite_mean,mnemonic_nop,sinks_is_len_check_max,sinks_has_len_check_before_mean,v6_function_role_v6_has_real_body,v6_summary_v6_strong_guard_count,sinks_is_len_check_mean,v4_summary_v4_likely_safe_ratio,sinks_v6_likely_vulnerable_callsite_max,sinks_v6_dst_via_alias_mean,mnemonic_jz,v6_summary_v6_likely_vulnerable_callsite_count,sinks_v6_strong_guard_max,sinks_v6_memcpy_bound_le_dst_sum,sinks_v4_likely_safe_callsite_mean,sinks_v6_dst_via_alias_nonzero,sink_summary_size_gt_dst_count,sinks_v6_snprintf_size_le_dst_mean,sinks_has_len_check_before_max,sinks_v4_likely_safe_callsite_sum,mnemonic_movaps,v6_loop_summary_v6_loop_bound_const_count,mnemonic_and,v4_summary_v4_direct_stack_sink_ratio,sinks_v4_likely_safe_callsite_max,sinks_v6_memcpy_bound_le_dst_max,sinks_v6_snprintf_size_le_dst_sum,sinks_v6_dst_via_alias_max,mnemonic_xor,sinks_v4_direct_stack_sink_max,summary_conditional_branch_count,v4_summary_v4_likely_vulnerable_ratio,sinks_v6_safe_proof_mean,sinks_has_len_check_before_sum,mnemonic_pxor,pcode_INT_SEXT,sinks_size_gt_dst_mean,v4_summary_v4_direct_stack_sink_count,sinks_v4_guard_uses_strlen_src_sum,sinks_v4_direct_stack_sink_mean,sinks_v4_guard_uses_strlen_src_mean,sinks_size_gt_dst_max,sinks_v4_likely_vulnerable_callsite_mean,summary_compare_count,pcode_BOOL_OR,sinks_v6_safe_proof_nonzero,sinks_v6_size_eq_dst_max,sinks_v4_likely_vulnerable_callsite_max
sbo_rich_v6_context_java,O0_nocanary_nopie_CWE121_Stack_Based_Buffer_Overflow__src_wchar_t_declare_cat_42__O0_nocanary_nopie,O0_nocanary_nopie_CWE121_Stack_Based_Buffer_Overflow__src_wchar_t_declare_cat_42__O0_nocanary_nopie.json,O0_nocanary_nopie_CWE121_Stack_Based_Buffer_Overflow__src_wchar_t_declare_cat_42__O0_nocanary_nopie,CWE121_Stack_Based_Buffer_Overflow__src_wchar_t_declare_cat_42,O0_nocanary_nopie,goodG2B,goodG2B,0x4013a4,0,bin_func_entry,0.0,0.0,460.0,230.0,0.0,408.0,208.0,616.0,1,0.0,0.0,63.0,0.0,308.0,208.0,408.0,208.0,208.0,34.0,60.0,60.0,35.0,39.0,-528.0,60.0,35.0,45.0,-1056.0,31.0,0.0,208.0,,5.0,-424.0,,2.5,2.0,-208.0,,-208.0,208.0,0.0,31.0,,4.0,0.0,208.0,0.0,1.0,2.0,0.0,1.0,1.5,0.0,5.0,-208.0,1.0,-632.0,1.0,1.0,1.0,1.0,1.0,-208.0,2.0,1.0,-208.0,0.0,1.0,2.0,0.0,1.5,1.0,-208.0,1.5,0.0,,0.0,5.0,1.0,,,,1.0,0.0,0.0,-632.0,,1.0,3.0,1.0,,0.0,1.0,0.0,1.0,23.5,,,0.0,0.0,4.0,0.0,0.0,0.5,3,1.0,3.0,0.0,1.0,0.0,1.0,0.0,1.0,1.0,,-632.0,0.0,1.0,1.0,0.0,17.0,0.0,1.0,0.0,,0.5,1.0,,1.0,1.0,0.0,0.0,0.0,0.0,0.0,1.0,0.0,17.0,0.0,1.0,1.0,1.0,0.0,0.0,0.0,0.0,0.0,,0.0,0.0,0.0,20.0,,17.0,17.0,17.0,0.0,0.5,-2.0,0.0,17.0,0.0,0.0,0.0,15.0,,0.0,0.0,0.0,1.0,1.0,1.0,1.0,15.0,0.0,1.0,,1.0,0.0,1.0,0.0,1.0,0.0,15.0,15.0,-1.0,0.0,0.0,0.0,15.0,0.0,0.0,0.0,0.0,1.0,0.0,15.0,1.0,,1.0,1.0,,0.0,0.0,0.0,0.0,0.0,1.0,0.0,0.5,0.0,1.0,1.0,0.0,0.0,1.0,0.0,0.0,0.0,1.0,0.0,,1.0,0.0,0.0,0.0,0.0,0.0,0.0,0.0,0.0,,0.0,,0.5,0.0,0.0,0.0,0.0,,1.0,0.0,0.5,0.0,0.0,,,0.0,1.0,0.0,1.0,0.0,0.0,1.0,0.0,,0.0,0.0,1.0
sbo_rich_v6_context_java,O2_nocanary_nopie_CWE121_Stack_Based_Buffer_Overflow__CWE805_wchar_t_declare_memmove_51a__O2_nocanary_nopie,O2_nocanary_nopie_CWE121_Stack_Based_Buffer_Overflow__CWE805_wchar_t_declare_memmove_51a__O2_nocanary_nopie.json,O2_nocanary_nopie_CWE121_Stack_Based_Buffer_Overflow__CWE805_wchar_t_declare_memmove_51a__O2_nocanary_nopie,CWE121_Stack_Based_Buffer_Overflow__CWE805_wchar_t_declare_memmove_51a,O2_nocanary_nopie,goodG2B,goodG2B,0x401250,0,bin_func_entry,0.0,,102.0,102.0,,102.0,,102.0,0,,,9.0,,102.0,102.0,102.0,,,2.0,,,4.0,2.0,-408.0,,2.0,6.0,-408.0,2.0,0.0,,,1.0,-408.0,,1.0,1.0,,,,,,2.0,,1.0,0.0,,,,0.0,,,,0.0,1.0,,0.0,,,,,,,,4.0,,,,,4.0,,0.0,,,,,,,2.0,,,,,,,,,,,1.0,1.0,,,0.0,0.0,1.0,0.0,,,0.0,,2.0,,,0.0,1,,1.0,,0.0,,,0.0,,,,,,1.0,,,,0.0,0.0,,,0.0,1.0,,,,,,,,0.0,0.0,,,0.0,,,,0.0,0.0,,0.0,,1.0,,,,0.0,,,0.0,0.0,0.0,0.0,0.0,,0.0,,,,,,,0.0,,,,,,0.0,,,,,,,,,0.0,,,0.0,,,,,0.0,,,,,,,,,,0.0,,,,,0.0,,,,0.0,,,,,,1.0,0.0,,0.0,,,,0.0,,,,,0.0,,,,,0.0,,0.0,,,,,,,0.0,0.0,,,,,,0.0,,,,,,0.0,,,,
sbo_rich_v6_context_java,O2_nocanary_nopie_CWE121_Stack_Based_Buffer_Overflow__src_char_alloca_cat_67a__O2_nocanary_nopie,O2_nocanary_nopie_CWE121_Stack_Based_Buffer_Overflow__src_char_alloca_cat_67a__O2_nocanary_nopie.json,O2_nocanary_nopie_CWE121_Stack_Based_Buffer_Overflow__src_char_alloca_cat_67a__O2_nocanary_nopie,CWE121_Stack_Based_Buffer_Overflow__src_char_alloca_cat_67a,O2_nocanary_nopie,goodG2B,goodG2B,0x401230,0,bin_func_entry,49.0,49.0,49.0,49.0,49.0,49.0,49.0,49.0,1,1.0,1.0,11.0,1.0,49.0,49.0,49.0,49.0,49.0,5.0,7.0,7.0,5.0,13.0,-128.0,7.0,7.0,16.0,-128.0,2.0,0.0,49.0,,3.0,-128.0,,1.0,1.0,0.0,,0.0,49.0,0.0,5.0,,1.0,1.0,49.0,1.0,1.0,1.0,1.0,1.0,1.5,1.0,1.0,-49.0,1.0,-128.0,1.0,1.0,1.0,1.0,1.0,-49.0,5.0,1.0,-49.0,1.0,1.0,4.0,0.0,1.5,1.0,0.0,1.5,0.0,,1.0,5.0,1.0,,15.0,,1.0,1.0,1.0,-128.0,15.0,1.0,2.0,1.0,,0.0,1.0,0.0,1.0,7.5,,15.0,0.0,1.0,3.0,0.0,0.0,0.5,2,1.0,2.0,1.0,1.0,2.0,1.0,0.0,0.0,1.0,,-128.0,1.0,1.0,1.0,1.0,4.0,1.0,0.0,2.0,,0.5,1.0,15.0,1.0,1.0,2.0,0.0,1.0,0.0,0.0,1.0,0.0,2.0,1.0,1.0,1.0,0.0,2.0,1.0,0.0,2.0,0.0,,0.0,2.0,1.0,2.0,,4.0,2.0,4.0,0.0,0.5,2.0,0.0,2.0,0.0,0.0,0.0,2.0,,0.0,0.0,0.0,0.0,1.0,1.0,1.0,2.0,0.0,1.0,,1.0,0.0,0.0,0.0,0.0,0.0,0.0,2.0,1.0,0.0,0.0,0.0,0.0,0.0,0.0,1.0,0.0,0.0,1.0,0.0,1.0,,0.0,0.0,,0.0,1.0,1.0,0.0,0.0,2.0,0.0,0.0,0.0,0.0,,0.0,0.0,0.0,0.0,0.0,0.0,0.0,0.0,,0.0,0.0,0.0,0.0,0.0,0.0,0.0,0.0,0.0,,0.0,1.0,0.0,0.0,0.0,0.0,0.0,,0.0,0.0,0.0,0.0,0.0,,,0.0,0.0,0.0,0.0,0.0,0.0,0.0,0.0,,0.0,1.0,0.0
sbo_rich_v6_context_java,O2_nocanary_nopie_CWE121_Stack_Based_Buffer_Overflow__CWE805_wchar_t_declare_ncat_67a__O2_nocanary_nopie,O2_nocanary_nopie_CWE121_Stack_Based_Buffer_Overflow__CWE805_wchar_t_declare_ncat_67a__O2_nocanary_nopie.json,O2_nocanary_nopie_CWE121_Stack_Based_Buffer_Overflow__CWE805_wchar_t_declare_ncat_67a__O2_nocanary_nopie,CWE121_Stack_Based_Buffer_Overflow__CWE805_wchar_t_declare_ncat_67a,O2_nocanary_nopie,CWE121_Stack_Based_Buffer_Overflow__CWE805_wchar_t_declare_ncat_67b_badSink,CWE121_Stack_Based_Buffer_Overflow__CWE805_wchar_t_declare_ncat_67b_badSink,0x4012a0,1,bin_func_entry,100.0,199.0,99.0,99.0,99.5,99.0,396.0,396.0,2,0.25,0.25,12.0,0.125,396.0,396.0,396.0,396.0,198.0,4.0,8.0,16.0,5.0,12.0,-408.0,9.0,9.0,17.0,-408.0,3.0,0.0,396.0,,2.0,-408.0,,4.0,1.0,-297.0,,-148.5,198.0,0.5,5.0,,4.0,0.25,396.0,0.25,1.0,0.0,0.125,1.0,2.75,1.0,4.0,-198.0,2.0,-408.0,1.0,1.0,2.0,0.5,1.0,-396.0,4.0,1.0,0.0,0.5,1.0,4.0,198.0,3.0,2.0,0.0,5.5,396.0,,1.0,5.0,1.0,,396.0,,,1.0,1.0,-408.0,396.0,2.0,3.0,1.0,,1.0,2.0,0.0,1.0,9.0,,396.0,0.0,2.0,4.0,1.0,0.5,0.3333333333333333,3,0.5,3.0,1.0,1.0,1.0,1.0,0.0,0.0,1.0,,-408.0,1.0,1.0,0.5,1.0,2.0,1.0,1.0,2.0,,0.3333333333333333,1.0,396.0,1.0,1.0,1.0,0.5,0.5,0.5,0.0,1.0,0.0,1.0,1.0,1.0,0.5,0.0,2.0,1.0,0.5,2.0,1.0,1.0,1.0,2.0,0.5,2.0,,4.0,2.0,4.0,0.0,0.3333333333333333,2.0,0.0,2.0,0.0,0.0,1.0,1.0,,0.0,1.0,1.0,0.0,0.5,1.0,1.0,2.0,1.0,1.0,,1.0,0.0,0.0,0.0,1.0,0.0,0.0,2.0,0.0,0.5,1.0,0.0,0.0,0.0,1.0,1.0,1.0,0.0,1.0,0.0,1.0,,0.0,0.0,1.0,0.0,1.0,1.0,1.0,1.0,1.0,0.0,0.0,0.0,0.0,,0.0,0.0,0.0,0.0,0.0,0.0,0.0,0.0,,0.0,0.0,0.0,0.0,0.0,0.0,0.0,0.0,0.0,,0.0,,0.0,0.0,0.0,0.0,0.0,,0.0,0.0,0.0,0.0,0.0,,,0.0,0.0,0.0,0.0,0.0,0.0,0.0,0.0,,0.0,0.0,0.0
sbo_rich_v6_context_java,O2_nocanary_nopie_CWE121_Stack_Based_Buffer_Overflow__CWE805_char_declare_ncat_66a__O2_nocanary_nopie,O2_nocanary_nopie_CWE121_Stack_Based_Buffer_Overflow__CWE805_char_declare_ncat_66a__O2_nocanary_nopie.json,O2_nocanary_nopie_CWE121_Stack_Based_Buffer_Overflow__CWE805_char_declare_ncat_66a__O2_nocanary_nopie,CWE121_Stack_Based_Buffer_Overflow__CWE805_char_declare_ncat_66a,O2_nocanary_nopie,CWE121_Stack_Based_Buffer_Overflow__CWE805_char_declare_ncat_66b_badSink,CWE121_Stack_Based_Buffer_Overflow__CWE805_char_declare_ncat_66b_badSink,0x4012b0,1,bin_func_entry,100.0,199.0,99.0,99.0,99.5,99.0,99.0,99.0,2,1.0,1.0,14.0,0.5,99.0,99.0,99.0,99.0,49.5,5.0,10.0,20.0,5.0,12.0,-120.0,11.0,9.0,17.0,-120.0,3.0,0.0,99.0,,3.0,-120.0,,1.0,1.0,0.0,,0.0,49.5,0.5,5.0,,1.0,1.0,99.0,1.0,1.0,0.0,0.5,1.0,2.75,1.0,1.0,-49.5,2.0,-120.0,1.0,1.0,2.0,0.5,1.0,-99.0,4.0,1.0,0.0,0.5,1.0,4.0,49.5,3.0,2.0,0.0,5.5,99.0,,1.0,5.0,1.0,,99.0,,,1.0,1.0,-120.0,99.0,2.0,3.0,1.0,,1.0,2.0,0.0,1.0,9.0,,99.0,0.0,2.0,4.0,1.0,0.5,0.3333333333333333,3,0.5,3.0,1.0,1.0,1.0,1.0,0.0,0.0,1.0,,-120.0,1.0,1.0,0.5,1.0,2.0,1.0,1.0,2.0,,0.3333333333333333,1.0,99.0,1.0,1.0,1.0,0.5,0.5,0.5,0.0,1.0,0.0,1.0,0.0,1.0,0.5,0.0,2.0,1.0,0.5,2.0,1.0,1.0,1.0,2.0,0.5,2.0,,4.0,2.0,4.0,0.0,0.3333333333333333,2.0,0.0,2.0,0.0,0.0,1.0,1.0,,0.0,1.0,1.0,0.0,0.5,1.0,1.0,2.0,1.0,1.0,,1.0,0.0,0.0,0.0,0.0,0.0,0.0,2.0,0.0,0.0,1.0,0.0,0.0,0.0,1.0,1.0,1.0,0.0,1.0,0.0,1.0,,0.0,0.0,1.0,0.0,1.0,1.0,0.0,0.0,1.0,0.0,0.0,0.0,0.0,,0.0,0.0,1.0,0.0,0.0,0.0,0.0,0.0,,0.0,0.0,0.0,0.0,0.0,0.0,0.0,0.0,0.0,,0.0,,0.0,0.0,0.0,0.0,0.0,,0.0,0.0,0.0,0.0,0.0,,,0.0,0.0,0.0,0.0,0.0,0.0,0.0,0.0,,0.0,1.0,0.0
sbo_rich_v6_context_java,O0_nocanary_nopie_CWE121_Stack_Based_Buffer_Overflow__CWE805_wchar_t_declare_memmove_12__O0_nocanary_nopie,O0_nocanary_nopie_CWE121_Stack_Based_Buffer_Overflow__CWE805_wchar_t_declare_memmove_12__O0_nocanary_nopie.json,O0_nocanary_nopie_CWE121_Stack_Based_Buffer_Overflow__CWE805_wchar_t_declare_memmove_12__O0_nocanary_nopie,CWE121_Stack_Based_Buffer_Overflow__CWE805_wchar_t_declare_memmove_12,O0_nocanary_nopie,goodG2B,goodG2B,0x401273,0,bin_func_entry,400.0,499.0,249.0,124.5,249.5,150.0,546.0,546.0,1,2.6666666666666665,2.9166666666666665,18.0,1.4583333333333333,273.0,150.0,396.0,396.0,273.0,15.0,13.0,26.0,15.0,27.0,-816.0,14.0,19.0,36.0,-1632.0,9.0,150.0,396.0,1.0,7.0,-616.0,150.0,2.5,2.0,-297.0,150.0,-148.5,198.0,0.5,11.0,1.0,4.0,0.25,396.0,0.25,1.0,4.0,0.125,1.0,2.75,1.0,5.0,-198.0,2.0,-1016.0,1.0,1.0,2.0,0.5,1.0,-396.0,7.0,2.0,0.0,0.5,1.0,6.0,198.0,3.0,2.0,0.0,5.5,396.0,-616.0,1.0,6.0,1.0,-616.0,,-616.0,1.0,1.0,1.0,-1016.0,,2.0,8.0,1.0,11.0,1.0,2.0,0.0,1.0,26.0,11.0,,2.0,2.0,6.0,1.0,0.5,0.6666666666666666,4,1.0,4.0,1.0,1.0,1.75,1.0,1.0,1.0,2.0,,-1016.0,2.0,1.0,0.5,2.0,7.0,1.0,1.0,2.0,1.0,0.3333333333333333,4.0,,2.0,1.0,1.0,0.5,0.5,0.5,0.0,1.0,1.0,6.0,0.0,1.0,0.5,0.0,3.5,0.0,0.5,2.0,1.0,1.0,1.0,2.0,0.5,2.0,,10.0,12.0,14.0,0.0,0.3333333333333333,3.5,1.0,10.0,0.0,0.0,1.0,1.0,,0.5,1.0,1.0,1.0,0.5,1.0,1.0,2.0,1.0,1.0,,1.0,0.0,0.0,0.0,1.0,0.0,-0.75,2.0,-3.0,0.5,1.0,0.0,-1.5,0.0,1.0,1.0,1.0,0.5,1.0,0.0,1.0,,0.0,1.0,,0.0,1.0,1.0,1.0,1.0,1.0,0.0,0.3333333333333333,0.0,0.5,1.0,0.0,0.0,1.0,0.0,0.0,0.0,1.0,0.5,1.0,1.0,0.0,0.0,0.0,1.0,0.0,0.0,0.0,0.0,,0.0,,0.0,0.0,0.0,0.0,1.0,,0.0,1.0,0.0,0.0,0.0,,,0.0,0.0,0.0,0.0,0.0,0.0,0.0,1.0,,0.0,0.0,0.0
sbo_rich_v6_context_java,O0_nocanary_nopie_CWE121_Stack_Based_Buffer_Overflow__CWE805_char_declare_ncat_11__O0_nocanary_nopie,O0_nocanary_nopie_CWE121_Stack_Based_Buffer_Overflow__CWE805_char_declare_ncat_11__O0_nocanary_nopie.json,O0_nocanary_nopie_CWE121_Stack_Based_Buffer_Overflow__CWE805_char_declare_ncat_11__O0_nocanary_nopie,CWE121_Stack_Based_Buffer_Overflow__CWE805_char_declare_ncat_11,O0_nocanary_nopie,CWE121_Stack_Based_Buffer_Overflow__CWE805_char_declare_ncat_11_bad,CWE121_Stack_Based_Buffer_Overflow__CWE805_char_declare_ncat_11_bad,0x4011d6,1,bin_func_entry,100.0,199.0,155.0,77.5,99.5,99.0,155.0,155.0,1,1.7857142857142858,2.7857142857142856,20.0,1.3928571428571428,77.5,56.0,99.0,99.0,77.5,10.0,16.0,32.0,11.0,21.0,-184.0,17.0,14.0,28.0,-368.0,6.0,56.0,99.0,,5.0,-72.0,56.0,1.0,2.0,0.0,56.0,0.0,49.5,0.0,8.0,,1.0,1.0,99.0,1.0,0.0,3.0,0.5,1.0,3.5,1.0,2.0,-49.5,2.0,-296.0,0.0,0.5,2.0,0.5,1.0,-99.0,5.0,2.0,0.0,0.5,1.0,4.0,49.5,5.0,1.0,0.0,7.0,99.0,-72.0,1.0,6.0,0.5,-72.0,,-72.0,1.0,1.0,1.0,-296.0,,1.0,7.0,1.0,12.0,0.0,0.0,0.0,1.0,11.0,12.0,,1.0,2.0,6.0,0.0,0.5,0.6666666666666666,4,1.0,4.0,2.0,1.0,3.0,1.0,1.0,1.0,2.0,,-296.0,2.0,1.0,0.5,2.0,4.5,1.0,0.0,4.0,1.0,0.3333333333333333,3.0,,2.0,1.0,4.0,0.5,0.5,0.5,0.0,1.0,1.0,0.5,0.0,1.0,0.5,0.0,6.0,0.0,0.5,8.0,1.0,,1.0,6.0,0.5,2.0,,5.0,1.0,9.0,0.0,0.3333333333333333,8.0,1.0,2.0,0.0,0.0,1.0,1.0,,0.5,1.0,1.0,0.0,0.5,1.0,1.0,2.0,1.0,1.0,,1.0,0.0,0.0,0.0,0.0,0.0,-2.0,2.0,10.0,0.0,1.0,0.0,-4.0,0.3333333333333333,1.0,1.0,1.0,0.0,1.0,0.0,1.0,,0.0,0.0,,0.5,1.0,1.0,0.0,0.0,1.0,0.0,0.0,0.0,0.0,1.0,0.0,0.0,1.0,1.0,0.0,0.3333333333333333,0.0,0.5,1.0,0.0,1.0,0.0,0.5,1.0,0.0,0.0,0.0,1.0,,0.0,,0.0,1.0,0.0,0.0,1.0,,0.0,1.0,0.0,0.5,0.0,,,0.0,0.0,0.0,0.0,0.0,0.0,0.0,1.0,,1.0,1.0,0.0
sbo_rich_v6_context_java,O2_nocanary_nopie_CWE121_Stack_Based_Buffer_Overflow__CWE805_wchar_t_alloca_memcpy_07__O2_nocanary_nopie,O2_nocanary_nopie_CWE121_Stack_Based_Buffer_Overflow__CWE805_wchar_t_alloca_memcpy_07__O2_nocanary_nopie.json,O2_nocanary_nopie_CWE121_Stack_Based_Buffer_Overflow__CWE805_wchar_t_alloca_memcpy_07__O2_nocanary_nopie,CWE121_Stack_Based_Buffer_Overflow__CWE805_wchar_t_alloca_memcpy_07,O2_nocanary_nopie,CWE121_Stack_Based_Buffer_Overflow__CWE805_wchar_t_alloca_memcpy_07_bad,CWE121_Stack_Based_Buffer_Overflow__CWE805_wchar_t_alloca_memcpy_07_bad,0x401310,1,bin_func_entry,400.0,499.0,99.0,49.5,249.5,50.0,246.0,246.0,1,8.0,8.505102040816327,16.0,4.252551020408164,123.0,50.0,196.0,196.0,123.0,8.0,11.0,22.0,8.0,18.0,-524.0,12.0,10.0,22.0,-1048.0,3.0,0.0,246.0,,3.0,-424.0,,2.5,2.0,253.0,,126.5,123.0,0.0,8.0,,4.0,8.0,196.0,8.505102040816327,1.0,3.0,4.252551020408164,1.0,2.25,1.0,5.0,-25.0,2.0,-1048.0,1.0,1.0,2.0,0.5,1.0,-50.0,5.0,2.0,146.0,0.5,1.0,4.0,98.0,3.0,2.0,350.0,4.5,196.0,,1.0,6.0,1.0,,15.0,,1.0,1.0,1.0,-524.0,15.0,2.0,3.0,1.0,,0.0,2.0,350.0,1.0,26.0,,15.0,0.0,2.0,4.0,0.0,0.5,0.6666666666666666,3,1.0,3.0,1.0,1.0,1.5,1.0,0.0,1.0,2.0,,-424.0,2.0,1.0,0.5,2.0,7.0,1.0,1.0,2.0,,0.3333333333333333,1.0,15.0,2.0,1.0,1.0,0.5,0.5,0.5,0.0,1.0,1.0,6.0,0.0,2.0,0.5,0.0,3.0,1.0,0.5,2.0,1.0,,1.0,2.0,0.5,22.0,,10.0,12.0,14.0,1.0,0.3333333333333333,1.0,1.0,10.0,0.5,1.0,1.0,7.5,,0.5,1.0,1.0,1.0,1.0,2.0,1.0,15.0,1.0,1.0,,2.0,0.0,0.0,0.5,2.0,1.0,6.0,13.0,-3.0,0.5,1.0,1.0,12.0,0.0,1.0,1.0,1.0,0.5,1.0,12.0,1.0,,0.0,1.0,,0.0,1.0,2.0,1.0,1.0,2.0,0.0,0.3333333333333333,0.0,0.5,,0.0,0.0,1.0,0.0,0.0,0.0,1.0,0.0,,1.0,0.0,0.0,0.0,0.0,1.0,0.0,0.0,0.0,,0.0,1.0,0.3333333333333333,0.0,0.0,0.0,0.0,,1.0,0.0,0.3333333333333333,0.0,0.0,,,0.5,1.0,0.0,0.5,0.0,1.0,0.5,0.0,,0.0,0.0,1.0
sbo_rich_v6_context_java,O2_nocanary_nopie_CWE121_Stack_Based_Buffer_Overflow__CWE193_char_declare_cpy_15__O2_nocanary_nopie,O2_nocanary_nopie_CWE121_Stack_Based_Buffer_Overflow__CWE193_char_declare_cpy_15__O2_nocanary_nopie.json,O2_nocanary_nopie_CWE121_Stack_Based_Buffer_Overflow__CWE193_char_declare_cpy_15__O2_nocanary_nopie,CWE121_Stack_Based_Buffer_Overflow__CWE193_char_declare_cpy_15,O2_nocanary_nopie,CWE121_Stack_Based_Buffer_Overflow__CWE193_char_declare_cpy_15_good,CWE121_Stack_Based_Buffer_Overflow__CWE193_char_declare_cpy_15_good,0x4012a0,0,bin_func_entry,0.0,0.0,22.0,11.0,0.0,11.0,22.0,22.0,0,0.0,0.0,16.0,0.0,11.0,11.0,11.0,11.0,11.0,15.0,11.0,22.0,14.0,16.0,-24.5,13.0,7.0,22.0,-49.0,6.0,0.0,22.0,,2.0,-19.0,,1.0,2.0,-22.0,,-11.0,11.0,0.0,11.0,,1.0,0.0,11.0,0.0,1.0,6.0,0.0,1.0,3.0,0.0,2.0,0.0,2.0,-60.0,1.0,1.0,2.0,0.0,0.0,0.0,4.0,2.0,0.0,0.0,1.0,4.0,11.0,3.0,2.0,-11.0,6.0,11.0,,0.0,6.0,1.0,,19.666666666666668,,,0.0,0.0,-30.0,28.0,2.0,4.0,1.0,,0.0,2.0,0.0,1.0,35.0,,59.0,0.0,0.0,5.0,0.0,1.0,0.6666666666666666,2,1.0,4.0,0.0,0.0,0.0,1.0,0.0,2.0,2.0,,-30.0,0.0,1.0,0.0,0.0,13.0,2.0,2.0,0.0,,0.0,1.0,10.0,2.0,0.0,0.0,1.0,1.0,1.0,0.0,0.0,0.0,13.0,0.0,0.0,0.0,1.0,0.0,3.0,0.0,0.0,1.0,1.0,1.0,0.0,0.0,36.0,,13.0,26.0,26.0,0.0,0.0,-4.0,0.0,13.0,0.0,0.0,2.0,13.0,,0.0,2.0,0.0,1.0,1.0,2.0,1.0,26.0,0.0,0.0,,2.0,0.0,1.0,0.0,2.0,0.0,13.0,13.0,-2.0,0.0,1.0,0.0,26.0,0.0,2.0,0.0,2.0,1.0,1.0,13.0,0.0,,2.0,2.0,1.0,0.0,0.0,0.0,0.0,0.0,1.0,0.0,0.6666666666666666,0.0,1.0,,0.0,0.0,1.0,0.0,0.0,0.0,1.0,0.0,,2.0,0.0,0.0,0.0,0.0,0.0,0.0,0.0,0.0,,0.0,,0.6666666666666666,0.0,0.0,0.0,0.0,,1.0,0.0,0.6666666666666666,0.0,0.0,,,0.0,2.0,0.0,1.0,0.0,0.0,1.0,0.0,,0.0,0.0,1.0
sbo_rich_v6_context_java,O0_canary_nopie_CWE121_Stack_Based_Buffer_Overflow__src_wchar_t_declare_cat_10__O0_canary_nopie,O0_canary_nopie_CWE121_Stack_Based_Buffer_Overflow__src_wchar_t_declare_cat_10__O0_canary_nopie.json,O0_canary_nopie_CWE121_Stack_Based_Buffer_Overflow__src_wchar_t_declare_cat_10__O0_canary_nopie,CWE121_Stack_Based_Buffer_Overflow__src_wchar_t_declare_cat_10,O0_canary_nopie,CWE121_Stack_Based_Buffer_Overflow__src_wchar_t_declare_cat_10_bad,CWE121_Stack_Based_Buffer_Overflow__src_wchar_t_declare_cat_10_bad,0x4011e6,1,bin_func_entry,99.0,99.0,151.0,75.5,49.5,99.0,604.0,604.0,1,0.25,0.25,72.0,0.125,302.0,208.0,396.0,396.0,302.0,39.0,38.5,77.0,37.0,50.0,-528.0,65.0,42.0,59.0,-1056.0,33.0,0.0,604.0,,11.0,-424.0,,4.0,2.0,-505.0,,-252.5,302.0,0.5,33.0,,4.0,0.25,396.0,0.25,0.5,2.0,0.125,1.0,3.0,1.0,8.0,-104.0,2.0,-1056.0,1.0,1.0,2.0,0.5,1.0,-208.0,11.0,2.0,188.0,0.5,1.0,10.0,198.0,4.5,2.0,-208.0,6.0,396.0,,1.0,7.0,1.0,,,,1.0,1.0,0.5,-528.0,,2.0,9.0,2.0,,1.0,1.0,0.0,2.0,17.5,,,2.0,1.0,6.0,1.0,0.0,0.6666666666666666,4,1.0,4.0,1.0,1.0,2.5,1.0,0.0,2.0,2.0,,-424.0,1.0,1.0,0.5,1.0,7.5,1.0,1.0,5.0,,0.3333333333333333,5.0,,2.0,1.0,4.0,0.5,0.5,0.5,0.0,1.0,0.0,3.5,0.0,2.0,0.5,0.5,5.0,0.0,0.0,8.0,0.0,1.0,1.0,8.0,0.5,27.0,,13.0,7.0,15.0,1.0,0.3333333333333333,2.0,0.0,13.0,0.5,1.0,0.0,9.0,2.0,0.0,1.0,0.0,1.0,1.0,2.0,1.0,18.0,0.0,1.0,,2.0,0.0,1.0,0.5,2.0,1.0,6.5,16.0,12.0,0.5,1.0,1.0,13.0,0.3333333333333333,1.0,1.0,1.0,0.5,1.0,16.0,1.0,1.0,1.0,1.0,,0.5,1.0,1.0,1.0,1.0,1.0,0.0,0.3333333333333333,0.0,0.5,1.0,0.0,0.0,1.0,1.0,0.0,0.3333333333333333,1.0,0.0,2.0,1.0,1.0,0.0,0.5,0.0,0.0,0.0,0.0,1.0,,0.0,,0.3333333333333333,1.0,0.0,0.0,0.0,1.0,1.0,2.0,0.3333333333333333,0.5,0.0,,,0.0,1.0,0.0,0.5,0.0,0.0,0.5,1.0,,1.0,0.0,1.0
sbo_rich_v6_context_java,O0_canary_nopie_CWE121_Stack_Based_Buffer_Overflow__CWE805_wchar_t_declare_loop_18__O0_canary_nopie,O0_canary_nopie_CWE121_Stack_Based_Buffer_Overflow__CWE805_wchar_t_declare_loop_18__O0_canary_nopie.json,O0_canary_nopie_CWE121_Stack_Based_Buffer_Overflow__CWE805_wchar_t_declare_loop_18__O0_canary_nopie,CWE121_Stack_Based_Buffer_Overflow__CWE805_wchar_t_declare_loop_18,O0_canary_nopie,goodG2B,goodG2B,0x4012ad,0,bin_func_entry,99.0,99.0,201.0,100.5,99.0,102.0,408.0,804.0,1,0.2426470588235294,0.2426470588235294,25.0,0.2426470588235294,402.0,396.0,408.0,408.0,408.0,24.0,13.0,13.0,19.0,29.0,-624.0,13.0,21.0,42.0,-1248.0,13.0,0.0,408.0,1.0,21.0,-424.0,,4.0,2.0,-309.0,,-309.0,408.0,1.0,12.0,1.0,4.0,0.2426470588235294,408.0,0.2426470588235294,1.0,3.0,0.2426470588235294,1.0,2.5,1.0,8.0,-408.0,1.0,-424.0,1.0,1.0,1.0,1.0,1.0,-408.0,14.0,1.0,-408.0,1.0,1.0,14.0,0.0,2.5,1.0,-309.0,2.5,0.0,,1.0,7.0,1.0,,,,1.0,1.0,1.0,-424.0,,1.0,9.0,2.0,,1.0,1.0,0.0,3.0,7.5,,,3.0,1.0,5.0,1.0,0.0,0.5,3,1.0,3.0,1.0,1.0,2.0,1.0,0.0,0.0,1.0,,-424.0,1.0,1.0,1.0,1.0,4.0,1.0,0.0,2.0,,0.5,6.0,,1.0,1.0,2.0,0.0,1.0,0.0,0.0,1.0,0.0,2.0,0.0,1.0,1.0,0.0,2.0,0.0,0.0,2.0,0.0,3.0,0.0,2.0,1.0,2.0,2.0,4.0,2.0,4.0,0.0,0.5,2.0,0.0,2.0,0.0,0.0,0.0,2.0,2.0,0.0,0.0,0.0,0.0,1.0,1.0,1.0,2.0,0.0,1.0,,1.0,0.0,0.0,0.0,1.0,0.0,0.0,2.0,1.0,1.0,0.0,0.0,0.0,0.0,0.0,1.0,0.0,0.0,1.0,0.0,1.0,1.0,0.0,0.0,,0.0,1.0,1.0,1.0,1.0,1.0,0.0,0.0,0.0,0.0,2.0,0.0,0.0,1.0,0.0,0.0,0.0,0.0,0.0,1.0,0.0,0.0,0.0,0.0,0.0,0.0,0.0,0.0,0.0,,1.0,,0.0,0.0,0.0,0.0,0.0,1.0,0.0,2.0,0.0,0.0,0.0,,,0.0,0.0,0.0,0.0,0.0,0.0,0.0,1.0,1.0,0.0,0.0,0.0
sbo_rich_v6_context_java,O0_nocanary_nopie_CWE121_Stack_Based_Buffer_Overflow__CWE193_wchar_t_alloca_cpy_15__O0_nocanary_nopie,O0_nocanary_nopie_CWE121_Stack_Based_Buffer_Overflow__CWE193_wchar_t_alloca_cpy_15__O0_nocanary_nopie.json,O0_nocanary_nopie_CWE121_Stack_Based_Buffer_Overflow__CWE193_wchar_t_alloca_cpy_15__O0_nocanary_nopie,CWE121_Stack_Based_Buffer_Overflow__CWE193_wchar_t_alloca_cpy_15,O0_nocanary_nopie,goodG2B1,goodG2B1,0x40129f,0,bin_func_entry,0.0,0.0,70.0,23.33333333333333,0.0,40.0,64.0,160.0,1,0.0,0.0,19.0,0.0,53.333333333333336,40.0,64.0,64.0,64.0,20.0,16.0,16.0,21.0,39.0,-136.0,16.0,30.0,55.0,-408.0,16.0,64.0,0.0,,6.0,-88.0,52.0,3.0,3.0,0.0,104.0,0.0,0.0,0.0,13.0,,4.0,0.0,0.0,0.0,1.0,1.0,0.0,1.0,3.0,0.0,9.0,0.0,1.0,,1.0,1.0,1.0,0.0,0.0,0.0,72.0,1.0,0.0,0.0,1.0,30.0,56.0,3.0,1.0,0.0,3.0,56.0,-128.0,0.0,12.0,1.0,-160.0,,-320.0,1.0,0.0,0.0,,,1.0,2.0,5.0,11.5,0.0,1.0,0.0,5.0,17.5,23.0,,0.0,0.0,3.0,0.0,1.0,0.5,2,1.0,2.0,0.0,0.0,1.5,1.0,2.0,1.0,1.0,,,1.0,1.0,0.0,0.0,13.0,0.0,1.0,1.5,1.0,0.0,1.0,,1.0,0.0,0.0,1.0,0.0,1.0,0.0,0.0,0.0,13.0,0.0,0.0,0.0,1.0,1.5,0.0,0.0,0.0,1.0,4.0,1.0,0.0,0.0,0.0,4.0,13.0,13.0,13.0,0.0,0.0,1.5,0.0,13.0,0.0,0.0,1.0,0.0,6.0,0.0,1.0,0.0,1.0,0.0,0.0,0.0,0.0,0.0,0.0,20.0,,0.0,1.0,0.0,0.0,0.0,-1.5,0.0,-1.0,0.0,1.0,0.0,-1.5,0.0,1.0,0.0,1.0,1.0,0.0,-1.5,0.0,2.0,1.0,1.0,,0.0,0.0,0.0,0.0,0.0,1.0,0.0,0.5,0.0,1.0,2.0,0.0,0.0,1.0,0.0,0.0,0.0,1.0,1.0,,1.0,0.0,0.0,0.0,1.0,0.0,0.0,0.0,0.0,,0.0,,0.0,0.0,0.0,0.0,1.0,,0.0,0.0,0.0,0.0,0.0,,6.0,0.0,0.0,0.0,0.0,0.0,0.0,0.0,0.0,,0.0,0.0,0.0
sbo_rich_v6_context_java,O0_canary_nopie_CWE121_Stack_Based_Buffer_Overflow__wchar_t_type_overrun_memcpy_14__O0_canary_nopie,O0_canary_nopie_CWE121_Stack_Based_Buffer_Overflow__wchar_t_type_overrun_memcpy_14__O0_canary_nopie.json,O0_canary_nopie_CWE121_Stack_Based_Buffer_Overflow__wchar_t_type_overrun_memcpy_14__O0_canary_nopie,CWE121_Stack_Based_Buffer_Overflow__wchar_t_type_overrun_memcpy_14,O0_canary_nopie,good1,good1,0x401b34,0,bin_func_entry,0.0,,,,,,,0.0,0,,,11.0,,,0.0,0.0,,,6.0,,,5.0,8.0,,,4.0,13.0,,3.0,0.0,,,7.0,,,,0.0,,,,,,3.0,,,0.0,,,,0.0,,,,0.0,,,0.0,,,,,,,,6.0,,,,,6.0,,0.0,,,,,,,4.0,,,,,1.0,,,,,,3.0,2.0,,,0.0,0.0,2.0,0.0,,,1.0,,2.0,,,0.0,1,,1.0,,0.0,,,0.0,,,,,,1.0,,,,0.0,0.0,,,0.0,3.0,,,,,,,,0.0,0.0,,,0.0,,,,0.0,0.0,,0.0,,,,,,0.0,,,0.0,0.0,0.0,0.0,0.0,,0.0,,,,,1.0,,0.0,,,,,,0.0,,,,,,,,,0.0,,,0.0,,,,,0.0,,,,,,,,1.0,,0.0,,,,,0.0,,1.0,,0.0,,,1.0,,,1.0,0.0,,0.0,,,1.0,0.0,,,,,0.0,,,,,0.0,,0.0,,,,,1.0,,1.0,0.0,,,,,,0.0,,,,,,0.0,,,,
sbo_rich_v6_context_java,O2_nocanary_nopie_CWE121_Stack_Based_Buffer_Overflow__CWE805_struct_alloca_memcpy_18__O2_nocanary_nopie,O2_nocanary_nopie_CWE121_Stack_Based_Buffer_Overflow__CWE805_struct_alloca_memcpy_18__O2_nocanary_nopie.json,O2_nocanary_nopie_CWE121_Stack_Based_Buffer_Overflow__CWE805_struct_alloca_memcpy_18__O2_nocanary_nopie,CWE121_Stack_Based_Buffer_Overflow__CWE805_struct_alloca_memcpy_18,O2_nocanary_nopie,CWE121_Stack_Based_Buffer_Overflow__CWE805_struct_alloca_memcpy_18_bad,CWE121_Stack_Based_Buffer_Overflow__CWE805_struct_alloca_memcpy_18_bad,0x401290,1,bin_func_entry,800.0,800.0,1216.0,405.3333333333333,800.0,800.0,408.0,1216.0,1,1.96078431372549,1.96078431372549,20.0,1.96078431372549,405.3333333333333,8.0,800.0,408.0,408.0,9.0,17.0,17.0,7.0,17.0,-693.3333333333334,17.0,6.0,25.0,-2080.0,2.0,0.0,408.0,,3.0,-24.0,,1.0,3.0,392.0,,392.0,408.0,0.0,6.0,,1.0,1.96078431372549,408.0,1.96078431372549,1.0,3.0,1.96078431372549,1.0,2.5,0.0,3.0,-408.0,1.0,-1232.0,1.0,1.0,1.0,1.0,1.0,-408.0,9.0,1.0,-408.0,0.0,0.0,8.0,0.0,2.5,1.0,392.0,2.5,0.0,,0.0,6.0,0.0,,15.0,,1.0,1.0,1.0,-1232.0,15.0,0.0,5.0,1.0,,0.0,1.0,392.0,2.0,24.5,,15.0,1.0,1.0,4.0,0.0,1.0,0.5,2,1.0,2.0,0.0,1.0,1.0,1.0,0.0,1.0,1.0,,-1232.0,1.0,1.0,1.0,1.0,14.0,0.0,1.0,1.0,,0.5,3.0,15.0,1.0,1.0,0.0,0.0,0.0,0.0,0.0,1.0,1.0,14.0,0.0,1.0,1.0,0.0,1.0,1.0,1.0,0.0,1.0,1.0,0.0,0.0,0.0,19.0,1.0,14.0,14.0,14.0,1.0,0.5,-1.0,1.0,14.0,1.0,1.0,1.0,12.0,,1.0,0.0,1.0,1.0,1.0,1.0,1.0,12.0,1.0,1.0,1.0,1.0,0.0,0.0,0.0,1.0,0.0,11.0,12.0,-4.0,0.0,0.0,0.0,11.0,0.0,0.0,0.0,0.0,1.0,0.0,11.0,1.0,1.0,0.0,1.0,,0.0,0.0,1.0,0.0,0.0,2.0,0.0,0.5,0.0,1.0,2.0,0.0,0.0,1.0,0.0,0.0,0.0,1.0,0.0,,1.0,0.0,0.0,0.0,0.0,1.0,0.0,0.0,0.0,2.0,1.0,1.0,0.5,0.0,0.0,0.0,0.0,,1.0,1.0,0.5,0.0,0.0,1.0,,1.0,1.0,0.0,1.0,0.0,1.0,1.0,1.0,,0.0,0.0,1.0
sbo_rich_v6_context_java,O0_nocanary_nopie_CWE121_Stack_Based_Buffer_Overflow__src_char_alloca_cpy_08__O0_nocanary_nopie,O0_nocanary_nopie_CWE121_Stack_Based_Buffer_Overflow__src_char_alloca_cpy_08__O0_nocanary_nopie.json,O0_nocanary_nopie_CWE121_Stack_Based_Buffer_Overflow__src_char_alloca_cpy_08__O0_nocanary_nopie,CWE121_Stack_Based_Buffer_Overflow__src_char_alloca_cpy_08,O0_nocanary_nopie,goodG2B1,goodG2B1,0x4012b2,0,bin_func_entry,49.0,49.0,168.0,84.0,24.5,104.0,168.0,168.0,1,0.4711538461538461,0.4711538461538461,73.0,0.235576923076923,84.0,64.0,104.0,104.0,84.0,20.0,42.0,84.0,20.0,35.0,-140.0,70.0,27.0,50.0,-280.0,16.0,104.0,64.0,1.0,7.0,-88.0,104.0,1.0,2.0,-64.0,104.0,-32.0,32.0,0.0,16.0,1.0,1.0,0.0,64.0,0.0,0.5,1.0,0.0,1.0,2.5,1.0,2.0,-32.0,2.0,-88.0,1.0,1.0,2.0,1.0,1.0,-64.0,42.0,2.0,0.0,0.5,1.0,20.0,0.0,3.5,2.0,0.0,5.0,0.0,-192.0,1.0,11.0,1.0,-192.0,,-192.0,1.0,1.0,0.5,-88.0,,2.0,9.0,3.0,10.0,0.0,1.0,0.0,3.0,29.5,10.0,,2.0,1.0,7.0,0.0,0.0,0.6666666666666666,4,1.0,5.0,1.0,2.0,0.0,1.0,1.0,1.0,2.0,,-88.0,0.0,1.0,1.0,1.0,10.5,0.0,1.0,0.0,1.0,0.6666666666666666,4.0,,2.0,1.0,1.0,0.0,0.0,0.5,0.0,2.0,0.0,9.5,0.0,1.0,0.5,0.5,0.0,0.0,0.0,2.0,0.0,3.0,0.0,2.0,0.0,20.0,2.0,17.0,19.0,21.0,0.0,0.3333333333333333,-2.0,0.0,17.0,0.0,0.0,0.0,7.5,3.0,0.0,0.0,0.0,1.0,0.5,1.0,1.0,15.0,0.0,1.0,10.0,1.0,0.0,1.0,0.0,1.0,0.0,7.5,15.0,1.0,0.5,1.0,0.0,15.0,0.0,0.0,0.0,1.0,0.5,0.0,15.0,1.0,1.0,1.0,1.0,,0.0,0.0,0.0,1.0,1.0,1.0,0.0,0.3333333333333333,0.0,0.5,1.0,0.0,0.0,1.0,0.0,0.0,0.0,1.0,0.5,1.0,1.0,0.0,0.0,0.0,1.0,0.0,0.0,0.0,0.0,,0.0,,0.3333333333333333,0.0,0.0,0.0,1.0,,1.0,1.0,0.3333333333333333,0.0,0.0,,3.0,0.0,1.0,0.0,0.5,0.0,0.0,0.5,1.0,,0.0,0.0,1.0
sbo_rich_v6_context_java,O0_canary_nopie_CWE121_Stack_Based_Buffer_Overflow__CWE193_char_alloca_memcpy_08__O0_canary_nopie,O0_canary_nopie_CWE121_Stack_Based_Buffer_Overflow__CWE193_char_alloca_memcpy_08__O0_canary_nopie.json,O0_canary_nopie_CWE121_Stack_Based_Buffer_Overflow__CWE193_char_alloca_memcpy_08__O0_canary_nopie,CWE121_Stack_Based_Buffer_Overflow__CWE193_char_alloca_memcpy_08,O0_canary_nopie,goodG2B2,goodG2B2,0x40143a,0,bin_func_entry,2.0,2.0,67.0,22.33333333333333,1.0,32.0,0.0,67.0,1,0.0,0.0,32.0,0.0,22.33333333333333,11.0,32.0,0.0,0.0,22.0,24.5,49.0,20.0,42.0,-73.0,25.0,27.0,61.0,-219.0,14.0,32.0,0.0,,11.0,-27.0,28.0,1.0,3.0,0.0,56.0,0.0,0.0,0.0,13.0,,1.0,0.0,0.0,0.0,0.0,3.0,0.0,1.0,5.0,0.0,3.0,0.0,2.0,,0.0,0.5,2.0,0.5,1.0,0.0,79.0,1.0,0.0,0.0,1.0,36.0,5.5,8.0,1.0,0.0,10.0,11.0,-80.0,0.0,16.0,0.5,-96.0,,-192.0,1.0,1.0,0.5,,,1.0,10.0,6.0,16.5,0.0,0.0,0.0,6.0,-4.0,33.0,,2.0,1.0,7.0,0.0,0.5,0.0,5,0.0,5.0,1.0,1.0,2.75,0.0,2.0,1.0,0.0,,,1.0,1.0,0.0,0.0,0.0,0.0,0.0,5.5,1.0,0.0,5.0,,0.0,0.0,3.5,0.5,0.0,0.5,0.0,0.0,0.0,-3.5,0.0,0.0,0.0,0.5,5.5,0.0,0.5,7.0,1.0,4.0,1.0,7.0,0.0,0.0,4.0,0.0,-7.0,0.0,0.0,0.0,7.5,0.0,0.0,0.0,0.0,1.0,0.0,7.0,0.0,1.0,1.0,1.0,0.0,0.0,0.0,0.0,1.0,0.0,20.0,,0.0,1.0,0.0,0.0,0.0,-2.75,0.0,12.0,0.0,1.0,0.0,-5.5,0.3333333333333333,1.0,0.0,1.0,0.5,0.0,0.0,0.0,3.0,1.0,1.0,,0.5,0.0,0.0,0.0,0.0,1.0,0.0,0.0,0.0,0.0,1.0,1.0,0.5,1.0,1.0,0.5,0.3333333333333333,0.0,0.0,2.0,0.0,1.0,0.0,0.5,0.0,0.0,0.0,1.0,1.0,,0.0,,0.0,1.0,0.0,0.0,0.0,1.0,0.0,2.0,0.0,0.5,1.0,,6.0,0.0,0.0,1.0,0.0,0.5,0.0,0.0,1.0,,1.0,0.0,0.0
sbo_rich_v6_context_java,O0_nocanary_nopie_CWE121_Stack_Based_Buffer_Overflow__CWE193_char_declare_ncpy_41__O0_nocanary_nopie,O0_nocanary_nopie_CWE121_Stack_Based_Buffer_Overflow__CWE193_char_declare_ncpy_41__O0_nocanary_nopie.json,O0_nocanary_nopie_CWE121_Stack_Based_Buffer_Overflow__CWE193_char_declare_ncpy_41__O0_nocanary_nopie,CWE121_Stack_Based_Buffer_Overflow__CWE193_char_declare_ncpy_41,O0_nocanary_nopie,CWE121_Stack_Based_Buffer_Overflow__CWE193_char_declare_ncpy_41_bad,CWE121_Stack_Based_Buffer_Overflow__CWE193_char_declare_ncpy_41_bad,0x401229,1,bin_func_entry,0.0,,10.0,10.0,,10.0,,10.0,1,,,11.0,,10.0,10.0,10.0,,,6.0,,,7.0,9.0,-26.0,,6.0,13.0,-26.0,4.0,10.0,,,4.0,-26.0,10.0,1.0,1.0,,10.0,,,,4.0,,1.0,0.0,,,,1.0,,,,0.0,1.0,,0.0,,,,,,,,2.0,,,,,2.0,,0.0,,,,,-26.0,,3.0,,-26.0,,-26.0,1.0,,,,,,1.0,1.0,7.0,,0.0,0.0,1.0,0.0,7.0,,0.0,,2.0,,,0.0,1,,1.0,,0.0,,,1.0,,,,,,1.0,,,,0.0,0.0,,1.0,0.0,1.0,,,,,,,,0.0,0.0,,,0.0,,,,0.0,0.0,,0.0,,,,,,0.0,,,0.0,0.0,0.0,0.0,0.0,,0.0,,,,,,,0.0,,,,,,0.0,,,,,,,,,0.0,,,0.0,,,,,0.0,,,,,,,,,,0.0,,,,,0.0,,1.0,,0.0,,,1.0,,,1.0,0.0,,0.0,,,,0.0,,,,,0.0,,,,,0.0,,0.0,,,,,,,0.0,0.0,,,,,,0.0,,,,,,0.0,,,,
sbo_rich_v6_context_java,O0_nocanary_nopie_CWE121_Stack_Based_Buffer_Overflow__CWE806_wchar_t_alloca_loop_52a__O0_nocanary_nopie,O0_nocanary_nopie_CWE121_Stack_Based_Buffer_Overflow__CWE806_wchar_t_alloca_loop_52a__O0_nocanary_nopie.json,O0_nocanary_nopie_CWE121_Stack_Based_Buffer_Overflow__CWE806_wchar_t_alloca_loop_52a__O0_nocanary_nopie,CWE121_Stack_Based_Buffer_Overflow__CWE806_wchar_t_alloca_loop_52a,O0_nocanary_nopie,goodG2B,goodG2B,0x401251,0,bin_func_entry,49.0,49.0,102.0,102.0,49.0,102.0,408.0,408.0,1,0.1200980392156862,0.1200980392156862,14.0,0.1200980392156862,408.0,408.0,408.0,408.0,408.0,11.0,10.0,10.0,11.0,21.0,-432.0,10.0,16.0,32.0,-432.0,8.0,408.0,0.0,,6.0,-432.0,408.0,4.0,1.0,0.0,408.0,0.0,0.0,0.0,6.0,,4.0,0.0,0.0,0.0,1.0,0.0,0.0,1.0,1.5,1.0,4.0,0.0,1.0,,1.0,1.0,1.0,1.0,1.0,0.0,39.0,1.0,0.0,1.0,1.0,18.0,0.0,1.5,1.0,0.0,1.5,0.0,-432.0,1.0,8.0,1.0,-432.0,,-432.0,1.0,1.0,1.0,,,1.0,2.0,3.0,8.0,0.0,1.0,0.0,3.0,7.5,8.0,,0.0,1.0,3.0,0.0,0.0,0.5,2,1.0,2.0,1.0,1.0,0.0,1.0,1.0,0.0,1.0,,,0.0,1.0,1.0,1.0,4.0,0.0,0.0,0.0,1.0,0.5,1.0,,1.0,1.0,2.0,0.0,0.0,0.0,0.0,1.0,0.0,2.0,0.0,0.0,0.0,0.0,0.0,0.0,0.0,2.0,0.0,3.0,0.0,2.0,0.0,0.0,2.0,4.0,2.0,4.0,0.0,0.0,0.0,0.0,2.0,0.0,0.0,0.0,0.0,3.0,0.0,0.0,0.0,0.0,0.0,0.0,0.0,0.0,0.0,0.0,10.0,,0.0,0.0,0.0,0.0,0.0,0.0,0.0,1.0,1.0,0.0,0.0,0.0,0.0,0.0,0.0,0.0,0.0,0.0,0.0,0.0,1.0,0.0,0.0,,0.0,0.0,0.0,1.0,1.0,1.0,0.0,0.0,0.0,0.0,1.0,0.0,0.0,1.0,0.0,0.0,0.0,0.0,1.0,,0.0,0.0,0.0,0.0,1.0,0.0,0.0,0.0,0.0,,0.0,,0.0,0.0,0.0,0.0,1.0,,0.0,0.0,0.0,0.0,0.0,,3.0,0.0,0.0,0.0,0.0,0.0,0.0,0.0,0.0,,0.0,0.0,0.0
sbo_rich_v6_context_java,O0_canary_nopie_CWE121_Stack_Based_Buffer_Overflow__dest_char_alloca_cat_07__O0_canary_nopie,O0_canary_nopie_CWE121_Stack_Based_Buffer_Overflow__dest_char_alloca_cat_07__O0_canary_nopie.json,O0_canary_nopie_CWE121_Stack_Based_Buffer_Overflow__dest_char_alloca_cat_07__O0_canary_nopie,CWE121_Stack_Based_Buffer_Overflow__dest_char_alloca_cat_07,O0_canary_nopie,goodG2B1,goodG2B1,0x4012de,0,bin_func_entry,99.0,99.0,275.0,91.66666666666669,49.5,112.0,99.0,275.0,1,1.0,1.0,33.0,0.5,91.66666666666669,64.0,112.0,99.0,49.5,20.0,25.0,50.0,19.0,42.0,-216.0,26.0,29.0,63.0,-648.0,13.0,112.0,99.0,1.0,11.0,-120.0,88.0,1.0,3.0,0.0,176.0,0.0,49.5,0.0,12.0,1.0,1.0,1.0,99.0,1.0,0.5,2.0,0.5,1.0,2.5,1.0,3.0,-49.5,2.0,-120.0,1.0,0.5,2.0,0.5,1.0,-99.0,78.0,2.0,0.0,0.5,1.0,36.0,49.5,3.0,1.0,0.0,5.0,99.0,-208.0,1.0,17.0,0.5,-264.0,,-528.0,1.0,1.0,0.5,-120.0,,1.0,11.0,6.0,15.5,0.0,1.0,0.0,7.0,7.5,31.0,,3.0,1.0,7.0,0.0,0.5,0.3333333333333333,4,0.5,5.0,2.0,1.0,1.75,1.0,2.0,1.0,1.0,,-120.0,2.0,1.0,0.5,1.0,2.0,1.0,1.0,2.0,1.0,0.3333333333333333,6.0,,1.0,1.0,1.5,0.5,0.5,0.5,0.0,1.0,0.0,0.5,0.0,1.0,0.5,0.5,3.5,0.0,0.0,3.0,1.0,4.0,1.0,2.0,0.5,2.0,4.0,4.0,1.0,4.0,0.0,0.3333333333333333,3.5,0.0,2.0,0.0,0.0,1.0,1.0,8.0,0.0,1.0,0.0,1.0,0.5,1.0,1.0,2.0,0.0,1.0,20.0,1.0,0.0,1.0,0.0,0.0,0.0,-0.75,2.0,2.0,0.0,1.0,0.0,-1.5,0.0,1.0,1.0,1.0,0.5,1.0,0.0,1.0,3.0,1.0,1.0,,0.0,1.0,1.0,0.0,0.0,1.0,0.0,0.0,0.0,0.0,1.0,0.0,0.0,1.0,0.0,0.0,0.0,0.0,0.0,2.0,0.0,0.0,0.0,0.0,0.0,0.0,0.0,0.0,0.0,,0.0,,0.0,0.0,0.0,0.0,0.0,1.0,0.0,2.0,0.0,0.0,0.0,,6.0,0.0,0.0,0.0,0.0,0.0,0.0,0.0,1.0,,0.0,1.0,0.0
sbo_rich_v6_context_java,O2_nocanary_nopie_CWE121_Stack_Based_Buffer_Overflow__dest_wchar_t_alloca_cpy_41__O2_nocanary_nopie,O2_nocanary_nopie_CWE121_Stack_Based_Buffer_Overflow__dest_wchar_t_alloca_cpy_41__O2_nocanary_nopie.json,O2_nocanary_nopie_CWE121_Stack_Based_Buffer_Overflow__dest_wchar_t_alloca_cpy_41__O2_nocanary_nopie,CWE121_Stack_Based_Buffer_Overflow__dest_wchar_t_alloca_cpy_41,O2_nocanary_nopie,CWE121_Stack_Based_Buffer_Overflow__dest_wchar_t_alloca_cpy_41_goodG2BSink,CWE121_Stack_Based_Buffer_Overflow__dest_wchar_t_alloca_cpy_41_goodG2BSink,0x4012e0,0,bin_func_entry,99.0,99.0,99.0,99.0,49.5,99.0,396.0,396.0,0,0.25,0.25,12.0,0.125,396.0,396.0,396.0,396.0,198.0,,8.0,16.0,0.0,,-408.0,9.0,,1.0,-408.0,0.0,0.0,396.0,1.0,,-408.0,,4.0,1.0,-297.0,,-148.5,198.0,0.5,,1.0,4.0,0.25,396.0,0.25,1.0,0.0,0.125,1.0,2.75,1.0,4.0,-198.0,2.0,-408.0,1.0,1.0,2.0,0.5,1.0,-396.0,,2.0,0.0,0.5,1.0,,198.0,3.0,2.0,0.0,5.5,396.0,,1.0,,1.0,,,,,1.0,0.5,-408.0,,2.0,1.0,,,1.0,2.0,0.0,,9.0,,,1.0,1.0,2.0,1.0,0.5,0.3333333333333333,0,0.5,0.0,2.0,1.0,1.75,1.0,0.0,1.0,1.0,,-408.0,2.0,,0.5,1.0,2.0,1.0,1.0,2.0,,0.3333333333333333,1.0,,1.0,1.0,1.5,0.5,0.5,0.5,1.0,1.0,0.0,0.5,1.0,1.0,0.5,0.5,3.5,0.0,0.0,3.0,1.0,,1.0,2.0,0.5,2.0,,4.0,1.0,4.0,0.0,0.3333333333333333,3.5,0.0,2.0,0.0,0.0,1.0,1.0,,0.0,1.0,0.0,1.0,0.5,1.0,1.0,2.0,0.0,1.0,,1.0,0.0,1.0,0.0,1.0,0.0,-0.75,2.0,1.0,0.5,1.0,0.0,-1.5,0.0,1.0,1.0,1.0,0.5,1.0,0.0,1.0,,1.0,1.0,,0.0,1.0,1.0,1.0,1.0,,0.0,0.0,0.0,0.0,,0.0,0.0,0.0,0.0,0.0,0.0,0.0,0.0,,0.0,0.0,0.0,0.0,0.0,0.0,0.0,0.0,0.0,,0.0,,0.0,0.0,0.0,0.0,0.0,,0.0,0.0,0.0,0.0,0.0,,,0.0,0.0,0.0,0.0,0.0,0.0,0.0,0.0,,0.0,0.0,0.0
sbo_rich_v6_context_java,O0_nocanary_nopie_CWE121_Stack_Based_Buffer_Overflow__CWE806_char_alloca_memmove_66a__O0_nocanary_nopie,O0_nocanary_nopie_CWE121_Stack_Based_Buffer_Overflow__CWE806_char_alloca_memmove_66a__O0_nocanary_nopie.json,O0_nocanary_nopie_CWE121_Stack_Based_Buffer_Overflow__CWE806_char_alloca_memmove_66a__O0_nocanary_nopie,CWE121_Stack_Based_Buffer_Overflow__CWE806_char_alloca_memmove_66a,O0_nocanary_nopie,CWE121_Stack_Based_Buffer_Overflow__CWE806_char_alloca_memmove_66b_badSink,CWE121_Stack_Based_Buffer_Overflow__CWE806_char_alloca_memmove_66b_badSink,0x401343,1,bin_func_entry,0.0,0.0,,,0.0,,0.0,0.0,1,0.0,0.0,27.0,0.0,,0.0,0.0,0.0,0.0,18.0,22.5,45.0,18.0,24.0,,23.0,21.0,30.0,,15.0,0.0,0.0,,7.0,,,,0.0,0.0,,0.0,0.0,0.5,14.0,,,0.0,0.0,0.0,1.0,1.0,0.0,1.0,3.5,0.0,,0.0,2.0,,1.0,0.5,1.0,1.0,1.0,0.0,2.0,1.0,0.0,0.0,1.0,2.0,0.0,7.0,1.0,0.0,7.0,0.0,,0.0,5.0,0.5,,,,1.0,0.0,0.0,,,1.0,3.0,1.0,,1.0,2.0,0.0,1.0,-1.0,,,0.0,0.0,4.0,1.0,0.5,0.0,3,0.0,3.0,1.0,2.0,2.75,0.0,0.0,1.0,0.0,,,1.0,1.0,0.0,0.0,0.0,0.0,1.0,5.5,,0.0,1.0,,0.0,0.0,3.5,0.0,0.0,0.0,0.0,0.0,0.0,-3.5,0.0,0.0,0.0,1.0,5.5,0.0,0.5,7.0,1.0,,0.0,7.0,0.0,0.0,,0.0,-7.0,0.0,0.0,0.0,7.5,0.0,0.0,0.0,0.0,1.0,0.0,,0.0,0.0,1.0,1.0,0.0,0.0,0.0,0.0,1.0,0.0,,,0.0,1.0,0.0,0.0,0.0,-2.75,0.0,10.0,0.0,0.0,0.0,-5.5,0.3333333333333333,0.0,0.0,0.0,0.5,0.0,0.0,0.0,,2.0,1.0,,0.5,0.0,0.0,0.0,0.0,1.0,0.0,0.0,0.0,0.0,1.0,1.0,0.5,1.0,1.0,0.5,0.3333333333333333,0.0,0.0,,0.0,1.0,0.0,0.5,0.0,0.0,0.0,1.0,1.0,,0.0,,0.0,1.0,0.0,0.0,0.0,,0.0,0.0,0.0,0.5,1.0,,,0.0,0.0,1.0,0.0,0.5,0.0,0.0,0.0,,1.0,0.0,0.0
sbo_rich_v6_context_java,O2_nocanary_nopie_CWE121_Stack_Based_Buffer_Overflow__dest_wchar_t_alloca_cat_67a__O2_nocanary_nopie,O2_nocanary_nopie_CWE121_Stack_Based_Buffer_Overflow__dest_wchar_t_alloca_cat_67a__O2_nocanary_nopie.json,O2_nocanary_nopie_CWE121_Stack_Based_Buffer_Overflow__dest_wchar_t_alloca_cat_67a__O2_nocanary_nopie,CWE121_Stack_Based_Buffer_Overflow__dest_wchar_t_alloca_cat_67a,O2_nocanary_nopie,goodG2B,goodG2B,0x401230,0,bin_func_entry,0.0,,,,,,,0.0,1,,,6.0,,,0.0,0.0,,,3.0,,,4.0,7.0,,,2.0,9.0,,1.0,0.0,,,2.0,,,,0.0,,,,,,3.0,,,0.0,,,,1.0,,,,0.0,,,0.0,,,,,,,,5.0,,,,,4.0,,0.0,,,,,,,3.0,,,15.0,,1.0,,,,15.0,,1.0,1.0,,,0.0,0.0,1.0,0.0,,15.0,0.0,,2.0,,,0.0,1,,1.0,,0.0,,,0.0,,,,,,1.0,,,,0.0,0.0,,,0.0,1.0,15.0,,,,,,,0.0,0.0,,,0.0,,,,0.0,1.0,,0.0,,,,,,0.0,,,0.0,0.0,0.0,0.0,0.0,,0.0,,,,,,,0.0,,,,,,0.0,,,,,,,,,0.0,,,0.0,,,,,0.0,,,,,,,,,,0.0,,,,,0.0,,1.0,,0.0,,,,,,1.0,0.0,,0.0,,,,0.0,,,,,0.0,,,,,0.0,1.0,0.0,,,,,,,0.0,0.0,,,,,,0.0,,,,,,0.0,,,,
sbo_rich_v6_context_java,O0_nocanary_nopie_CWE121_Stack_Based_Buffer_Overflow__dest_wchar_t_alloca_cpy_53a__O0_nocanary_nopie,O0_nocanary_nopie_CWE121_Stack_Based_Buffer_Overflow__dest_wchar_t_alloca_cpy_53a__O0_nocanary_nopie.json,O0_nocanary_nopie_CWE121_Stack_Based_Buffer_Overflow__dest_wchar_t_alloca_cpy_53a__O0_nocanary_nopie,CWE121_Stack_Based_Buffer_Overflow__dest_wchar_t_alloca_cpy_53a,O0_nocanary_nopie,CWE121_Stack_Based_Buffer_Overflow__dest_wchar_t_alloca_cpy_53c_goodG2BSink,CWE121_Stack_Based_Buffer_Overflow__dest_wchar_t_alloca_cpy_53c_goodG2BSink,0x4013b6,0,bin_func_entry,0.0,,,,,,,0.0,1,,,6.0,,,0.0,0.0,,,4.0,,,5.0,6.0,,,4.0,10.0,,3.0,0.0,,,3.0,,,,0.0,,,,,,3.0,,,0.0,,,,0.0,,,,0.0,,,0.0,,,,,,,,2.0,,,,,2.0,,0.0,,,,,,,3.0,,,,,1.0,,,,,,1.0,1.0,,,0.0,0.0,1.0,0.0,,,0.0,,2.0,,,0.0,1,,1.0,,0.0,,,0.0,,,,,,1.0,,,,0.0,0.0,,,0.0,1.0,,,,,,,,0.0,0.0,,,0.0,,,,0.0,0.0,,0.0,,,,,,0.0,,,0.0,0.0,0.0,0.0,0.0,,0.0,,,,,,,0.0,,,,,,0.0,,,,,,,,,0.0,,,0.0,,,,,0.0,,,,,,,,,,0.0,,,,,0.0,,1.0,,0.0,,,1.0,,,1.0,0.0,,0.0,,,,0.0,,,,,0.0,,,,,0.0,,0.0,,,,,,,0.0,0.0,,,,,,0.0,,,,,,0.0,,,,
sbo_rich_v6_context_java,O0_canary_nopie_CWE121_Stack_Based_Buffer_Overflow__CWE806_wchar_t_declare_memcpy_64a__O0_canary_nopie,O0_canary_nopie_CWE121_Stack_Based_Buffer_Overflow__CWE806_wchar_t_declare_memcpy_64a__O0_canary_nopie.json,O0_canary_nopie_CWE121_Stack_Based_Buffer_Overflow__CWE806_wchar_t_declare_memcpy_64a__O0_canary_nopie,CWE121_Stack_Based_Buffer_Overflow__CWE806_wchar_t_declare_memcpy_64a,O0_canary_nopie,CWE121_Stack_Based_Buffer_Overflow__CWE806_wchar_t_declare_memcpy_64_bad,CWE121_Stack_Based_Buffer_Overflow__CWE806_wchar_t_declare_memcpy_64_bad,0x4011f6,1,bin_func_entry,99.0,99.0,102.0,102.0,99.0,102.0,408.0,408.0,1,0.2426470588235294,0.2426470588235294,19.0,0.2426470588235294,408.0,408.0,408.0,408.0,408.0,12.0,11.0,11.0,10.0,18.0,-424.0,11.0,12.0,26.0,-424.0,6.0,408.0,0.0,,9.0,-424.0,408.0,4.0,1.0,0.0,408.0,0.0,0.0,0.0,7.0,,4.0,0.0,0.0,0.0,1.0,2.0,0.0,1.0,1.5,1.0,4.0,0.0,1.0,,1.0,1.0,1.0,1.0,1.0,0.0,8.0,1.0,0.0,1.0,1.0,8.0,0.0,1.5,1.0,0.0,1.5,0.0,-424.0,1.0,6.0,1.0,-424.0,,-424.0,1.0,1.0,1.0,,,1.0,5.0,2.0,10.0,0.0,1.0,0.0,2.0,7.5,10.0,,1.0,1.0,4.0,0.0,0.0,0.5,3,1.0,3.0,1.0,1.0,0.0,1.0,1.0,0.0,1.0,,,0.0,1.0,1.0,1.0,4.0,0.0,0.0,0.0,1.0,0.5,3.0,,1.0,1.0,2.0,0.0,0.0,0.0,0.0,1.0,0.0,2.0,0.0,0.0,0.0,0.0,0.0,0.0,0.0,2.0,0.0,1.0,0.0,2.0,0.0,0.0,,4.0,2.0,4.0,0.0,0.0,0.0,0.0,2.0,0.0,0.0,0.0,0.0,1.0,0.0,0.0,0.0,0.0,0.0,0.0,0.0,0.0,0.0,0.0,,,0.0,0.0,0.0,0.0,0.0,0.0,0.0,1.0,1.0,0.0,0.0,0.0,0.0,0.0,0.0,0.0,0.0,0.0,0.0,0.0,1.0,0.0,0.0,,0.0,0.0,0.0,1.0,1.0,1.0,0.0,0.0,0.0,0.0,1.0,0.0,0.0,1.0,0.0,0.0,0.0,0.0,1.0,1.0,0.0,0.0,0.0,0.0,1.0,0.0,0.0,0.0,0.0,,0.0,,0.0,0.0,0.0,0.0,1.0,1.0,0.0,1.0,0.0,0.0,0.0,,,0.0,0.0,0.0,0.0,0.0,0.0,0.0,0.0,,0.0,0.0,0.0
sbo_rich_v6_context_java,O0_nocanary_nopie_CWE121_Stack_Based_Buffer_Overflow__CWE135_15__O0_nocanary_nopie,O0_nocanary_nopie_CWE121_Stack_Based_Buffer_Overflow__CWE135_15__O0_nocanary_nopie.json,O0_nocanary_nopie_CWE121_Stack_Based_Buffer_Overflow__CWE135_15__O0_nocanary_nopie,CWE121_Stack_Based_Buffer_Overflow__CWE135_15,O0_nocanary_nopie,CWE121_Stack_Based_Buffer_Overflow__CWE135_15_bad,CWE121_Stack_Based_Buffer_Overflow__CWE135_15_bad,0x4011f6,1,bin_func_entry,0.0,0.0,,,0.0,,0.0,0.0,1,0.0,0.0,24.0,0.0,,0.0,0.0,0.0,0.0,15.0,16.5,33.0,14.0,25.0,,19.0,18.0,39.0,,11.0,0.0,0.0,,7.0,,,,0.0,0.0,,0.0,0.0,0.0,8.0,,,0.0,0.0,0.0,1.0,1.0,0.0,1.0,2.5,0.0,,0.0,2.0,,1.0,0.5,2.0,1.0,1.0,0.0,52.0,1.0,0.0,0.0,1.0,21.0,0.0,4.5,1.0,0.0,5.0,0.0,,0.0,10.0,0.5,,,,1.0,0.0,0.0,,,1.0,3.0,3.0,,0.0,2.0,0.0,3.0,-1.0,,,0.0,0.0,4.0,0.0,0.5,0.0,3,0.0,3.0,1.0,2.0,2.25,0.0,0.0,1.0,0.0,,,1.0,1.0,0.0,0.0,0.0,0.0,1.0,4.5,,0.0,1.0,,0.0,0.0,3.5,0.0,0.0,0.0,0.0,0.0,0.0,-3.5,0.0,0.0,0.0,1.0,4.5,0.0,0.0,7.0,1.0,3.0,0.0,7.0,0.0,0.0,2.0,0.0,-7.0,0.0,0.0,0.0,6.5,0.0,0.0,0.0,0.0,1.0,0.0,3.0,0.0,0.0,0.0,1.0,0.0,0.0,0.0,0.0,0.0,0.0,15.0,,0.0,1.0,0.0,0.0,0.0,-2.25,0.0,10.0,0.0,0.0,0.0,-4.5,0.3333333333333333,0.0,0.0,0.0,0.5,0.0,0.0,0.0,2.0,2.0,1.0,,0.5,0.0,0.0,0.0,0.0,1.0,0.0,0.0,0.0,0.0,3.0,1.0,0.5,1.0,1.0,0.5,0.3333333333333333,0.0,0.0,,0.0,1.0,0.0,0.5,0.0,0.0,0.0,1.0,1.0,,0.0,,0.0,1.0,0.0,0.0,0.0,,0.0,0.0,0.0,0.5,1.0,,3.0,0.0,0.0,0.0,0.0,0.0,0.0,0.0,0.0,,1.0,0.0,0.0
sbo_rich_v6_context_java,O2_nocanary_nopie_CWE121_Stack_Based_Buffer_Overflow__CWE806_wchar_t_alloca_memcpy_54a__O2_nocanary_nopie,O2_nocanary_nopie_CWE121_Stack_Based_Buffer_Overflow__CWE806_wchar_t_alloca_memcpy_54a__O2_nocanary_nopie.json,O2_nocanary_nopie_CWE121_Stack_Based_Buffer_Overflow__CWE806_wchar_t_alloca_memcpy_54a__O2_nocanary_nopie,CWE121_Stack_Based_Buffer_Overflow__CWE806_wchar_t_alloca_memcpy_54a,O2_nocanary_nopie,CWE121_Stack_Based_Buffer_Overflow__CWE806_wchar_t_alloca_memcpy_54_bad,CWE121_Stack_Based_Buffer_Overflow__CWE806_wchar_t_alloca_memcpy_54_bad,0x401280,1,bin_func_entry,99.0,99.0,99.0,99.0,99.0,99.0,396.0,396.0,1,0.25,0.25,11.0,0.25,396.0,396.0,396.0,396.0,396.0,5.0,7.0,7.0,5.0,13.0,-432.0,7.0,7.0,16.0,-432.0,2.0,0.0,396.0,,3.0,-432.0,,4.0,1.0,-297.0,,-297.0,396.0,1.0,5.0,,4.0,0.25,396.0,0.25,1.0,1.0,0.25,1.0,2.5,1.0,4.0,-396.0,1.0,-432.0,1.0,1.0,1.0,1.0,1.0,-396.0,5.0,1.0,-396.0,1.0,1.0,4.0,0.0,2.5,1.0,-297.0,2.5,0.0,,1.0,5.0,1.0,,15.0,,1.0,1.0,1.0,-432.0,15.0,1.0,2.0,1.0,,1.0,1.0,0.0,1.0,7.5,,15.0,0.0,1.0,3.0,1.0,0.0,0.5,2,1.0,2.0,1.0,1.0,2.0,1.0,0.0,0.0,1.0,,-432.0,1.0,1.0,1.0,1.0,4.0,1.0,0.0,2.0,,0.5,1.0,15.0,1.0,1.0,2.0,0.0,1.0,0.0,0.0,1.0,0.0,2.0,1.0,1.0,1.0,0.0,2.0,1.0,0.0,2.0,0.0,,0.0,2.0,1.0,2.0,,4.0,2.0,4.0,0.0,0.5,2.0,0.0,2.0,0.0,0.0,0.0,2.0,,0.0,0.0,0.0,0.0,1.0,1.0,1.0,2.0,0.0,1.0,,1.0,0.0,0.0,0.0,1.0,0.0,0.0,2.0,1.0,1.0,0.0,0.0,0.0,0.0,0.0,1.0,0.0,0.0,1.0,0.0,1.0,,0.0,0.0,,0.0,1.0,1.0,1.0,1.0,2.0,0.0,0.0,0.0,0.0,,0.0,0.0,0.0,0.0,0.0,0.0,0.0,0.0,,0.0,0.0,0.0,0.0,0.0,0.0,0.0,0.0,0.0,,0.0,1.0,0.0,0.0,0.0,0.0,0.0,,0.0,0.0,0.0,0.0,0.0,,,0.0,0.0,0.0,0.0,0.0,0.0,0.0,0.0,,0.0,0.0,0.0
sbo_rich_v6_context_java,O0_canary_nopie_CWE121_Stack_Based_Buffer_Overflow__dest_wchar_t_alloca_cat_12__O0_canary_nopie,O0_canary_nopie_CWE121_Stack_Based_Buffer_Overflow__dest_wchar_t_alloca_cat_12__O0_canary_nopie.json,O0_canary_nopie_CWE121_Stack_Based_Buffer_Overflow__dest_wchar_t_alloca_cat_12__O0_canary_nopie,CWE121_Stack_Based_Buffer_Overflow__dest_wchar_t_alloca_cat_12,O0_canary_nopie,CWE121_Stack_Based_Buffer_Overflow__dest_wchar_t_alloca_cat_12_bad,CWE121_Stack_Based_Buffer_Overflow__dest_wchar_t_alloca_cat_12_bad,0x4011e6,1,bin_func_entry,99.0,99.0,255.0,85.0,49.5,104.0,396.0,1020.0,1,0.25,0.25,37.0,0.125,340.0,208.0,416.0,396.0,198.0,23.0,29.0,58.0,22.0,45.0,-717.3333333333334,30.0,31.0,65.0,-2152.0,16.0,416.0,396.0,1.0,13.0,-424.0,312.0,4.0,3.0,-297.0,624.0,-148.5,198.0,0.0,14.0,1.0,4.0,0.25,396.0,0.25,0.5,2.0,0.125,1.0,2.5,1.0,12.0,-198.0,2.0,-424.0,1.0,0.5,2.0,0.5,1.0,-396.0,79.0,2.0,0.0,0.5,1.0,36.0,198.0,3.0,1.0,0.0,5.0,396.0,-656.0,1.0,16.0,0.5,-864.0,,-1728.0,1.0,1.0,0.5,-424.0,,1.0,11.0,6.0,17.5,0.0,1.0,0.0,6.0,7.5,35.0,,3.0,1.0,7.0,0.0,0.5,0.3333333333333333,5,0.5,5.0,2.0,1.0,1.75,1.0,2.0,1.0,1.0,,-424.0,2.0,1.0,0.5,1.0,2.0,1.0,1.0,2.0,1.0,0.3333333333333333,6.0,,1.0,1.0,1.5,0.5,0.5,0.5,0.0,1.0,0.0,0.5,0.0,1.0,0.5,0.5,3.5,0.0,0.0,3.0,1.0,4.0,1.0,2.0,0.5,2.0,4.0,4.0,1.0,4.0,0.0,0.3333333333333333,3.5,0.0,2.0,0.0,0.0,1.0,1.0,7.0,0.0,1.0,0.0,1.0,0.5,1.0,1.0,2.0,0.0,1.0,20.0,1.0,0.0,1.0,0.0,1.0,0.0,-0.75,2.0,2.0,0.5,1.0,0.0,-1.5,0.0,1.0,1.0,1.0,0.5,1.0,0.0,1.0,3.0,1.0,1.0,,0.0,1.0,1.0,1.0,1.0,1.0,0.0,0.0,0.0,0.0,1.0,0.0,0.0,1.0,0.0,0.0,0.0,0.0,0.0,2.0,0.0,0.0,0.0,0.0,0.0,0.0,0.0,0.0,0.0,,0.0,,0.0,0.0,0.0,0.0,0.0,1.0,0.0,2.0,0.0,0.0,0.0,,6.0,0.0,0.0,0.0,0.0,0.0,0.0,0.0,1.0,,0.0,0.0,0.0
sbo_rich_v6_context_java,O0_canary_nopie_CWE121_Stack_Based_Buffer_Overflow__CWE805_char_alloca_ncpy_12__O0_canary_nopie,O0_canary_nopie_CWE121_Stack_Based_Buffer_Overflow__CWE805_char_alloca_ncpy_12__O0_canary_nopie.json,O0_canary_nopie_CWE121_Stack_Based_Buffer_Overflow__CWE805_char_alloca_ncpy_12__O0_canary_nopie,CWE121_Stack_Based_Buffer_Overflow__CWE805_char_alloca_ncpy_12,O0_canary_nopie,CWE121_Stack_Based_Buffer_Overflow__CWE805_char_alloca_ncpy_12_bad,CWE121_Stack_Based_Buffer_Overflow__CWE805_char_alloca_ncpy_12_bad,0x4011e6,1,bin_func_entry,99.0,198.0,275.0,91.66666666666669,99.0,112.0,99.0,275.0,1,1.0,1.0,37.0,0.5,91.66666666666669,64.0,112.0,99.0,49.5,25.0,28.0,56.0,23.0,48.0,-216.0,29.0,34.0,69.0,-648.0,17.0,112.0,99.0,1.0,14.0,-120.0,88.0,1.0,3.0,0.0,176.0,0.0,49.5,0.5,15.0,1.0,1.0,1.0,99.0,1.0,0.5,2.0,0.5,1.0,3.0,1.0,3.0,-49.5,2.0,-120.0,1.0,0.5,2.0,0.5,1.0,-99.0,81.0,2.0,0.0,0.5,1.0,38.0,49.5,4.0,1.0,0.0,6.0,99.0,-208.0,1.0,16.0,0.5,-264.0,,-528.0,1.0,1.0,1.0,-120.0,,1.0,11.0,6.0,16.5,1.0,1.0,0.0,6.0,3.5,33.0,,3.0,2.0,7.0,1.0,0.5,0.3333333333333333,5,0.5,5.0,2.0,1.0,2.5,1.0,2.0,1.0,1.0,,-120.0,2.0,1.0,0.5,1.0,2.0,1.0,1.0,3.0,1.0,0.3333333333333333,6.0,,1.0,1.0,4.0,0.5,0.5,0.5,0.0,1.0,0.0,-2.0,0.0,1.0,0.5,0.0,5.0,0.0,0.5,8.0,1.0,5.0,1.0,6.0,0.5,2.0,4.0,4.0,-4.0,4.0,0.0,0.3333333333333333,7.0,0.0,2.0,0.0,0.0,1.0,1.0,7.0,0.0,1.0,1.0,0.0,0.5,1.0,1.0,2.0,1.0,1.0,20.0,1.0,0.0,0.0,0.0,0.0,0.0,-1.5,2.0,12.0,0.0,1.0,0.0,-3.0,0.3333333333333333,1.0,1.0,1.0,0.0,1.0,0.0,1.0,3.0,0.0,0.0,,0.5,1.0,1.0,0.0,0.0,1.0,0.0,0.0,0.0,0.0,1.0,0.0,0.0,1.0,1.0,0.0,0.0,0.0,0.0,2.0,0.0,1.0,0.0,0.0,0.0,0.0,0.0,0.0,0.0,,0.0,,0.0,0.0,0.0,0.0,0.0,1.0,0.0,2.0,0.0,0.5,0.0,,6.0,0.0,0.0,0.0,0.0,0.0,0.0,0.0,1.0,,1.0,1.0,0.0
sbo_rich_v6_context_java,O0_canary_nopie_CWE121_Stack_Based_Buffer_Overflow__CWE805_wchar_t_alloca_ncpy_14__O0_canary_nopie,O0_canary_nopie_CWE121_Stack_Based_Buffer_Overflow__CWE805_wchar_t_alloca_ncpy_14__O0_canary_nopie.json,O0_canary_nopie_CWE121_Stack_Based_Buffer_Overflow__CWE805_wchar_t_alloca_ncpy_14__O0_canary_nopie,CWE121_Stack_Based_Buffer_Overflow__CWE805_wchar_t_alloca_ncpy_14,O0_canary_nopie,goodG2B2,goodG2B2,0x401444,0,bin_func_entry,99.0,198.0,411.0,137.0,99.0,208.0,396.0,1020.0,1,0.25,0.25,31.0,0.125,340.0,208.0,416.0,396.0,198.0,22.0,22.0,44.0,20.0,44.0,-717.3333333333334,23.0,31.0,64.0,-2152.0,14.0,416.0,396.0,,12.0,-424.0,312.0,3.0,3.0,-297.0,624.0,-148.5,198.0,0.5,12.0,,4.0,0.25,396.0,0.25,0.0,2.0,0.125,1.0,4.0,1.0,9.0,-198.0,2.0,-424.0,0.0,0.5,2.0,0.5,1.0,-396.0,80.0,2.0,0.0,0.5,1.0,38.0,198.0,6.0,1.0,0.0,8.0,396.0,-656.0,1.0,16.0,0.5,-864.0,,-1728.0,1.0,1.0,1.0,-424.0,,1.0,9.0,6.0,15.5,1.0,0.0,0.0,7.0,2.0,31.0,,2.0,2.0,6.0,1.0,0.5,0.3333333333333333,4,0.5,4.0,2.0,1.0,3.0,1.0,2.0,1.0,1.0,,-424.0,2.0,1.0,0.5,1.0,2.0,1.0,0.0,4.0,1.0,0.3333333333333333,5.0,,1.0,1.0,4.0,0.5,0.5,0.5,0.0,1.0,0.0,-2.0,0.0,1.0,0.5,0.0,6.0,0.0,0.5,8.0,1.0,5.0,1.0,6.0,0.5,2.0,4.0,4.0,-4.0,4.0,0.0,0.3333333333333333,8.0,0.0,2.0,0.0,0.0,1.0,1.0,8.0,0.0,1.0,1.0,0.0,0.5,1.0,1.0,2.0,1.0,1.0,21.0,1.0,0.0,0.0,0.0,1.0,0.0,-2.0,2.0,13.0,0.5,1.0,0.0,-4.0,0.3333333333333333,1.0,1.0,1.0,0.0,1.0,0.0,1.0,3.0,0.0,0.0,,0.5,1.0,1.0,1.0,1.0,1.0,0.0,0.0,0.0,0.0,1.0,0.0,0.0,1.0,1.0,0.0,0.3333333333333333,0.0,0.0,1.0,0.0,1.0,0.0,0.5,0.0,0.0,0.0,0.0,1.0,,0.0,,0.0,1.0,0.0,0.0,0.0,1.0,0.0,2.0,0.0,0.5,0.0,,6.0,0.0,0.0,0.0,0.0,0.0,0.0,0.0,1.0,,1.0,0.0,0.0
sbo_rich_v6_context_java,O0_nocanary_nopie_CWE121_Stack_Based_Buffer_Overflow__dest_wchar_t_alloca_cat_51a__O0_nocanary_nopie,O0_nocanary_nopie_CWE121_Stack_Based_Buffer_Overflow__dest_wchar_t_alloca_cat_51a__O0_nocanary_nopie.json,O0_nocanary_nopie_CWE121_Stack_Based_Buffer_Overflow__dest_wchar_t_alloca_cat_51a__O0_nocanary_nopie,CWE121_Stack_Based_Buffer_Overflow__dest_wchar_t_alloca_cat_51a,O0_nocanary_nopie,CWE121_Stack_Based_Buffer_Overflow__dest_wchar_t_alloca_cat_51_bad,CWE121_Stack_Based_Buffer_Overflow__dest_wchar_t_alloca_cat_51_bad,0x4011d6,1,bin_func_entry,0.0,,468.0,234.0,,416.0,,468.0,1,,,16.0,,234.0,52.0,416.0,,,12.0,,,13.0,25.0,-448.0,,17.0,39.0,-896.0,9.0,416.0,,,5.0,-240.0,234.0,1.0,2.0,,468.0,,,,6.0,,1.0,0.0,,,,0.0,,,,0.0,2.0,,0.0,,,,,,,,72.0,,,,,30.0,,0.0,,,,,-240.0,,11.0,,-448.0,,-896.0,1.0,,,,,,1.0,5.0,10.5,,0.0,0.0,5.0,0.0,21.0,,0.0,,2.0,,,0.0,1,,1.0,,0.0,,,2.0,,,,,,1.0,,,,0.0,0.0,,1.0,0.0,1.0,,,,,,,,0.0,0.0,,,0.0,,,,0.0,0.0,,0.0,,4.0,,,,0.0,4.0,,0.0,0.0,0.0,0.0,0.0,,0.0,,,,,6.0,,0.0,,,,,,0.0,,,20.0,,,,,,0.0,,,0.0,,,,,0.0,,,,,,,,2.0,,0.0,,,,,0.0,,1.0,,0.0,,,1.0,,,1.0,0.0,,0.0,,,,0.0,,,,,0.0,,,,,0.0,,0.0,,,,,,,0.0,0.0,,,,6.0,,0.0,,,,,,0.0,,,,
sbo_rich_v6_context_java,O0_nocanary_nopie_CWE121_Stack_Based_Buffer_Overflow__CWE806_char_declare_ncpy_65a__O0_nocanary_nopie,O0_nocanary_nopie_CWE121_Stack_Based_Buffer_Overflow__CWE806_char_declare_ncpy_65a__O0_nocanary_nopie.json,O0_nocanary_nopie_CWE121_Stack_Based_Buffer_Overflow__CWE806_char_declare_ncpy_65a__O0_nocanary_nopie,CWE121_Stack_Based_Buffer_Overflow__CWE806_char_declare_ncpy_65a,O0_nocanary_nopie,goodG2B,goodG2B,0x40122f,0,bin_func_entry,49.0,49.0,112.0,112.0,49.0,112.0,112.0,112.0,1,0.4375,0.4375,14.0,0.4375,112.0,112.0,112.0,112.0,112.0,11.0,10.0,10.0,10.0,16.0,-136.0,10.0,12.0,21.0,-136.0,7.0,112.0,0.0,,6.0,-136.0,112.0,1.0,1.0,0.0,112.0,0.0,0.0,0.0,6.0,,1.0,0.0,0.0,0.0,1.0,1.0,0.0,1.0,1.5,1.0,1.0,0.0,1.0,,1.0,1.0,1.0,1.0,1.0,0.0,4.0,1.0,0.0,1.0,1.0,4.0,0.0,1.5,1.0,0.0,1.5,0.0,-136.0,1.0,3.0,1.0,-136.0,,-136.0,1.0,1.0,1.0,,,1.0,2.0,,9.0,0.0,1.0,0.0,,7.5,9.0,,0.0,1.0,3.0,0.0,0.0,0.5,2,1.0,2.0,1.0,1.0,0.0,1.0,1.0,0.0,1.0,,,0.0,1.0,1.0,1.0,4.0,0.0,0.0,0.0,1.0,0.5,1.0,,1.0,1.0,2.0,0.0,0.0,0.0,0.0,1.0,0.0,2.0,0.0,0.0,0.0,0.0,0.0,0.0,0.0,2.0,0.0,2.0,0.0,2.0,0.0,0.0,,4.0,2.0,4.0,0.0,0.0,0.0,0.0,2.0,0.0,0.0,0.0,0.0,,0.0,0.0,0.0,0.0,0.0,0.0,0.0,0.0,0.0,0.0,,,0.0,0.0,0.0,0.0,0.0,0.0,0.0,1.0,1.0,0.0,0.0,0.0,0.0,0.0,0.0,0.0,0.0,0.0,0.0,0.0,,0.0,0.0,,0.0,0.0,0.0,1.0,1.0,1.0,0.0,0.0,0.0,0.0,1.0,0.0,0.0,1.0,0.0,0.0,0.0,0.0,1.0,,0.0,0.0,0.0,0.0,1.0,0.0,0.0,0.0,0.0,,0.0,,0.0,0.0,0.0,0.0,1.0,,0.0,0.0,0.0,0.0,0.0,,,0.0,0.0,0.0,0.0,0.0,0.0,0.0,0.0,,0.0,0.0,0.0
sbo_rich_v6_context_java,O0_nocanary_nopie_CWE121_Stack_Based_Buffer_Overflow__dest_char_declare_cpy_53a__O0_nocanary_nopie,O0_nocanary_nopie_CWE121_Stack_Based_Buffer_Overflow__dest_char_declare_cpy_53a__O0_nocanary_nopie.json,O0_nocanary_nopie_CWE121_Stack_Based_Buffer_Overflow__dest_char_declare_cpy_53a__O0_nocanary_nopie,CWE121_Stack_Based_Buffer_Overflow__dest_char_declare_cpy_53a,O0_nocanary_nopie,CWE121_Stack_Based_Buffer_Overflow__dest_char_declare_cpy_53c_badSink,CWE121_Stack_Based_Buffer_Overflow__dest_char_declare_cpy_53c_badSink,0x4012c6,1,bin_func_entry,0.0,,,,,,,0.0,1,,,6.0,,,0.0,0.0,,,4.0,,,5.0,6.0,,,4.0,10.0,,3.0,0.0,,,3.0,,,,0.0,,,,,,3.0,,,0.0,,,,0.0,,,,0.0,,,0.0,,,,,,,,2.0,,,,,2.0,,0.0,,,,,,,3.0,,,,,1.0,,,,,,1.0,1.0,,,0.0,0.0,1.0,0.0,,,0.0,,2.0,,,0.0,1,,1.0,,0.0,,,0.0,,,,,,1.0,,,,0.0,0.0,,,0.0,1.0,,,,,,,,0.0,0.0,,,0.0,,,,0.0,0.0,,0.0,,,,,,0.0,,,0.0,0.0,0.0,0.0,0.0,,0.0,,,,,,,0.0,,,,,,0.0,,,,,,,,,0.0,,,0.0,,,,,0.0,,,,,,,,,,0.0,,,,,0.0,,1.0,,0.0,,,1.0,,,1.0,0.0,,0.0,,,,0.0,,,,,0.0,,,,,0.0,,0.0,,,,,,,0.0,0.0,,,,,,0.0,,,,,,0.0,,,,
sbo_rich_v6_context_java,O2_nocanary_nopie_CWE121_Stack_Based_Buffer_Overflow__CWE805_int64_t_alloca_memmove_09__O2_nocanary_nopie,O2_nocanary_nopie_CWE121_Stack_Based_Buffer_Overflow__CWE805_int64_t_alloca_memmove_09__O2_nocanary_nopie.json,O2_nocanary_nopie_CWE121_Stack_Based_Buffer_Overflow__CWE805_int64_t_alloca_memmove_09__O2_nocanary_nopie,CWE121_Stack_Based_Buffer_Overflow__CWE805_int64_t_alloca_memmove_09,O2_nocanary_nopie,goodG2B1,goodG2B1,0x401270,0,bin_func_entry,800.0,800.0,202.0,101.0,800.0,101.0,101.0,202.0,2,7.920792079207921,7.920792079207921,19.0,7.920792079207921,101.0,101.0,101.0,101.0,101.0,7.0,16.0,16.0,7.0,22.0,-1228.0,16.0,8.0,25.0,-2456.0,2.0,101.0,101.0,1.0,4.0,-824.0,101.0,1.0,2.0,699.0,101.0,699.0,101.0,0.0,6.0,2.0,1.0,7.920792079207921,101.0,7.920792079207921,1.0,3.0,7.920792079207921,1.0,4.0,0.0,2.0,0.0,1.0,-1632.0,1.0,1.0,1.0,0.0,0.0,0.0,10.0,1.0,0.0,0.0,1.0,9.0,101.0,4.0,1.0,699.0,4.0,101.0,-824.0,0.0,8.0,1.0,-824.0,15.0,-824.0,1.0,1.0,1.0,-1632.0,15.0,1.0,6.0,1.0,11.0,0.0,1.0,699.0,1.0,14.5,11.0,15.0,2.0,1.0,5.0,0.0,1.0,0.5,3,1.0,3.0,1.0,0.0,4.0,1.0,1.0,1.0,1.0,,-1632.0,1.0,1.0,0.0,1.0,10.0,1.0,1.0,4.0,1.0,0.0,3.0,15.0,1.0,0.0,6.0,1.0,1.0,1.0,0.0,0.0,1.0,4.0,0.0,0.0,0.0,0.0,4.0,1.0,1.0,6.0,1.0,,1.0,6.0,0.0,17.0,1.0,10.0,4.0,10.0,1.0,0.0,4.0,1.0,4.0,1.0,1.0,1.0,10.0,3.0,1.0,1.0,1.0,1.0,1.0,1.0,1.0,10.0,1.0,0.0,1.0,1.0,0.0,0.0,0.0,1.0,0.0,6.0,10.0,7.0,0.0,1.0,0.0,6.0,0.5,1.0,0.0,1.0,1.0,1.0,6.0,0.0,1.0,0.0,1.0,,1.0,0.0,1.0,0.0,0.0,2.0,0.0,0.5,0.0,1.0,,0.0,0.0,1.0,1.0,0.0,0.0,1.0,0.0,,1.0,1.0,0.0,0.0,0.0,1.0,0.0,0.0,0.0,,1.0,1.0,0.5,0.0,0.0,0.0,0.0,1.0,1.0,1.0,0.5,1.0,0.0,,,1.0,1.0,0.0,1.0,0.0,1.0,1.0,1.0,,1.0,0.0,1.0
sbo_rich_v6_context_java,O2_nocanary_nopie_CWE121_Stack_Based_Buffer_Overflow__CWE805_int64_t_alloca_memmove_03__O2_nocanary_nopie,O2_nocanary_nopie_CWE121_Stack_Based_Buffer_Overflow__CWE805_int64_t_alloca_memmove_03__O2_nocanary_nopie.json,O2_nocanary_nopie_CWE121_Stack_Based_Buffer_Overflow__CWE805_int64_t_alloca_memmove_03__O2_nocanary_nopie,CWE121_Stack_Based_Buffer_Overflow__CWE805_int64_t_alloca_memmove_03,O2_nocanary_nopie,CWE121_Stack_Based_Buffer_Overflow__CWE805_int64_t_alloca_memmove_03_bad,CWE121_Stack_Based_Buffer_Overflow__CWE805_int64_t_alloca_memmove_03_bad,0x401270,1,bin_func_entry,800.0,800.0,152.0,76.0,800.0,101.0,51.0,152.0,1,15.68627450980392,15.68627450980392,17.0,15.68627450980392,76.0,51.0,101.0,51.0,51.0,7.0,14.0,14.0,7.0,18.0,-1028.0,14.0,6.0,19.0,-2056.0,2.0,101.0,51.0,,4.0,-824.0,101.0,1.0,2.0,749.0,101.0,749.0,51.0,0.0,5.0,1.0,1.0,15.68627450980392,51.0,15.68627450980392,1.0,3.0,15.68627450980392,1.0,4.0,0.0,2.0,50.0,1.0,-1232.0,1.0,1.0,1.0,0.0,0.0,50.0,7.0,1.0,50.0,0.0,1.0,7.0,101.0,4.0,1.0,749.0,4.0,101.0,-824.0,0.0,7.0,1.0,-824.0,15.0,-824.0,1.0,1.0,1.0,-1232.0,15.0,1.0,2.0,1.0,9.0,0.0,1.0,749.0,1.0,14.5,9.0,15.0,0.0,1.0,3.0,0.0,1.0,0.5,2,1.0,2.0,1.0,0.0,4.0,1.0,1.0,1.0,1.0,,-1232.0,1.0,1.0,0.0,1.0,10.0,0.0,1.0,4.0,1.0,0.0,1.0,15.0,1.0,0.0,6.0,1.0,0.0,1.0,0.0,0.0,1.0,4.0,0.0,1.0,0.0,0.0,4.0,1.0,1.0,6.0,1.0,,1.0,6.0,0.0,20.0,1.0,10.0,4.0,10.0,1.0,0.0,4.0,1.0,4.0,1.0,1.0,1.0,13.0,2.0,1.0,1.0,1.0,1.0,1.0,1.0,1.0,13.0,1.0,0.0,,1.0,0.0,0.0,1.0,1.0,1.0,9.0,13.0,7.0,0.0,1.0,1.0,9.0,0.5,1.0,0.0,1.0,1.0,0.0,9.0,0.0,1.0,0.0,1.0,,1.0,0.0,1.0,0.0,0.0,2.0,0.0,0.5,0.0,1.0,,0.0,0.0,1.0,1.0,0.0,0.0,1.0,0.0,,1.0,1.0,0.0,0.0,0.0,1.0,0.0,0.0,0.0,,1.0,1.0,0.5,0.0,0.0,0.0,0.0,1.0,1.0,0.0,0.5,1.0,0.0,,,1.0,1.0,0.0,1.0,0.0,1.0,1.0,0.0,,1.0,0.0,1.0
sbo_rich_v6_context_java,O0_canary_nopie_CWE121_Stack_Based_Buffer_Overflow__CWE135_15__O0_canary_nopie,O0_canary_nopie_CWE121_Stack_Based_Buffer_Overflow__CWE135_15__O0_canary_nopie.json,O0_canary_nopie_CWE121_Stack_Based_Buffer_Overflow__CWE135_15__O0_canary_nopie,CWE121_Stack_Based_Buffer_Overflow__CWE135_15,O0_canary_nopie,goodG2B1,goodG2B1,0x40141c,0,bin_func_entry,0.0,0.0,,,0.0,,0.0,0.0,1,0.0,0.0,31.0,0.0,,0.0,0.0,0.0,0.0,19.0,18.5,37.0,16.0,29.0,,21.0,21.0,45.0,,13.0,0.0,0.0,,12.0,,,,0.0,0.0,,0.0,0.0,0.0,10.0,,,0.0,0.0,0.0,1.0,1.0,0.0,1.0,2.5,0.0,,0.0,2.0,,1.0,0.5,2.0,1.0,1.0,0.0,43.0,1.0,0.0,0.0,1.0,22.0,0.0,4.5,1.0,0.0,5.0,0.0,,0.0,11.0,0.5,,,,1.0,0.0,0.0,,,1.0,6.0,4.0,,0.0,2.0,0.0,4.0,-1.0,,,1.0,0.0,5.0,0.0,0.5,0.0,4,0.0,4.0,1.0,2.0,2.25,0.0,0.0,1.0,0.0,,,1.0,1.0,0.0,0.0,0.0,0.0,1.0,4.5,,0.0,3.0,,0.0,0.0,3.5,0.0,0.0,0.0,0.0,0.0,0.0,-3.5,0.0,0.0,0.0,1.0,4.5,0.0,0.0,7.0,1.0,3.0,0.0,7.0,0.0,0.0,2.0,0.0,-7.0,0.0,0.0,0.0,6.5,0.0,0.0,0.0,0.0,1.0,0.0,4.0,0.0,0.0,0.0,1.0,0.0,0.0,0.0,0.0,0.0,0.0,10.0,,0.0,1.0,0.0,0.0,0.0,-2.25,0.0,10.0,0.0,0.0,0.0,-4.5,0.3333333333333333,0.0,0.0,0.0,0.5,0.0,0.0,0.0,2.0,2.0,1.0,,0.5,0.0,0.0,0.0,0.0,1.0,0.0,0.0,0.0,0.0,3.0,1.0,0.5,1.0,1.0,0.5,0.3333333333333333,0.0,0.0,1.0,0.0,1.0,0.0,0.5,0.0,0.0,0.0,1.0,1.0,,0.0,,0.0,1.0,0.0,0.0,0.0,1.0,0.0,1.0,0.0,0.5,1.0,,3.0,0.0,0.0,0.0,0.0,0.0,0.0,0.0,0.0,,1.0,0.0,0.0
sbo_rich_v6_context_java,O0_canary_nopie_CWE121_Stack_Based_Buffer_Overflow__CWE805_int64_t_alloca_memcpy_02__O0_canary_nopie,O0_canary_nopie_CWE121_Stack_Based_Buffer_Overflow__CWE805_int64_t_alloca_memcpy_02__O0_canary_nopie.json,O0_canary_nopie_CWE121_Stack_Based_Buffer_Overflow__CWE805_int64_t_alloca_memcpy_02__O0_canary_nopie,CWE121_Stack_Based_Buffer_Overflow__CWE805_int64_t_alloca_memcpy_02,O0_canary_nopie,goodG2B1,goodG2B1,0x4012ce,0,bin_func_entry,800.0,800.0,619.0,206.3333333333333,800.0,416.0,102.0,619.0,1,7.84313725490196,7.84313725490196,31.0,7.84313725490196,206.3333333333333,101.0,416.0,102.0,102.0,19.0,24.0,24.0,17.0,40.0,-1389.3333333333333,24.0,26.0,56.0,-4168.0,11.0,416.0,0.0,,11.0,-824.0,206.3333333333333,1.0,3.0,0.0,619.0,0.0,0.0,0.0,9.0,1.0,1.0,0.0,0.0,0.0,1.0,2.0,0.0,1.0,4.0,0.0,3.0,0.0,1.0,,1.0,1.0,1.0,0.0,0.0,0.0,76.0,1.0,0.0,0.0,1.0,35.0,101.0,4.0,1.0,0.0,4.0,101.0,-824.0,0.0,16.0,1.0,-1389.3333333333333,,-4168.0,1.0,1.0,1.0,,,1.0,5.0,6.0,17.0,0.0,1.0,0.0,6.0,14.5,51.0,,1.0,1.0,4.0,0.0,1.0,0.5,3,1.0,3.0,1.0,0.0,4.5,1.0,3.0,1.0,1.0,,,1.0,1.0,0.0,1.0,10.0,0.0,1.0,4.5,1.0,0.0,3.0,,1.0,0.0,6.0,1.0,0.0,1.0,0.0,0.0,1.0,4.0,0.0,0.0,0.0,0.0,4.5,0.0,1.0,6.0,1.0,4.0,1.0,6.0,0.0,0.0,5.0,10.0,4.0,10.0,0.0,0.0,6.5,1.0,4.0,0.0,0.0,1.0,0.0,8.0,1.0,1.0,1.0,1.0,0.0,0.0,0.0,0.0,1.0,0.0,20.0,,0.0,0.0,0.0,0.0,0.0,-4.5,0.0,7.0,0.0,1.0,0.0,-4.5,0.5,1.0,0.0,1.0,1.0,0.0,-4.5,0.0,3.0,0.0,1.0,,1.0,0.0,0.0,0.0,0.0,1.0,0.0,0.5,0.0,1.0,1.0,0.0,0.0,1.0,1.0,0.0,0.5,1.0,1.0,1.0,1.0,1.0,0.0,1.0,1.0,0.0,0.0,0.0,1.0,,1.0,,0.0,1.0,0.0,0.0,1.0,1.0,0.0,1.0,0.0,1.0,0.0,,6.0,0.0,0.0,0.0,0.0,0.0,0.0,0.0,0.0,,1.0,0.0,0.0
sbo_rich_v6_context_java,O0_canary_nopie_CWE121_Stack_Based_Buffer_Overflow__src_char_alloca_cpy_31__O0_canary_nopie,O0_canary_nopie_CWE121_Stack_Based_Buffer_Overflow__src_char_alloca_cpy_31__O0_canary_nopie.json,O0_canary_nopie_CWE121_Stack_Based_Buffer_Overflow__src_char_alloca_cpy_31__O0_canary_nopie,CWE121_Stack_Based_Buffer_Overflow__src_char_alloca_cpy_31,O0_canary_nopie,CWE121_Stack_Based_Buffer_Overflow__src_char_alloca_cpy_31_good,CWE121_Stack_Based_Buffer_Overflow__src_char_alloca_cpy_31_good,0x4013c6,0,bin_func_entry,0.0,,,,,,,0.0,1,,,14.0,,,0.0,0.0,,,6.0,,,5.0,8.0,,,4.0,14.0,,3.0,0.0,,,7.0,,,,0.0,,,,,,4.0,,,0.0,,,,0.0,,,,0.0,,,0.0,,,,,,,,6.0,,,,,6.0,,0.0,,,,,,,5.0,,,,,1.0,,,,,,4.0,2.0,,,0.0,0.0,2.0,0.0,,,1.0,,3.0,,,0.0,2,,2.0,,0.0,,,0.0,,,,,,1.0,,,,0.0,0.0,,,0.0,3.0,,,,,,,,0.0,0.0,,,0.0,,,,0.0,0.0,,0.0,,,,,,0.0,,,0.0,0.0,0.0,0.0,0.0,,0.0,,,,,1.0,,0.0,,,,,,0.0,,,,,,,,,0.0,,,0.0,,,,,0.0,,,,,,,,1.0,,0.0,,,,,0.0,,1.0,,0.0,,,1.0,,,1.0,0.0,,0.0,,,1.0,0.0,,,,,0.0,,,,,0.0,,0.0,,,,,1.0,,1.0,0.0,,,,,,0.0,,,,,,0.0,,,,
sbo_rich_v6_context_java,O0_canary_nopie_CWE121_Stack_Based_Buffer_Overflow__CWE806_char_declare_memmove_53a__O0_canary_nopie,O0_canary_nopie_CWE121_Stack_Based_Buffer_Overflow__CWE806_char_declare_memmove_53a__O0_canary_nopie.json,O0_canary_nopie_CWE121_Stack_Based_Buffer_Overflow__CWE806_char_declare_memmove_53a__O0_canary_nopie,CWE121_Stack_Based_Buffer_Overflow__CWE806_char_declare_memmove_53a,O0_canary_nopie,CWE121_Stack_Based_Buffer_Overflow__CWE806_char_declare_memmove_53d_goodG2BSink,CWE121_Stack_Based_Buffer_Overflow__CWE806_char_declare_memmove_53d_goodG2BSink,0x4014fd,0,bin_func_entry,0.0,0.0,,,0.0,,0.0,0.0,1,0.0,0.0,32.0,0.0,,0.0,0.0,0.0,0.0,19.0,23.5,47.0,18.0,26.0,,24.0,21.0,34.0,,15.0,0.0,0.0,,10.0,,,,0.0,0.0,,0.0,0.0,0.5,15.0,,,0.0,0.0,0.0,1.0,1.0,0.0,1.0,3.5,0.0,,0.0,2.0,,1.0,0.5,1.0,1.0,1.0,0.0,6.0,1.0,0.0,0.0,1.0,6.0,0.0,7.0,1.0,0.0,7.0,0.0,,0.0,7.0,0.5,,,,1.0,0.0,0.0,,,1.0,6.0,2.0,,1.0,2.0,0.0,2.0,-1.0,,,1.0,0.0,5.0,1.0,0.5,0.0,4,0.0,4.0,1.0,2.0,2.75,0.0,0.0,1.0,0.0,,,1.0,1.0,0.0,0.0,0.0,0.0,1.0,5.5,,0.0,3.0,,0.0,0.0,3.5,0.0,0.0,0.0,0.0,0.0,0.0,-3.5,0.0,0.0,0.0,1.0,5.5,0.0,0.5,7.0,1.0,,0.0,7.0,0.0,0.0,,0.0,-7.0,0.0,0.0,0.0,7.5,0.0,0.0,0.0,0.0,1.0,0.0,1.0,0.0,0.0,1.0,1.0,0.0,0.0,0.0,0.0,1.0,0.0,,,0.0,1.0,0.0,0.0,0.0,-2.75,0.0,10.0,0.0,0.0,0.0,-5.5,0.3333333333333333,0.0,0.0,0.0,0.5,0.0,0.0,0.0,1.0,2.0,1.0,,0.5,0.0,0.0,0.0,0.0,1.0,0.0,0.0,0.0,0.0,1.0,1.0,0.5,1.0,1.0,0.5,0.3333333333333333,0.0,0.0,1.0,0.0,1.0,0.0,0.5,0.0,0.0,0.0,1.0,1.0,,0.0,,0.0,1.0,0.0,0.0,0.0,1.0,0.0,1.0,0.0,0.5,1.0,,,0.0,0.0,1.0,0.0,0.5,0.0,0.0,0.0,,1.0,0.0,0.0
sbo_rich_v6_context_java,O0_nocanary_nopie_CWE121_Stack_Based_Buffer_Overflow__CWE805_struct_alloca_memmove_08__O0_nocanary_nopie,O0_nocanary_nopie_CWE121_Stack_Based_Buffer_Overflow__CWE805_struct_alloca_memmove_08__O0_nocanary_nopie.json,O0_nocanary_nopie_CWE121_Stack_Based_Buffer_Overflow__CWE805_struct_alloca_memmove_08__O0_nocanary_nopie,CWE121_Stack_Based_Buffer_Overflow__CWE805_struct_alloca_memmove_08,O0_nocanary_nopie,CWE121_Stack_Based_Buffer_Overflow__CWE805_struct_alloca_memmove_08_bad,CWE121_Stack_Based_Buffer_Overflow__CWE805_struct_alloca_memmove_08_bad,0x4011dc,1,bin_func_entry,800.0,800.0,1424.0,474.6666666666667,800.0,816.0,0.0,1424.0,1,0.0,0.0,26.0,0.0,474.6666666666667,200.0,816.0,0.0,0.0,23.0,23.0,23.0,21.0,36.0,-1384.0,23.0,24.0,55.0,-4152.0,14.0,816.0,0.0,1.0,14.0,-840.0,612.0,1.0,3.0,0.0,1224.0,0.0,0.0,0.0,11.0,1.0,1.0,0.0,0.0,0.0,0.0,1.0,0.0,1.0,5.0,0.0,3.0,0.0,1.0,,0.0,1.0,1.0,0.0,0.0,0.0,79.0,1.0,0.0,0.0,1.0,36.0,200.0,5.0,1.0,0.0,5.0,200.0,-1248.0,0.0,14.0,1.0,-1656.0,,-3312.0,1.0,1.0,1.0,,,1.0,10.0,5.0,13.5,0.0,0.0,0.0,6.0,-4.0,27.0,,3.0,1.0,6.0,0.0,1.0,0.0,3,0.0,3.0,1.0,0.0,5.5,0.0,2.0,1.0,0.0,,,1.0,1.0,0.0,0.0,0.0,0.0,0.0,5.5,1.0,0.0,6.0,,0.0,0.0,7.0,1.0,0.0,1.0,0.0,0.0,0.0,-7.0,0.0,0.0,0.0,0.0,5.5,0.0,1.0,7.0,1.0,5.0,1.0,7.0,0.0,0.0,6.0,0.0,-7.0,0.0,0.0,0.0,7.5,0.0,-7.0,0.0,0.0,1.0,0.0,6.0,0.0,1.0,1.0,1.0,0.0,0.0,0.0,0.0,1.0,0.0,20.0,,0.0,0.0,0.0,0.0,0.0,-5.5,0.0,12.0,0.0,1.0,0.0,-5.5,0.5,1.0,0.0,1.0,1.0,0.0,-5.5,0.0,2.0,0.0,1.0,,1.0,0.0,0.0,0.0,0.0,1.0,0.0,0.0,0.0,0.0,1.0,0.0,0.0,1.0,1.0,0.0,0.5,0.0,0.0,1.0,0.0,1.0,0.0,1.0,0.0,0.0,0.0,0.0,1.0,,1.0,,0.0,1.0,0.0,0.0,0.0,,0.0,2.0,0.0,1.0,0.0,,6.0,0.0,0.0,0.0,0.0,0.0,0.0,0.0,2.0,1.0,1.0,0.0,0.0
sbo_rich_v6_context_java,O0_nocanary_nopie_CWE121_Stack_Based_Buffer_Overflow__CWE805_wchar_t_declare_snprintf_32__O0_nocanary_nopie,O0_nocanary_nopie_CWE121_Stack_Based_Buffer_Overflow__CWE805_wchar_t_declare_snprintf_32__O0_nocanary_nopie.json,O0_nocanary_nopie_CWE121_Stack_Based_Buffer_Overflow__CWE805_wchar_t_declare_snprintf_32__O0_nocanary_nopie,CWE121_Stack_Based_Buffer_Overflow__CWE805_wchar_t_declare_snprintf_32,O0_nocanary_nopie,goodG2B,goodG2B,0x40127e,0,bin_func_entry,99.0,99.0,249.0,124.5,49.5,150.0,396.0,546.0,1,0.25,0.25,26.0,0.125,273.0,150.0,396.0,396.0,198.0,20.0,22.0,44.0,21.0,34.0,-848.0,23.0,27.0,40.0,-1696.0,14.0,150.0,396.0,,11.0,-648.0,150.0,2.5,2.0,-297.0,150.0,-148.5,198.0,0.0,12.0,,4.0,0.25,396.0,0.25,1.0,5.0,0.125,1.0,0.75,1.0,5.0,-198.0,2.0,-1048.0,1.0,0.5,1.0,1.0,1.0,-396.0,2.0,2.0,0.0,0.5,1.0,2.0,0.0,1.5,1.0,0.0,1.5,0.0,-648.0,1.0,5.0,0.5,-648.0,,-648.0,1.0,1.0,0.5,-1048.0,,1.0,3.0,1.0,18.0,0.0,2.0,0.0,1.0,9.0,18.0,,0.0,1.0,4.0,0.0,0.0,0.3333333333333333,3,0.5,3.0,2.0,2.0,1.75,1.0,1.0,1.0,1.0,,-1048.0,2.0,1.0,0.5,1.0,2.0,1.0,1.0,2.0,1.0,0.3333333333333333,1.0,,1.0,1.0,1.5,0.0,0.5,0.0,0.0,1.0,0.0,0.5,0.0,1.0,0.5,0.5,3.5,0.0,0.0,3.0,0.0,,0.0,2.0,0.5,2.0,,4.0,1.0,4.0,0.0,0.3333333333333333,3.5,0.0,2.0,0.0,0.0,0.0,1.0,,0.0,0.0,0.0,1.0,0.5,1.0,1.0,2.0,0.0,1.0,,1.0,0.0,1.0,0.0,1.0,0.0,-0.75,2.0,1.0,0.5,0.0,0.0,-1.5,0.0,0.0,1.0,0.0,0.5,1.0,0.0,1.0,,1.0,1.0,,0.0,1.0,1.0,1.0,1.0,1.0,0.0,0.0,0.0,0.0,1.0,0.0,0.0,1.0,0.0,0.0,0.0,0.0,0.0,,0.0,0.0,0.0,0.0,0.0,0.0,0.0,0.0,0.0,,0.0,,0.0,0.0,0.0,0.0,0.0,,0.0,0.0,0.0,0.0,0.0,,,0.0,0.0,0.0,0.0,0.0,0.0,0.0,0.0,,0.0,0.0,0.0
sbo_rich_v6_context_java,O0_nocanary_nopie_CWE121_Stack_Based_Buffer_Overflow__dest_char_declare_cpy_54a__O0_nocanary_nopie,O0_nocanary_nopie_CWE121_Stack_Based_Buffer_Overflow__dest_char_declare_cpy_54a__O0_nocanary_nopie.json,O0_nocanary_nopie_CWE121_Stack_Based_Buffer_Overflow__dest_char_declare_cpy_54a__O0_nocanary_nopie,CWE121_Stack_Based_Buffer_Overflow__dest_char_declare_cpy_54a,O0_nocanary_nopie,CWE121_Stack_Based_Buffer_Overflow__dest_char_declare_cpy_54e_badSink,CWE121_Stack_Based_Buffer_Overflow__dest_char_declare_cpy_54e_badSink,0x401332,1,bin_func_entry,99.0,99.0,99.0,99.0,49.5,99.0,99.0,99.0,1,1.0,1.0,12.0,0.5,99.0,99.0,99.0,99.0,49.5,9.0,8.0,16.0,9.0,15.0,-120.0,9.0,11.0,21.0,-120.0,5.0,0.0,99.0,,4.0,-120.0,,1.0,1.0,0.0,,0.0,49.5,0.5,6.0,,1.0,1.0,99.0,1.0,1.0,2.0,0.5,1.0,2.75,1.0,1.0,-49.5,2.0,-120.0,1.0,1.0,2.0,0.5,1.0,-99.0,2.0,2.0,0.0,0.5,1.0,2.0,49.5,3.0,2.0,0.0,5.5,99.0,,1.0,4.0,1.0,,,,1.0,1.0,0.5,-120.0,,2.0,3.0,,,1.0,2.0,0.0,,9.0,,,0.0,1.0,4.0,1.0,0.5,0.3333333333333333,3,0.5,3.0,2.0,1.0,1.75,1.0,0.0,1.0,1.0,,-120.0,2.0,1.0,0.5,1.0,2.0,1.0,1.0,2.0,,0.3333333333333333,1.0,,1.0,1.0,1.5,0.5,0.5,0.5,0.0,1.0,0.0,0.5,1.0,1.0,0.5,0.5,3.5,0.0,0.0,3.0,1.0,1.0,1.0,2.0,0.5,2.0,,4.0,1.0,4.0,0.0,0.3333333333333333,3.5,0.0,2.0,0.0,0.0,1.0,1.0,,0.0,1.0,0.0,1.0,0.5,1.0,1.0,2.0,0.0,1.0,,1.0,0.0,1.0,0.0,0.0,0.0,-0.75,2.0,1.0,0.0,1.0,0.0,-1.5,0.0,1.0,1.0,1.0,0.5,1.0,0.0,1.0,,1.0,1.0,,0.0,1.0,1.0,0.0,0.0,1.0,0.0,0.0,0.0,0.0,1.0,0.0,0.0,0.0,0.0,0.0,0.0,0.0,0.0,,0.0,0.0,0.0,0.0,0.0,0.0,0.0,0.0,0.0,,0.0,,0.0,0.0,0.0,0.0,0.0,,0.0,0.0,0.0,0.0,0.0,,,0.0,0.0,0.0,0.0,0.0,0.0,0.0,0.0,,0.0,1.0,0.0
sbo_rich_v6_context_java,O2_nocanary_nopie_CWE121_Stack_Based_Buffer_Overflow__CWE805_int_alloca_memmove_45__O2_nocanary_nopie,O2_nocanary_nopie_CWE121_Stack_Based_Buffer_Overflow__CWE805_int_alloca_memmove_45__O2_nocanary_nopie.json,O2_nocanary_nopie_CWE121_Stack_Based_Buffer_Overflow__CWE805_int_alloca_memmove_45__O2_nocanary_nopie,CWE121_Stack_Based_Buffer_Overflow__CWE805_int_alloca_memmove_45,O2_nocanary_nopie,goodG2BSink,goodG2BSink,0x401260,0,bin_func_entry,0.0,,50.0,50.0,,50.0,,50.0,1,,,19.0,,50.0,50.0,50.0,,,4.0,,,4.0,14.0,-408.0,,7.0,16.0,-408.0,2.0,50.0,,,3.0,-408.0,50.0,1.0,1.0,,50.0,,,,4.0,1.0,1.0,0.0,,,,0.0,,,,0.0,1.0,,0.0,,,,,,,,6.0,,,,,7.0,,0.0,,,,,-408.0,,6.0,,-408.0,,-408.0,,,,,,,2.0,1.0,10.0,,0.0,0.0,1.0,0.0,10.0,,0.0,,3.0,,,0.0,2,,2.0,,0.0,,,1.0,,,,,,1.0,,,,0.0,0.0,,1.0,0.0,1.0,,,,,,,,0.0,0.0,,,0.0,,,,0.0,0.0,,0.0,,1.0,,,,0.0,1.0,,0.0,0.0,0.0,0.0,0.0,,0.0,,,,,3.0,,0.0,,,,,,0.0,,,,,,,,,0.0,,,0.0,,,,,0.0,,,,,,,,1.0,,0.0,1.0,,,,0.0,,1.0,,0.0,,,,,,1.0,0.0,,0.0,,,,0.0,,,,,0.0,,,,,1.0,,0.0,,,,,1.0,,0.0,0.0,,,,,,0.0,,,,,,0.0,,,,
sbo_rich_v6_context_java,O2_nocanary_nopie_CWE121_Stack_Based_Buffer_Overflow__CWE806_char_alloca_ncpy_65a__O2_nocanary_nopie,O2_nocanary_nopie_CWE121_Stack_Based_Buffer_Overflow__CWE806_char_alloca_ncpy_65a__O2_nocanary_nopie.json,O2_nocanary_nopie_CWE121_Stack_Based_Buffer_Overflow__CWE806_char_alloca_ncpy_65a__O2_nocanary_nopie,CWE121_Stack_Based_Buffer_Overflow__CWE806_char_alloca_ncpy_65a,O2_nocanary_nopie,CWE121_Stack_Based_Buffer_Overflow__CWE806_char_alloca_ncpy_65b_badSink,CWE121_Stack_Based_Buffer_Overflow__CWE806_char_alloca_ncpy_65b_badSink,0x4012d0,1,bin_func_entry,0.0,0.0,48.0,16.0,0.0,16.0,16.0,48.0,1,0.0,0.0,19.0,0.0,16.0,16.0,16.0,16.0,8.0,7.0,14.5,29.0,8.0,15.0,-56.0,15.0,7.0,20.0,-168.0,6.0,0.0,16.0,,2.0,-40.0,,1.0,3.0,-16.0,,-8.0,8.0,0.5,9.0,,1.0,0.0,16.0,0.0,1.0,0.0,0.0,1.0,3.5,0.0,3.0,-8.0,2.0,-72.0,1.0,0.5,1.0,1.0,1.0,-16.0,6.0,1.0,0.0,0.0,1.0,6.0,0.0,7.0,1.0,0.0,7.0,0.0,,0.0,5.0,0.5,,36.25,,,0.0,0.0,-72.0,49.0,1.0,3.0,1.0,,1.0,2.0,0.0,1.0,4.5,,145.0,0.0,0.0,4.0,1.0,0.5,0.3333333333333333,3,0.5,3.0,1.0,2.0,2.5,1.0,0.0,1.0,1.0,,-72.0,1.0,1.0,0.5,0.0,1.75,0.0,1.0,5.0,,0.3333333333333333,1.0,16.0,1.0,1.0,3.5,0.0,0.0,0.0,0.0,1.0,0.0,-1.75,0.0,1.0,0.5,1.0,5.0,4.0,0.5,7.0,1.0,1.0,0.0,7.0,0.0,2.0,,3.5,-3.5,3.5,0.0,0.3333333333333333,8.0,0.0,0.0,0.0,0.0,1.0,1.0,1.0,0.0,0.0,1.0,0.0,0.5,1.0,1.0,2.0,1.0,1.0,,1.0,0.0,1.0,0.0,1.0,0.0,-1.5,2.0,10.0,0.0,0.0,0.0,-3.0,0.3333333333333333,0.0,0.0,0.0,0.0,0.0,0.0,1.0,2.0,2.0,0.0,1.0,0.5,0.0,0.0,0.0,0.0,1.0,0.0,0.0,0.0,0.0,,1.0,0.5,1.0,1.0,0.5,0.3333333333333333,0.0,0.0,,0.0,1.0,0.0,0.5,0.0,0.0,0.0,1.0,1.0,3.0,0.0,,0.3333333333333333,1.0,0.0,0.0,0.0,1.0,1.0,0.0,0.0,0.5,1.0,1.0,,0.0,1.0,1.0,0.5,0.5,0.0,0.0,0.0,,1.0,0.0,0.0
sbo_rich_v6_context_java,O0_nocanary_nopie_CWE121_Stack_Based_Buffer_Overflow__CWE805_wchar_t_declare_memmove_32__O0_nocanary_nopie,O0_nocanary_nopie_CWE121_Stack_Based_Buffer_Overflow__CWE805_wchar_t_declare_memmove_32__O0_nocanary_nopie.json,O0_nocanary_nopie_CWE121_Stack_Based_Buffer_Overflow__CWE805_wchar_t_declare_memmove_32__O0_nocanary_nopie,CWE121_Stack_Based_Buffer_Overflow__CWE805_wchar_t_declare_memmove_32,O0_nocanary_nopie,CWE121_Stack_Based_Buffer_Overflow__CWE805_wchar_t_declare_memmove_32_bad,CWE121_Stack_Based_Buffer_Overflow__CWE805_wchar_t_declare_memmove_32_bad,0x4011d6,1,bin_func_entry,400.0,499.0,149.0,74.5,249.5,99.0,396.0,446.0,1,0.25,0.25,27.0,0.125,223.0,50.0,396.0,396.0,198.0,22.0,22.0,44.0,22.0,34.0,-648.0,23.0,27.0,41.0,-1296.0,15.0,50.0,396.0,,12.0,-248.0,50.0,2.5,2.0,-297.0,50.0,-148.5,198.0,0.0,13.0,,4.0,0.25,396.0,0.25,1.0,5.0,0.125,1.0,1.5,1.0,5.0,-198.0,2.0,-1048.0,1.0,0.5,1.0,0.5,1.0,-396.0,4.0,2.0,0.0,0.5,1.0,4.0,198.0,3.0,1.0,0.0,3.0,396.0,-248.0,1.0,5.0,0.5,-248.0,,-248.0,1.0,1.0,1.0,-1048.0,,1.0,3.0,1.0,18.0,0.0,2.0,0.0,1.0,9.0,18.0,,0.0,2.0,4.0,0.0,0.5,0.3333333333333333,3,0.5,3.0,2.0,1.0,1.75,1.0,1.0,1.0,1.0,,-1048.0,2.0,1.0,0.5,1.0,2.0,1.0,1.0,2.0,1.0,0.3333333333333333,1.0,,1.0,1.0,1.5,0.5,0.5,0.5,0.0,1.0,0.0,0.5,0.0,1.0,0.5,0.0,3.5,0.0,0.5,3.0,1.0,1.0,1.0,2.0,0.5,2.0,,4.0,1.0,4.0,0.0,0.3333333333333333,3.5,0.0,2.0,0.0,0.0,1.0,1.0,,0.0,1.0,1.0,1.0,0.5,1.0,1.0,2.0,1.0,1.0,,1.0,0.0,0.0,0.0,1.0,0.0,-0.75,2.0,1.0,0.5,1.0,0.0,-1.5,0.0,1.0,1.0,1.0,0.5,1.0,0.0,1.0,,0.0,1.0,,0.0,1.0,1.0,1.0,1.0,1.0,0.0,0.0,0.0,0.0,1.0,0.0,0.0,1.0,0.0,0.0,0.0,0.0,0.0,,0.0,0.0,0.0,0.0,0.0,0.0,0.0,0.0,0.0,,0.0,,0.0,0.0,0.0,0.0,0.0,,0.0,0.0,0.0,0.0,0.0,,,0.0,0.0,0.0,0.0,0.0,0.0,0.0,0.0,,0.0,0.0,0.0
sbo_rich_v6_context_java,O0_nocanary_nopie_CWE121_Stack_Based_Buffer_Overflow__src_wchar_t_declare_cpy_15__O0_nocanary_nopie,O0_nocanary_nopie_CWE121_Stack_Based_Buffer_Overflow__src_wchar_t_declare_cpy_15__O0_nocanary_nopie.json,O0_nocanary_nopie_CWE121_Stack_Based_Buffer_Overflow__src_wchar_t_declare_cpy_15__O0_nocanary_nopie,CWE121_Stack_Based_Buffer_Overflow__src_wchar_t_declare_cpy_15,O0_nocanary_nopie,CWE121_Stack_Based_Buffer_Overflow__src_wchar_t_declare_cpy_15_bad,CWE121_Stack_Based_Buffer_Overflow__src_wchar_t_declare_cpy_15_bad,0x4011d6,1,bin_func_entry,99.0,99.0,154.0,77.0,49.5,102.0,616.0,616.0,1,0.2426470588235294,0.2426470588235294,64.0,0.1213235294117647,308.0,208.0,408.0,408.0,308.0,35.0,35.0,70.0,35.0,42.0,-528.0,61.0,38.0,50.0,-1056.0,31.0,408.0,208.0,,6.0,-424.0,408.0,4.0,2.0,-208.0,408.0,-104.0,104.0,0.0,31.0,,4.0,0.0,208.0,0.0,1.0,2.0,0.0,1.0,1.5,1.0,8.0,-104.0,2.0,-632.0,1.0,1.0,2.0,1.0,1.0,-208.0,4.0,2.0,0.0,0.5,1.0,4.0,0.0,1.5,2.0,0.0,3.0,0.0,-424.0,1.0,5.0,1.0,-424.0,,-424.0,1.0,1.0,0.5,-632.0,,2.0,3.0,1.0,8.0,0.0,2.0,0.0,1.0,31.0,8.0,,0.0,1.0,4.0,0.0,0.0,0.6666666666666666,3,1.0,3.0,1.0,2.0,0.0,1.0,1.0,1.0,2.0,,-632.0,0.0,1.0,1.0,1.0,10.5,0.0,1.0,0.0,1.0,0.6666666666666666,1.0,,2.0,1.0,1.0,0.0,0.0,0.5,0.0,2.0,0.0,9.5,0.0,1.0,0.5,0.5,0.0,0.0,0.0,2.0,0.0,1.0,0.0,2.0,0.0,20.0,,17.0,19.0,21.0,0.0,0.3333333333333333,-2.0,0.0,17.0,0.0,0.0,0.0,7.5,,0.0,0.0,0.0,1.0,0.5,1.0,1.0,15.0,0.0,1.0,,1.0,0.0,1.0,0.0,1.0,0.0,7.5,15.0,0.0,0.5,1.0,0.0,15.0,0.0,0.0,0.0,1.0,0.5,0.0,15.0,1.0,,1.0,1.0,,0.0,0.0,0.0,1.0,1.0,1.0,0.0,0.3333333333333333,0.0,0.5,2.0,0.0,0.0,1.0,0.0,0.0,0.0,1.0,0.5,,1.0,0.0,0.0,0.0,1.0,0.0,0.0,0.0,0.0,,0.0,,0.3333333333333333,0.0,0.0,0.0,1.0,,1.0,0.0,0.3333333333333333,0.0,0.0,,,0.0,1.0,0.0,0.5,0.0,0.0,0.5,0.0,,0.0,0.0,1.0
sbo_rich_v6_context_java,O0_nocanary_nopie_CWE121_Stack_Based_Buffer_Overflow__CWE805_struct_declare_memcpy_14__O0_nocanary_nopie,O0_nocanary_nopie_CWE121_Stack_Based_Buffer_Overflow__CWE805_struct_declare_memcpy_14__O0_nocanary_nopie.json,O0_nocanary_nopie_CWE121_Stack_Based_Buffer_Overflow__CWE805_struct_declare_memcpy_14__O0_nocanary_nopie,CWE121_Stack_Based_Buffer_Overflow__CWE805_struct_declare_memcpy_14,O0_nocanary_nopie,CWE121_Stack_Based_Buffer_Overflow__CWE805_struct_declare_memcpy_14_bad,CWE121_Stack_Based_Buffer_Overflow__CWE805_struct_declare_memcpy_14_bad,0x4011c6,1,bin_func_entry,800.0,800.0,800.0,400.0,800.0,400.0,400.0,800.0,1,2.0,2.0,19.0,2.0,400.0,400.0,400.0,400.0,400.0,17.0,16.0,16.0,15.0,20.0,-1224.0,16.0,14.0,29.0,-2448.0,9.0,400.0,0.0,1.0,13.0,-424.0,400.0,1.0,2.0,0.0,400.0,0.0,0.0,0.0,8.0,1.0,1.0,0.0,0.0,0.0,0.0,2.0,0.0,1.0,5.0,0.0,2.0,0.0,1.0,,0.0,1.0,1.0,0.0,0.0,0.0,8.0,1.0,0.0,0.0,1.0,8.0,400.0,5.0,1.0,0.0,5.0,400.0,-424.0,0.0,6.0,1.0,-424.0,,-424.0,1.0,1.0,1.0,,,1.0,9.0,1.0,10.0,0.0,0.0,0.0,3.0,11.0,10.0,,3.0,1.0,5.0,0.0,1.0,0.5,2,1.0,2.0,1.0,0.0,5.5,1.0,1.0,1.0,1.0,,,1.0,1.0,0.0,1.0,8.0,0.0,0.0,5.5,1.0,0.0,6.0,,1.0,0.0,6.0,1.0,0.0,1.0,0.0,0.0,1.0,2.0,0.0,0.0,0.0,0.0,5.5,0.0,1.0,6.0,1.0,1.0,1.0,6.0,0.0,0.0,2.0,8.0,2.0,8.0,0.0,0.0,7.5,1.0,2.0,0.0,0.0,1.0,0.0,1.0,1.0,1.0,1.0,1.0,0.0,0.0,0.0,0.0,1.0,0.0,1.0,,0.0,0.0,0.0,0.0,0.0,-5.5,0.0,8.0,0.0,1.0,0.0,-5.5,0.5,1.0,0.0,1.0,1.0,0.0,-5.5,0.0,,0.0,1.0,,1.0,0.0,0.0,0.0,0.0,1.0,0.0,0.5,0.0,1.0,1.0,0.0,0.0,1.0,1.0,0.0,0.5,1.0,1.0,,1.0,1.0,0.0,1.0,1.0,0.0,0.0,0.0,1.0,,1.0,,0.0,1.0,0.0,0.0,1.0,,0.0,2.0,0.0,1.0,0.0,,,0.0,0.0,0.0,0.0,0.0,0.0,0.0,2.0,1.0,1.0,0.0,0.0
sbo_rich_v6_context_java,O2_nocanary_nopie_CWE121_Stack_Based_Buffer_Overflow__CWE805_char_declare_memmove_09__O2_nocanary_nopie,O2_nocanary_nopie_CWE121_Stack_Based_Buffer_Overflow__CWE805_char_declare_memmove_09__O2_nocanary_nopie.json,O2_nocanary_nopie_CWE121_Stack_Based_Buffer_Overflow__CWE805_char_declare_memmove_09__O2_nocanary_nopie,CWE121_Stack_Based_Buffer_Overflow__CWE805_char_declare_memmove_09,O2_nocanary_nopie,CWE121_Stack_Based_Buffer_Overflow__CWE805_char_declare_memmove_09_good,CWE121_Stack_Based_Buffer_Overflow__CWE805_char_declare_memmove_09_good,0x401360,0,bin_func_entry,0.0,,,,,,,0.0,0,,,7.0,,,0.0,0.0,,,1.0,,,2.0,,,,,4.0,,0.0,0.0,,1.0,,,,,0.0,,,,,,1.0,1.0,,0.0,,,,0.0,,,,0.0,,,0.0,,,,,,,,4.0,,,,,4.0,,0.0,,,,,,,2.0,,,,,,,,,,,2.0,1.0,,,0.0,0.0,1.0,0.0,,,1.0,,3.0,,,0.0,2,,1.0,,0.0,,,0.0,,,,,,,,,,0.0,0.0,,,0.0,1.0,,,,,,,,0.0,0.0,,,0.0,,,,0.0,0.0,,0.0,,1.0,,,,0.0,,,0.0,0.0,0.0,0.0,0.0,,0.0,,,,,,,0.0,,,,,,0.0,,,,,,,,,0.0,,,0.0,,,,,0.0,,,,,,,,,,0.0,,,,,0.0,,,,0.0,,,,,,1.0,0.0,,0.0,,,,0.0,,,,,0.0,,,,,0.0,,0.0,,,,,,,0.0,0.0,,,,,,0.0,,,,,,0.0,,,,
sbo_rich_v6_context_java,O0_nocanary_nopie_CWE121_Stack_Based_Buffer_Overflow__char_type_overrun_memcpy_03__O0_nocanary_nopie,O0_nocanary_nopie_CWE121_Stack_Based_Buffer_Overflow__char_type_overrun_memcpy_03__O0_nocanary_nopie.json,O0_nocanary_nopie_CWE121_Stack_Based_Buffer_Overflow__char_type_overrun_memcpy_03__O0_nocanary_nopie,CWE121_Stack_Based_Buffer_Overflow__char_type_overrun_memcpy_03,O0_nocanary_nopie,good1,good1,0x401217,0,bin_func_entry,16.0,16.0,15.0,15.0,16.0,15.0,15.0,15.0,1,1.0666666666666669,1.0666666666666669,15.0,1.0666666666666669,15.0,15.0,15.0,15.0,15.0,8.0,10.0,10.0,9.0,15.0,-40.0,10.0,11.0,22.0,-40.0,5.0,0.0,15.0,,4.0,-40.0,,1.0,1.0,1.0,,1.0,15.0,0.0,7.0,,1.0,1.0666666666666669,15.0,1.0666666666666669,1.0,2.0,1.0666666666666669,1.0,1.5,0.0,1.0,16.0,1.0,-40.0,1.0,1.0,1.0,0.0,0.0,16.0,2.0,1.0,16.0,0.0,1.0,2.0,31.0,1.5,1.0,1.0,1.5,31.0,,0.0,6.0,1.0,,,,1.0,1.0,1.0,-40.0,,1.0,4.0,1.0,,0.0,1.0,1.0,1.0,22.5,,,0.0,1.0,5.0,0.0,0.0,0.5,2,1.0,4.0,0.0,0.0,3.5,1.0,0.0,1.0,1.0,,-40.0,1.0,1.0,0.0,1.0,14.0,0.0,1.0,3.5,,0.0,1.0,,1.0,0.0,0.0,0.0,0.0,0.0,0.0,0.0,1.0,14.0,0.0,1.0,0.0,0.0,3.5,0.0,1.0,0.0,0.0,,0.0,0.0,0.0,20.0,,14.0,14.0,14.0,1.0,0.0,3.5,1.0,14.0,1.0,1.0,0.0,13.0,,1.0,0.0,1.0,1.0,1.0,1.0,1.0,13.0,1.0,0.0,,1.0,0.0,0.0,1.0,1.0,1.0,9.5,13.0,-4.0,0.0,0.0,1.0,9.5,0.0,1.0,0.0,0.0,1.0,0.0,9.5,0.0,,0.0,1.0,,0.0,0.0,1.0,0.0,0.0,1.0,0.0,0.5,0.0,1.0,1.0,0.0,0.0,1.0,0.0,0.0,0.0,1.0,0.0,,1.0,0.0,0.0,0.0,0.0,1.0,0.0,0.0,0.0,,0.0,,0.5,0.0,0.0,0.0,0.0,,1.0,0.0,0.5,0.0,0.0,,,1.0,1.0,0.0,1.0,0.0,1.0,1.0,0.0,,0.0,0.0,1.0
sbo_rich_v6_context_java,CWE121_Stack_Based_Buffer_Overflow__CWE805_struct_alloca_memmove_14__O0_nocanary_nopie,CWE121_Stack_Based_Buffer_Overflow__CWE805_struct_alloca_memmove_14__O0_nocanary_nopie.json,CWE121_Stack_Based_Buffer_Overflow__CWE805_struct_alloca_memmove_14__O0_nocanary_nopie,CWE121_Stack_Based_Buffer_Overflow__CWE805_struct_alloca_memmove_14,O0_nocanary_nopie,CWE121_Stack_Based_Buffer_Overflow__CWE805_struct_alloca_memmove_14_bad,CWE121_Stack_Based_Buffer_Overflow__CWE805_struct_alloca_memmove_14_bad,0x4011c6,1,bin_func_entry,800.0,800.0,1424.0,474.6666666666667,800.0,816.0,0.0,1424.0,1,0.0,0.0,24.0,0.0,474.6666666666667,200.0,816.0,0.0,0.0,23.0,21.0,21.0,21.0,36.0,-1384.0,21.0,25.0,55.0,-4152.0,14.0,816.0,0.0,1.0,14.0,-840.0,612.0,1.0,3.0,0.0,1224.0,0.0,0.0,0.0,10.0,1.0,1.0,0.0,0.0,0.0,0.0,1.0,0.0,1.0,5.0,0.0,3.0,0.0,1.0,,0.0,1.0,1.0,0.0,0.0,0.0,78.0,1.0,0.0,0.0,1.0,36.0,200.0,5.0,1.0,0.0,5.0,200.0,-1248.0,0.0,14.0,1.0,-1656.0,,-3312.0,1.0,1.0,1.0,,,1.0,9.0,5.0,12.5,0.0,0.0,0.0,7.0,-4.0,25.0,,3.0,1.0,5.0,0.0,1.0,0.0,2,0.0,2.0,1.0,0.0,5.5,0.0,2.0,1.0,0.0,,,1.0,1.0,0.0,0.0,0.0,0.0,0.0,5.5,1.0,0.0,6.0,,0.0,0.0,7.0,1.0,0.0,1.0,0.0,0.0,0.0,-7.0,0.0,0.0,0.0,0.0,5.5,0.0,1.0,7.0,1.0,5.0,1.0,7.0,0.0,0.0,6.0,0.0,-7.0,0.0,0.0,0.0,7.5,0.0,-7.0,0.0,0.0,1.0,0.0,7.0,0.0,1.0,1.0,1.0,0.0,0.0,0.0,0.0,1.0,0.0,21.0,,0.0,0.0,0.0,0.0,0.0,-5.5,0.0,12.0,0.0,1.0,0.0,-5.5,0.5,1.0,0.0,1.0,1.0,0.0,-5.5,0.0,2.0,0.0,1.0,,1.0,0.0,0.0,0.0,0.0,1.0,0.0,0.0,0.0,0.0,1.0,0.0,0.0,1.0,1.0,0.0,0.5,0.0,0.0,,0.0,1.0,0.0,1.0,0.0,0.0,0.0,0.0,1.0,,1.0,,0.0,1.0,0.0,0.0,0.0,,0.0,2.0,0.0,1.0,0.0,,6.0,0.0,0.0,0.0,0.0,0.0,0.0,0.0,2.0,1.0,1.0,0.0,0.0
sbo_rich_v6_context_java,O0_nocanary_nopie_CWE121_Stack_Based_Buffer_Overflow__CWE805_int_declare_memmove_68a__O0_nocanary_nopie,O0_nocanary_nopie_CWE121_Stack_Based_Buffer_Overflow__CWE805_int_declare_memmove_68a__O0_nocanary_nopie.json,O0_nocanary_nopie_CWE121_Stack_Based_Buffer_Overflow__CWE805_int_declare_memmove_68a__O0_nocanary_nopie,CWE121_Stack_Based_Buffer_Overflow__CWE805_int_declare_memmove_68a,O0_nocanary_nopie,goodG2B,goodG2B,0x4011ef,0,bin_func_entry,0.0,,600.0,600.0,,600.0,,600.0,1,,,11.0,,600.0,600.0,600.0,,,5.0,,,6.0,7.0,-616.0,,4.0,11.0,-616.0,3.0,600.0,,,3.0,-616.0,600.0,1.0,1.0,,600.0,,,,3.0,,1.0,0.0,,,,1.0,,,,0.0,1.0,,0.0,,,,,,,,2.0,,,,,2.0,,0.0,,,,,-616.0,,3.0,,-616.0,,-616.0,1.0,,,,,,1.0,1.0,7.0,,0.0,0.0,1.0,0.0,7.0,,0.0,,2.0,,,0.0,1,,1.0,,0.0,,,1.0,,,,,,1.0,,,,0.0,0.0,,1.0,0.0,1.0,,,,,,,,0.0,0.0,,,0.0,,,,0.0,0.0,,0.0,,,,,,0.0,,,0.0,0.0,0.0,0.0,0.0,,0.0,,,,,,,0.0,,,,,,0.0,,,,,,,,,0.0,,,0.0,,,,,0.0,,,,,,,,,,0.0,,,,,0.0,,1.0,,0.0,,,1.0,,,1.0,0.0,,0.0,,,,0.0,,,,,0.0,,,,,0.0,,0.0,,,,,,,0.0,0.0,,,,,,0.0,,,,,,0.0,,,,
sbo_rich_v6_context_java,O0_canary_nopie_CWE121_Stack_Based_Buffer_Overflow__CWE805_char_alloca_ncat_53a__O0_canary_nopie,O0_canary_nopie_CWE121_Stack_Based_Buffer_Overflow__CWE805_char_alloca_ncat_53a__O0_canary_nopie.json,O0_canary_nopie_CWE121_Stack_Based_Buffer_Overflow__CWE805_char_alloca_ncat_53a__O0_canary_nopie,CWE121_Stack_Based_Buffer_Overflow__CWE805_char_alloca_ncat_53a,O0_canary_nopie,CWE121_Stack_Based_Buffer_Overflow__CWE805_char_alloca_ncat_53d_badSink,CWE121_Stack_Based_Buffer_Overflow__CWE805_char_alloca_ncat_53d_badSink,0x4014ef,1,bin_func_entry,100.0,199.0,99.0,99.0,99.5,99.0,99.0,99.0,1,1.0,1.0,19.0,0.5,99.0,99.0,99.0,99.0,49.5,13.0,11.0,22.0,11.0,21.0,-120.0,12.0,15.0,29.0,-120.0,7.0,0.0,99.0,,9.0,-120.0,,1.0,1.0,0.0,,0.0,49.5,0.5,8.0,,1.0,1.0,99.0,1.0,1.0,2.0,0.5,1.0,2.0,1.0,1.0,-49.5,2.0,-120.0,1.0,1.0,2.0,0.5,1.0,-99.0,6.0,1.0,0.0,0.5,1.0,6.0,49.5,2.5,2.0,0.0,4.0,99.0,,1.0,6.0,0.5,,,,1.0,1.0,1.0,-120.0,,1.0,6.0,1.0,,1.0,2.0,0.0,1.0,9.0,,,1.0,2.0,5.0,1.0,0.5,0.3333333333333333,4,0.5,4.0,1.0,1.0,1.0,1.0,0.0,0.0,1.0,,-120.0,1.0,1.0,0.5,1.0,2.0,1.0,1.0,2.0,,0.3333333333333333,3.0,,1.0,1.0,1.0,0.5,0.5,0.5,0.0,1.0,0.0,1.0,0.0,1.0,0.5,0.0,2.0,0.0,0.5,2.0,1.0,1.0,1.0,2.0,0.5,2.0,,4.0,2.0,4.0,0.0,0.3333333333333333,2.0,0.0,2.0,0.0,0.0,1.0,1.0,1.0,0.0,1.0,1.0,0.0,0.5,1.0,1.0,2.0,1.0,1.0,,1.0,0.0,0.0,0.0,0.0,0.0,0.0,2.0,0.0,0.0,1.0,0.0,0.0,0.0,1.0,1.0,1.0,0.0,1.0,0.0,1.0,1.0,0.0,0.0,,0.0,1.0,1.0,0.0,0.0,1.0,0.0,0.0,0.0,0.0,1.0,0.0,0.0,1.0,0.0,0.0,0.0,0.0,0.0,1.0,0.0,0.0,0.0,0.0,0.0,0.0,0.0,0.0,0.0,,0.0,,0.0,0.0,0.0,0.0,0.0,1.0,0.0,1.0,0.0,0.0,0.0,,,0.0,0.0,0.0,0.0,0.0,0.0,0.0,0.0,,0.0,1.0,0.0
sbo_rich_v6_context_java,O0_canary_nopie_CWE121_Stack_Based_Buffer_Overflow__CWE805_char_alloca_memmove_17__O0_canary_nopie,O0_canary_nopie_CWE121_Stack_Based_Buffer_Overflow__CWE805_char_alloca_memmove_17__O0_canary_nopie.json,O0_canary_nopie_CWE121_Stack_Based_Buffer_Overflow__CWE805_char_alloca_memmove_17__O0_canary_nopie,CWE121_Stack_Based_Buffer_Overflow__CWE805_char_alloca_memmove_17,O0_canary_nopie,goodG2B,goodG2B,0x401302,0,bin_func_entry,100.0,199.0,271.0,90.33333333333331,99.5,112.0,99.0,271.0,1,1.0,1.0,32.0,0.5,90.33333333333331,60.0,112.0,99.0,49.5,26.0,23.0,46.0,23.0,44.0,-216.0,24.0,31.0,66.0,-648.0,15.0,112.0,99.0,1.0,19.0,-120.0,86.0,1.0,3.0,0.0,172.0,0.0,49.5,0.0,14.0,1.0,1.0,1.0,99.0,1.0,1.0,2.0,0.5,1.0,2.5,1.0,3.0,-49.5,2.0,-120.0,1.0,0.5,2.0,0.5,1.0,-99.0,82.0,2.0,0.0,0.5,1.0,40.0,49.5,4.0,1.0,0.0,5.0,99.0,-208.0,1.0,16.0,0.5,-264.0,,-528.0,1.0,1.0,1.0,-120.0,,1.0,10.0,6.0,16.5,0.0,2.0,0.0,7.0,5.0,33.0,,3.0,2.0,6.0,0.0,0.5,0.3333333333333333,4,0.5,4.0,2.0,1.0,3.25,1.0,2.0,1.0,1.0,,-120.0,2.0,1.0,0.5,1.0,2.0,1.0,1.0,4.5,1.0,0.3333333333333333,6.0,,1.0,1.0,4.5,0.5,0.5,0.5,0.0,1.0,0.0,-2.5,0.0,1.0,0.5,0.0,6.5,0.0,0.5,9.0,1.0,6.0,1.0,7.0,0.5,2.0,4.0,4.0,-5.0,4.0,0.0,0.3333333333333333,8.5,0.0,2.0,0.0,0.0,1.0,1.0,7.0,0.0,1.0,1.0,1.0,0.5,1.0,1.0,2.0,1.0,1.0,20.0,1.0,0.0,0.0,0.0,0.0,0.0,-2.25,2.0,12.0,0.0,1.0,0.0,-4.5,0.3333333333333333,1.0,1.0,1.0,0.5,1.0,0.0,1.0,3.0,0.0,1.0,,0.5,1.0,1.0,0.0,0.0,1.0,0.0,0.0,0.0,0.0,1.0,0.0,0.0,1.0,1.0,0.0,0.3333333333333333,0.0,0.0,1.0,0.0,1.0,0.0,0.5,0.0,0.0,0.0,0.0,1.0,,1.0,,0.0,1.0,0.0,0.0,0.0,1.0,0.0,2.0,0.0,0.5,0.0,,6.0,0.0,0.0,0.0,0.0,0.0,0.0,0.0,1.0,1.0,1.0,1.0,0.0
sbo_rich_v6_context_java,O2_nocanary_nopie_CWE121_Stack_Based_Buffer_Overflow__CWE806_char_alloca_snprintf_08__O2_nocanary_nopie,O2_nocanary_nopie_CWE121_Stack_Based_Buffer_Overflow__CWE806_char_alloca_snprintf_08__O2_nocanary_nopie.json,O2_nocanary_nopie_CWE121_Stack_Based_Buffer_Overflow__CWE806_char_alloca_snprintf_08__O2_nocanary_nopie,CWE121_Stack_Based_Buffer_Overflow__CWE806_char_alloca_snprintf_08,O2_nocanary_nopie,goodG2B2,goodG2B2,0x401240,0,bin_func_entry,49.0,49.0,97.0,24.25,16.333333333333332,49.0,65.0,97.0,2,1.0,1.0,22.0,0.3333333333333333,24.25,16.0,49.0,49.0,21.666666666666668,10.0,16.333333333333332,49.0,10.0,26.0,-102.0,19.0,12.0,30.0,-408.0,6.0,0.0,65.0,,3.0,-56.0,,1.0,4.0,-16.0,,-5.333333333333333,21.666666666666668,0.3333333333333333,11.0,,1.0,1.0,49.0,1.0,1.0,2.0,0.3333333333333333,1.0,2.0,1.0,4.0,-21.666666666666668,3.0,-280.0,1.0,0.6666666666666666,2.0,1.0,1.0,-65.0,9.0,2.0,0.0,0.3333333333333333,1.0,8.0,0.0,4.0,2.0,0.0,6.0,0.0,,1.0,7.0,0.6666666666666666,,15.0,,1.0,1.0,0.3333333333333333,-140.0,15.0,2.0,4.0,1.0,,1.0,3.0,0.0,1.0,12.0,,15.0,0.0,1.0,5.0,1.0,0.0,0.5,4,0.6666666666666666,4.0,2.0,3.0,2.0,1.0,0.0,1.0,2.0,,-88.0,2.0,1.0,0.6666666666666666,1.0,2.5,1.0,1.0,4.0,,0.5,1.0,15.0,2.0,1.0,3.0,0.0,0.3333333333333333,0.0,0.0,2.0,0.0,-0.5,0.0,2.0,0.6666666666666666,0.6666666666666666,6.0,1.0,0.3333333333333333,9.0,0.0,,0.0,7.0,0.6666666666666666,4.0,,4.0,-1.5,7.5,0.0,0.5,9.0,0.0,2.0,0.0,0.0,0.0,1.3333333333333333,2.0,0.0,0.0,1.0,0.0,0.6666666666666666,2.0,1.0,4.0,1.0,1.0,,2.0,0.0,1.0,0.0,1.0,0.0,-0.6666666666666666,2.0,11.0,0.0,0.0,0.0,-2.0,0.25,0.0,2.0,0.0,0.0,1.0,0.0,2.0,3.0,2.0,0.0,,0.3333333333333333,1.0,1.0,0.0,0.0,2.0,0.0,0.0,0.0,0.0,,1.0,0.3333333333333333,1.0,1.0,0.3333333333333333,0.25,0.0,0.0,,0.0,1.0,0.0,0.3333333333333333,0.0,0.0,0.0,1.0,1.0,3.0,0.0,1.0,0.25,1.0,0.0,0.0,0.0,2.0,1.0,0.0,0.0,0.3333333333333333,1.0,1.0,,0.0,1.0,0.0,0.3333333333333333,0.0,0.0,0.0,0.0,,1.0,1.0,0.0
sbo_rich_v6_context_java,O0_canary_nopie_CWE121_Stack_Based_Buffer_Overflow__CWE193_wchar_t_alloca_memcpy_31__O0_canary_nopie,O0_canary_nopie_CWE121_Stack_Based_Buffer_Overflow__CWE193_wchar_t_alloca_memcpy_31__O0_canary_nopie.json,O0_canary_nopie_CWE121_Stack_Based_Buffer_Overflow__CWE193_wchar_t_alloca_memcpy_31__O0_canary_nopie,CWE121_Stack_Based_Buffer_Overflow__CWE193_wchar_t_alloca_memcpy_31,O0_canary_nopie,CWE121_Stack_Based_Buffer_Overflow__CWE193_wchar_t_alloca_memcpy_31_good,CWE121_Stack_Based_Buffer_Overflow__CWE193_wchar_t_alloca_memcpy_31_good,0x40142c,0,bin_func_entry,0.0,,,,,,,0.0,1,,,14.0,,,0.0,0.0,,,6.0,,,5.0,8.0,,,4.0,14.0,,3.0,0.0,,,7.0,,,,0.0,,,,,,4.0,,,0.0,,,,0.0,,,,0.0,,,0.0,,,,,,,,6.0,,,,,6.0,,0.0,,,,,,,5.0,,,,,1.0,,,,,,4.0,2.0,,,0.0,0.0,2.0,0.0,,,1.0,,3.0,,,0.0,2,,2.0,,0.0,,,0.0,,,,,,1.0,,,,0.0,0.0,,,0.0,3.0,,,,,,,,0.0,0.0,,,0.0,,,,0.0,0.0,,0.0,,,,,,0.0,,,0.0,0.0,0.0,0.0,0.0,,0.0,,,,,1.0,,0.0,,,,,,0.0,,,,,,,,,0.0,,,0.0,,,,,0.0,,,,,,,,1.0,,0.0,,,,,0.0,,1.0,,0.0,,,1.0,,,1.0,0.0,,0.0,,,1.0,0.0,,,,,0.0,,,,,0.0,,0.0,,,,,1.0,,1.0,0.0,,,,,,0.0,,,,,,0.0,,,,
sbo_rich_v6_context_java,O0_nocanary_nopie_CWE121_Stack_Based_Buffer_Overflow__src_wchar_t_alloca_cpy_12__O0_nocanary_nopie,O0_nocanary_nopie_CWE121_Stack_Based_Buffer_Overflow__src_wchar_t_alloca_cpy_12__O0_nocanary_nopie.json,O0_nocanary_nopie_CWE121_Stack_Based_Buffer_Overflow__src_wchar_t_alloca_cpy_12__O0_nocanary_nopie,CWE121_Stack_Based_Buffer_Overflow__src_wchar_t_alloca_cpy_12,O0_nocanary_nopie,goodG2B,goodG2B,0x401387,0,bin_func_entry,49.0,98.0,154.0,77.0,32.666666666666664,102.0,1024.0,616.0,1,0.1200980392156862,0.2401960784313725,74.0,0.0800653594771241,308.0,208.0,408.0,408.0,341.3333333333333,41.0,34.333333333333336,103.0,40.0,58.0,-436.0,71.0,50.0,74.0,-872.0,36.0,408.0,208.0,1.0,9.0,-232.0,408.0,4.0,2.0,-208.0,408.0,-69.33333333333333,69.33333333333333,0.3333333333333333,35.0,1.0,4.0,0.0,208.0,0.0,0.3333333333333333,1.0,0.0,1.0,3.1666666666666665,2.0,8.0,-69.33333333333333,3.0,-232.0,1.0,1.0,3.0,1.0,1.0,-208.0,44.0,3.0,0.0,0.6666666666666666,1.0,22.0,0.0,4.5,3.0,0.0,9.5,0.0,-640.0,1.0,11.0,1.0,-640.0,,-640.0,1.0,1.0,0.6666666666666666,-232.0,,3.0,9.0,3.0,10.0,1.0,1.0,0.0,3.0,29.5,10.0,,2.0,2.0,7.0,1.0,0.0,0.75,4,1.0,5.0,2.0,3.0,1.0,1.0,1.0,2.0,3.0,,-232.0,1.0,1.0,1.0,2.0,7.666666666666667,0.0,1.0,3.0,1.0,0.75,4.0,,3.0,1.0,3.333333333333333,0.0,0.0,0.3333333333333333,0.0,3.0,0.0,4.333333333333333,0.0,1.0,0.3333333333333333,0.3333333333333333,3.0,0.0,0.0,10.0,0.0,4.0,0.0,8.0,0.0,20.0,2.0,17.0,13.0,23.0,0.0,0.25,3.0,0.0,17.0,0.0,0.0,0.0,5.0,3.0,0.0,0.0,0.0,1.0,0.3333333333333333,1.0,1.0,15.0,0.0,1.0,10.0,1.0,0.0,1.0,0.0,1.0,0.0,4.0,15.0,14.0,0.6666666666666666,1.0,0.0,12.0,0.25,0.0,0.0,1.0,0.3333333333333333,0.0,15.0,1.0,1.0,1.0,1.0,,0.3333333333333333,0.0,0.0,2.0,1.0,1.0,0.0,0.25,0.0,0.3333333333333333,1.0,0.0,0.0,1.0,1.0,0.0,0.0,1.0,0.6666666666666666,1.0,1.0,1.0,0.0,0.0,2.0,0.0,0.0,0.0,0.0,,0.0,,0.25,0.0,0.0,0.0,1.0,,1.0,1.0,0.25,0.3333333333333333,0.0,,3.0,0.0,1.0,0.0,0.3333333333333333,0.0,0.0,0.3333333333333333,1.0,,1.0,0.0,1.0
sbo_rich_v6_context_java,O0_canary_nopie_CWE121_Stack_Based_Buffer_Overflow__CWE805_wchar_t_alloca_ncat_12__O0_canary_nopie,O0_canary_nopie_CWE121_Stack_Based_Buffer_Overflow__CWE805_wchar_t_alloca_ncat_12__O0_canary_nopie.json,O0_canary_nopie_CWE121_Stack_Based_Buffer_Overflow__CWE805_wchar_t_alloca_ncat_12__O0_canary_nopie,CWE121_Stack_Based_Buffer_Overflow__CWE805_wchar_t_alloca_ncat_12,O0_canary_nopie,CWE121_Stack_Based_Buffer_Overflow__CWE805_wchar_t_alloca_ncat_12_bad,CWE121_Stack_Based_Buffer_Overflow__CWE805_wchar_t_alloca_ncat_12_bad,0x4011e6,1,bin_func_entry,100.0,199.0,255.0,85.0,99.5,104.0,396.0,1020.0,1,0.25,0.25,36.0,0.125,340.0,208.0,416.0,396.0,198.0,23.0,28.0,56.0,22.0,46.0,-717.3333333333334,29.0,32.0,66.0,-2152.0,16.0,416.0,396.0,1.0,13.0,-424.0,312.0,4.0,3.0,-297.0,624.0,-148.5,198.0,0.0,14.0,1.0,4.0,0.25,396.0,0.25,0.5,2.0,0.125,1.0,2.5,1.0,12.0,-198.0,2.0,-424.0,1.0,0.5,2.0,0.5,1.0,-396.0,79.0,1.0,0.0,0.5,1.0,36.0,198.0,3.0,1.0,0.0,5.0,396.0,-656.0,1.0,16.0,0.5,-864.0,,-1728.0,1.0,1.0,1.0,-424.0,,1.0,11.0,6.0,16.5,0.0,1.0,0.0,6.0,7.5,33.0,,3.0,2.0,7.0,0.0,0.5,0.3333333333333333,5,0.5,5.0,1.0,1.0,1.0,1.0,2.0,0.0,1.0,,-424.0,1.0,1.0,0.5,1.0,2.0,1.0,1.0,2.0,1.0,0.3333333333333333,6.0,,1.0,1.0,1.0,0.5,0.5,0.5,0.0,1.0,0.0,1.0,0.0,1.0,0.5,0.0,2.0,0.0,0.5,2.0,1.0,4.0,1.0,2.0,0.5,2.0,4.0,4.0,2.0,4.0,0.0,0.3333333333333333,2.0,0.0,2.0,0.0,0.0,1.0,1.0,7.0,0.0,1.0,1.0,0.0,0.5,1.0,1.0,2.0,1.0,1.0,20.0,1.0,0.0,0.0,0.0,1.0,0.0,0.0,2.0,1.0,0.5,1.0,0.0,0.0,0.0,1.0,1.0,1.0,0.0,1.0,0.0,1.0,3.0,0.0,0.0,,0.0,1.0,1.0,1.0,1.0,1.0,0.0,0.0,0.0,0.0,1.0,0.0,0.0,1.0,0.0,0.0,0.0,0.0,0.0,2.0,0.0,0.0,0.0,0.0,0.0,0.0,0.0,0.0,0.0,,0.0,,0.0,0.0,0.0,0.0,0.0,1.0,0.0,2.0,0.0,0.0,0.0,,6.0,0.0,0.0,0.0,0.0,0.0,0.0,0.0,1.0,,0.0,0.0,0.0
sbo_rich_v6_context_java,O2_nocanary_nopie_CWE121_Stack_Based_Buffer_Overflow__CWE806_wchar_t_declare_ncat_44__O2_nocanary_nopie,O2_nocanary_nopie_CWE121_Stack_Based_Buffer_Overflow__CWE806_wchar_t_declare_ncat_44__O2_nocanary_nopie.json,O2_nocanary_nopie_CWE121_Stack_Based_Buffer_Overflow__CWE806_wchar_t_declare_ncat_44__O2_nocanary_nopie,CWE121_Stack_Based_Buffer_Overflow__CWE806_wchar_t_declare_ncat_44,O2_nocanary_nopie,CWE121_Stack_Based_Buffer_Overflow__CWE806_wchar_t_declare_ncat_44_bad,CWE121_Stack_Based_Buffer_Overflow__CWE806_wchar_t_declare_ncat_44_bad,0x401300,1,bin_func_entry,99.0,99.0,291.0,22.384615384615383,33.0,99.0,396.0,588.0,1,0.25,0.25,41.0,0.0833333333333333,45.23076923076923,16.0,396.0,396.0,132.0,20.0,31.33333333333333,94.0,22.0,23.0,-518.7692307692307,37.0,7.0,31.0,-6744.0,16.0,0.0,396.0,,1.0,-408.0,,1.2307692307692308,13.0,-297.0,,-99.0,132.0,0.6666666666666666,19.0,,4.0,0.25,396.0,0.25,1.0,4.0,0.0833333333333333,1.0,2.6666666666666665,1.0,16.0,-132.0,3.0,-408.0,1.0,0.6666666666666666,2.0,0.6666666666666666,1.0,-396.0,4.0,2.0,0.0,0.3333333333333333,1.0,4.0,132.0,5.5,2.0,0.0,8.0,396.0,,1.0,5.0,0.3333333333333333,,150.4,,,1.0,0.3333333333333333,-408.0,604.0,1.0,4.0,1.0,,2.0,3.0,0.0,1.0,6.5,,2256.0,0.0,1.0,5.0,1.0,0.3333333333333333,0.25,4,0.3333333333333333,4.0,2.0,2.0,2.0,1.0,0.0,1.0,1.0,,-408.0,2.0,1.0,0.3333333333333333,1.0,1.3333333333333333,1.0,1.0,4.0,,0.25,1.0,16.0,1.0,1.0,2.6666666666666665,0.3333333333333333,0.3333333333333333,0.3333333333333333,0.0,1.0,0.0,-1.3333333333333333,0.0,1.0,0.3333333333333333,0.6666666666666666,6.0,15.0,0.3333333333333333,8.0,1.0,1.0,1.0,6.0,0.3333333333333333,2.0,,4.0,-4.0,4.0,0.0,0.25,8.0,0.0,2.0,0.0,0.0,1.0,0.6666666666666666,,0.0,1.0,1.0,0.0,0.3333333333333333,1.0,1.0,2.0,1.0,1.0,,1.0,0.0,1.0,0.0,1.0,0.0,-1.3333333333333333,2.0,10.0,0.3333333333333333,1.0,0.0,-4.0,0.25,1.0,1.0,1.0,0.0,1.0,0.0,1.0,1.0,2.0,0.0,,0.3333333333333333,1.0,1.0,1.0,1.0,,0.0,0.0,0.0,0.0,,1.0,0.3333333333333333,1.0,1.0,0.3333333333333333,0.25,0.0,0.0,,0.0,1.0,0.0,0.3333333333333333,0.0,0.0,0.0,1.0,1.0,12.0,0.0,,0.0,1.0,0.0,0.0,0.0,,0.0,0.0,0.0,0.3333333333333333,1.0,1.0,,0.0,0.0,1.0,0.0,0.3333333333333333,0.0,0.0,0.0,,1.0,0.0,0.0
sbo_rich_v6_context_java,O0_nocanary_nopie_CWE121_Stack_Based_Buffer_Overflow__char_type_overrun_memmove_06__O0_nocanary_nopie,O0_nocanary_nopie_CWE121_Stack_Based_Buffer_Overflow__char_type_overrun_memmove_06__O0_nocanary_nopie.json,O0_nocanary_nopie_CWE121_Stack_Based_Buffer_Overflow__char_type_overrun_memmove_06__O0_nocanary_nopie,CWE121_Stack_Based_Buffer_Overflow__char_type_overrun_memmove_06,O0_nocanary_nopie,good1,good1,0x40179d,0,bin_func_entry,0.0,,,,,,,0.0,0,,,5.0,,,0.0,0.0,,,2.0,,,3.0,4.0,,,1.0,5.0,,1.0,0.0,,,2.0,,,,0.0,,,,,,1.0,,,0.0,,,,0.0,,,,0.0,,,0.0,,,,,,,,,,,,,,,0.0,,,,,,,1.0,,,,,,,,,,,0.0,,,,0.0,0.0,,0.0,,,0.0,,1.0,,,0.0,0,,0.0,,0.0,,,0.0,,,,,,1.0,,,,0.0,0.0,,,0.0,1.0,,,,,,,,0.0,0.0,,,0.0,,,,0.0,0.0,,0.0,,,,,,0.0,,,0.0,0.0,0.0,0.0,0.0,,0.0,,,,,,,0.0,,,,,,0.0,,,,,,,,,0.0,,,0.0,,,,,0.0,,,,,,,,,,0.0,1.0,,,,0.0,,1.0,,0.0,,,1.0,,,1.0,0.0,,0.0,,,,0.0,,,,,0.0,,,,,0.0,,0.0,,,,,,,0.0,0.0,,,,,,0.0,,,,,,0.0,,,,
sbo_rich_v6_context_java,O2_nocanary_nopie_CWE121_Stack_Based_Buffer_Overflow__src_wchar_t_alloca_cat_06__O2_nocanary_nopie,O2_nocanary_nopie_CWE121_Stack_Based_Buffer_Overflow__src_wchar_t_alloca_cat_06__O2_nocanary_nopie.json,O2_nocanary_nopie_CWE121_Stack_Based_Buffer_Overflow__src_wchar_t_alloca_cat_06__O2_nocanary_nopie,CWE121_Stack_Based_Buffer_Overflow__src_wchar_t_alloca_cat_06,O2_nocanary_nopie,CWE121_Stack_Based_Buffer_Overflow__src_wchar_t_alloca_cat_06_good,CWE121_Stack_Based_Buffer_Overflow__src_wchar_t_alloca_cat_06_good,0x401370,0,bin_func_entry,0.0,,,,,,,0.0,0,,,7.0,,,0.0,0.0,,,1.0,,,2.0,,,,,4.0,,0.0,0.0,,1.0,,,,,0.0,,,,,,1.0,1.0,,0.0,,,,0.0,,,,0.0,,,0.0,,,,,,,,4.0,,,,,4.0,,0.0,,,,,,,2.0,,,,,,,,,,,2.0,1.0,,,0.0,0.0,1.0,0.0,,,1.0,,3.0,,,0.0,1,,1.0,,0.0,,,0.0,,,,,,,,,,0.0,0.0,,,0.0,1.0,,,,,,,,0.0,0.0,,,0.0,,,,0.0,0.0,,0.0,,1.0,,,,0.0,,,0.0,0.0,0.0,0.0,0.0,,0.0,,,,,,,0.0,,,,,,0.0,,,,,,,,,0.0,,,0.0,,,,,0.0,,,,,,,,,,0.0,,,,,0.0,,,,0.0,,,,,,1.0,0.0,,0.0,,,,0.0,,,,,0.0,,,,,0.0,,0.0,,,,,,,0.0,0.0,,,,,,0.0,,,,,,0.0,,,,
sbo_rich_v6_context_java,O2_nocanary_nopie_CWE121_Stack_Based_Buffer_Overflow__CWE193_wchar_t_alloca_cpy_10__O2_nocanary_nopie,O2_nocanary_nopie_CWE121_Stack_Based_Buffer_Overflow__CWE193_wchar_t_alloca_cpy_10__O2_nocanary_nopie.json,O2_nocanary_nopie_CWE121_Stack_Based_Buffer_Overflow__CWE193_wchar_t_alloca_cpy_10__O2_nocanary_nopie,CWE121_Stack_Based_Buffer_Overflow__CWE193_wchar_t_alloca_cpy_10,O2_nocanary_nopie,goodG2B2,goodG2B2,0x401220,0,bin_func_entry,0.0,0.0,28.0,14.0,0.0,14.0,56.0,112.0,2,0.0,0.0,16.0,0.0,56.0,56.0,56.0,56.0,56.0,8.0,13.0,13.0,9.0,21.0,-100.0,13.0,7.0,24.0,-200.0,5.0,56.0,0.0,,3.0,-72.0,56.0,4.0,2.0,0.0,56.0,0.0,0.0,0.0,8.0,,4.0,0.0,0.0,0.0,0.0,2.0,0.0,1.0,5.0,0.0,8.0,0.0,1.0,,0.0,1.0,1.0,0.0,0.0,0.0,8.0,1.0,0.0,0.0,1.0,6.0,56.0,5.0,1.0,0.0,5.0,56.0,-128.0,0.0,5.0,1.0,-128.0,15.0,-128.0,1.0,0.0,0.0,,15.0,1.0,5.0,1.0,10.0,0.0,0.0,0.0,1.0,7.5,10.0,15.0,1.0,0.0,4.0,0.0,1.0,0.5,2,1.0,2.0,1.0,0.0,5.5,1.0,1.0,1.0,1.0,,,1.0,1.0,0.0,0.0,8.5,0.0,0.0,5.5,1.0,0.0,3.0,15.0,1.0,0.0,6.0,1.0,0.0,1.0,0.0,0.0,0.0,2.5,0.0,0.0,0.0,1.0,5.5,1.0,0.0,6.0,1.0,,1.0,6.0,0.0,0.0,,8.5,2.5,8.5,0.0,0.0,7.5,0.0,2.5,0.0,0.0,1.0,0.0,1.0,0.0,1.0,0.0,1.0,0.0,0.0,0.0,0.0,0.0,0.0,,,0.0,1.0,0.0,0.0,0.0,-5.5,0.0,11.0,0.0,1.0,0.0,-5.5,0.5,1.0,0.0,1.0,1.0,0.0,-5.5,0.0,,1.0,1.0,,1.0,0.0,0.0,0.0,0.0,2.0,0.0,0.5,0.0,1.0,,0.0,0.0,1.0,1.0,0.0,0.5,1.0,1.0,1.0,1.0,1.0,0.0,1.0,1.0,0.0,0.0,0.0,1.0,2.0,0.0,1.0,0.0,1.0,0.0,0.0,1.0,,0.0,1.0,0.0,1.0,0.0,,,0.0,0.0,0.0,0.0,0.0,0.0,0.0,1.0,,1.0,0.0,0.0
sbo_rich_v6_context_java,O0_nocanary_nopie_CWE121_Stack_Based_Buffer_Overflow__CWE806_wchar_t_declare_ncat_14__O0_nocanary_nopie,O0_nocanary_nopie_CWE121_Stack_Based_Buffer_Overflow__CWE806_wchar_t_declare_ncat_14__O0_nocanary_nopie.json,O0_nocanary_nopie_CWE121_Stack_Based_Buffer_Overflow__CWE806_wchar_t_declare_ncat_14__O0_nocanary_nopie,CWE121_Stack_Based_Buffer_Overflow__CWE806_wchar_t_declare_ncat_14,O0_nocanary_nopie,CWE121_Stack_Based_Buffer_Overflow__CWE806_wchar_t_declare_ncat_14_bad,CWE121_Stack_Based_Buffer_Overflow__CWE806_wchar_t_declare_ncat_14_bad,0x4011e6,1,bin_func_entry,99.0,99.0,150.0,75.0,33.0,102.0,600.0,600.0,1,0.2426470588235294,0.2426470588235294,69.0,0.0808823529411764,300.0,192.0,408.0,408.0,200.0,37.0,47.0,141.0,37.0,48.0,-528.0,65.0,43.0,57.0,-1056.0,33.0,408.0,192.0,,7.0,-424.0,408.0,4.0,2.0,-192.0,408.0,-64.0,64.0,0.3333333333333333,33.0,,4.0,0.0,192.0,0.0,0.6666666666666666,2.0,0.0,1.0,3.6666666666666665,1.0,8.0,-64.0,3.0,-632.0,1.0,0.6666666666666666,2.0,1.0,1.0,-192.0,6.0,2.0,0.0,0.3333333333333333,1.0,6.0,0.0,7.0,2.0,0.0,11.0,0.0,-424.0,1.0,7.0,0.6666666666666666,-424.0,,-424.0,1.0,1.0,0.3333333333333333,-632.0,,2.0,7.0,1.0,10.0,1.0,2.0,0.0,2.0,4.5,10.0,,1.0,1.0,6.0,1.0,0.3333333333333333,0.5,4,0.6666666666666666,4.0,2.0,3.0,2.6666666666666665,1.0,1.0,2.0,2.0,,-632.0,2.0,1.0,0.6666666666666666,1.0,1.8333333333333333,0.0,1.0,5.0,1.0,0.5,3.0,,2.0,1.0,5.0,0.0,0.0,0.3333333333333333,0.0,2.0,0.0,-3.1666666666666665,0.0,1.0,0.3333333333333333,0.6666666666666666,8.0,0.0,0.3333333333333333,15.0,1.0,1.0,0.0,8.0,0.0,2.0,,3.5,-9.5,5.5,0.0,0.25,13.0,0.0,0.0,0.0,0.0,1.0,0.6666666666666666,1.0,0.0,0.0,1.0,0.0,0.3333333333333333,1.0,1.0,2.0,1.0,1.0,1.0,1.0,0.0,1.0,0.0,1.0,0.0,-2.0,2.0,23.0,0.3333333333333333,1.0,0.0,-6.0,0.5,0.0,0.0,1.0,0.0,0.0,0.0,1.0,,2.0,0.0,,0.6666666666666666,0.0,0.0,1.0,1.0,1.0,0.0,0.0,0.0,0.0,1.0,1.0,0.3333333333333333,1.0,2.0,0.3333333333333333,0.25,0.0,0.3333333333333333,,0.0,1.0,0.0,0.3333333333333333,1.0,0.0,0.0,1.0,1.0,,0.0,,0.25,1.0,0.0,0.0,1.0,,1.0,1.0,0.0,0.6666666666666666,1.0,,,0.0,1.0,1.0,0.3333333333333333,0.3333333333333333,0.0,0.0,1.0,,2.0,0.0,0.0
sbo_rich_v6_context_java,O2_nocanary_nopie_CWE121_Stack_Based_Buffer_Overflow__CWE805_wchar_t_declare_snprintf_52a__O2_nocanary_nopie,O2_nocanary_nopie_CWE121_Stack_Based_Buffer_Overflow__CWE805_wchar_t_declare_snprintf_52a__O2_nocanary_nopie.json,O2_nocanary_nopie_CWE121_Stack_Based_Buffer_Overflow__CWE805_wchar_t_declare_snprintf_52a__O2_nocanary_nopie,CWE121_Stack_Based_Buffer_Overflow__CWE805_wchar_t_declare_snprintf_52a,O2_nocanary_nopie,CWE121_Stack_Based_Buffer_Overflow__CWE805_wchar_t_declare_snprintf_52b_badSink,CWE121_Stack_Based_Buffer_Overflow__CWE805_wchar_t_declare_snprintf_52b_badSink,0x4012a0,1,bin_func_entry,99.0,99.0,99.0,99.0,49.5,99.0,396.0,396.0,2,0.25,0.25,13.0,0.125,396.0,396.0,396.0,396.0,198.0,,9.0,18.0,0.0,,-408.0,10.0,,1.0,-408.0,0.0,0.0,396.0,1.0,,-408.0,,4.0,1.0,-297.0,,-148.5,198.0,0.5,,1.0,4.0,0.25,396.0,0.25,1.0,0.0,0.125,1.0,2.0,1.0,4.0,-198.0,2.0,-408.0,1.0,1.0,2.0,1.0,1.0,-396.0,,2.0,0.0,0.5,1.0,,0.0,2.5,2.0,0.0,4.0,0.0,,1.0,,1.0,,,,,1.0,0.5,-408.0,,2.0,1.0,,,1.0,2.0,0.0,,9.0,,,1.0,1.0,2.0,1.0,0.0,0.3333333333333333,0,0.5,0.0,2.0,2.0,1.75,1.0,0.0,1.0,1.0,,-408.0,2.0,,0.5,1.0,2.0,1.0,1.0,2.0,,0.3333333333333333,1.0,,1.0,1.0,1.5,0.0,0.5,0.0,1.0,1.0,0.0,0.5,0.0,1.0,0.5,0.5,3.5,0.0,0.0,3.0,0.0,,0.0,2.0,0.5,2.0,,4.0,1.0,4.0,0.0,0.3333333333333333,3.5,0.0,2.0,0.0,0.0,0.0,1.0,,0.0,0.0,0.0,1.0,0.5,1.0,1.0,2.0,0.0,1.0,,1.0,0.0,1.0,0.0,1.0,0.0,-0.75,2.0,1.0,0.5,0.0,0.0,-1.5,0.0,0.0,1.0,0.0,0.5,1.0,0.0,1.0,,1.0,1.0,,0.0,1.0,1.0,1.0,1.0,,0.0,0.0,0.0,0.0,,0.0,0.0,0.0,0.0,0.0,0.0,0.0,0.0,,0.0,0.0,0.0,0.0,0.0,0.0,0.0,0.0,0.0,,0.0,,0.0,0.0,0.0,0.0,0.0,,0.0,0.0,0.0,0.0,0.0,,,0.0,0.0,0.0,0.0,0.0,0.0,0.0,0.0,,0.0,0.0,0.0
sbo_rich_v6_context_java,O0_nocanary_nopie_CWE121_Stack_Based_Buffer_Overflow__CWE806_char_alloca_loop_10__O0_nocanary_nopie,O0_nocanary_nopie_CWE121_Stack_Based_Buffer_Overflow__CWE806_char_alloca_loop_10__O0_nocanary_nopie.json,O0_nocanary_nopie_CWE121_Stack_Based_Buffer_Overflow__CWE806_char_alloca_loop_10__O0_nocanary_nopie,CWE121_Stack_Based_Buffer_Overflow__CWE806_char_alloca_loop_10,O0_nocanary_nopie,goodG2B2,goodG2B2,0x4013da,0,bin_func_entry,49.0,49.0,152.0,76.0,24.5,104.0,104.0,152.0,1,0.4711538461538461,0.4711538461538461,74.0,0.235576923076923,76.0,48.0,104.0,104.0,52.0,32.0,41.0,82.0,29.0,43.0,-156.0,67.0,34.0,61.0,-312.0,23.0,104.0,0.0,1.0,19.0,-104.0,104.0,1.0,2.0,0.0,104.0,0.0,0.0,0.0,19.0,1.0,1.0,0.0,0.0,0.0,0.5,1.0,0.0,1.0,1.75,1.0,2.0,0.0,2.0,,1.0,0.5,1.0,1.0,1.0,0.0,50.0,1.0,0.0,0.5,1.0,28.0,0.0,3.5,1.0,0.0,3.5,0.0,-208.0,1.0,10.0,0.5,-208.0,,-208.0,1.0,1.0,0.5,,,1.0,10.0,3.0,12.0,0.0,1.0,0.0,4.0,7.5,12.0,,3.0,1.0,6.0,0.0,0.0,0.3333333333333333,3,0.5,3.0,1.0,2.0,0.0,1.0,1.0,0.0,1.0,,,0.0,1.0,0.5,1.0,2.0,0.0,0.0,0.0,1.0,0.3333333333333333,6.0,,1.0,1.0,1.0,0.0,0.0,0.0,0.0,1.0,0.0,1.0,0.0,0.0,0.0,0.5,0.0,0.0,0.0,2.0,0.0,6.0,0.0,2.0,0.0,0.0,2.0,4.0,2.0,4.0,0.0,0.0,0.0,0.0,2.0,0.0,0.0,0.0,0.0,6.0,0.0,0.0,0.0,0.0,0.0,0.0,0.0,0.0,0.0,0.0,10.0,,0.0,1.0,0.0,0.0,0.0,0.0,0.0,1.0,0.5,0.0,0.0,0.0,0.0,0.0,0.0,0.0,0.0,0.0,0.0,0.0,1.0,1.0,0.0,,0.0,0.0,0.0,1.0,1.0,1.0,0.0,0.0,0.0,0.0,1.0,1.0,0.0,1.0,0.0,0.5,0.0,0.0,0.5,1.0,0.0,0.0,0.0,0.0,1.0,0.0,0.0,0.0,0.0,,1.0,,0.0,0.0,0.0,0.0,1.0,,0.0,2.0,0.0,0.0,0.0,,3.0,0.0,0.0,0.0,0.0,0.0,0.0,0.0,2.0,,0.0,0.0,0.0
sbo_rich_v6_context_java,O0_canary_nopie_CWE121_Stack_Based_Buffer_Overflow__src_char_declare_cat_54a__O0_canary_nopie,O0_canary_nopie_CWE121_Stack_Based_Buffer_Overflow__src_char_declare_cat_54a__O0_canary_nopie.json,O0_canary_nopie_CWE121_Stack_Based_Buffer_Overflow__src_char_declare_cat_54a__O0_canary_nopie,CWE121_Stack_Based_Buffer_Overflow__src_char_declare_cat_54a,O0_canary_nopie,CWE121_Stack_Based_Buffer_Overflow__src_char_declare_cat_54d_badSink,CWE121_Stack_Based_Buffer_Overflow__src_char_declare_cat_54d_badSink,0x401453,1,bin_func_entry,0.0,,,,,,,0.0,1,,,14.0,,,0.0,0.0,,,8.0,,,7.0,11.0,,,7.0,17.0,,5.0,0.0,,,8.0,,,,0.0,,,,,,5.0,,,0.0,,,,0.0,,,,0.0,,,0.0,,,,,,,,6.0,,,,,6.0,,0.0,,,,,,,5.0,,,,,1.0,,,,,,4.0,2.0,,,0.0,0.0,2.0,0.0,,,1.0,,3.0,,,0.0,2,,2.0,,0.0,,,0.0,,,,,,1.0,,,,0.0,0.0,,,0.0,3.0,,,,,,,,0.0,0.0,,,0.0,,,,0.0,0.0,,0.0,,,,,,0.0,,,0.0,0.0,0.0,0.0,0.0,,0.0,,,,,1.0,,0.0,,,,,,0.0,,,,,,,,,0.0,,,0.0,,,,,0.0,,,,,,,,1.0,,0.0,,,,,0.0,,1.0,,0.0,,,1.0,,,1.0,0.0,,0.0,,,1.0,0.0,,,,,0.0,,,,,0.0,,0.0,,,,,1.0,,1.0,0.0,,,,,,0.0,,,,,,0.0,,,,
sbo_rich_v6_context_java,O0_nocanary_nopie_CWE121_Stack_Based_Buffer_Overflow__CWE805_wchar_t_declare_ncpy_68a__O0_nocanary_nopie,O0_nocanary_nopie_CWE121_Stack_Based_Buffer_Overflow__CWE805_wchar_t_declare_ncpy_68a__O0_nocanary_nopie.json,O0_nocanary_nopie_CWE121_Stack_Based_Buffer_Overflow__CWE805_wchar_t_declare_ncpy_68a__O0_nocanary_nopie,CWE121_Stack_Based_Buffer_Overflow__CWE805_wchar_t_declare_ncpy_68a,O0_nocanary_nopie,CWE121_Stack_Based_Buffer_Overflow__CWE805_wchar_t_declare_ncpy_68b_badSink,CWE121_Stack_Based_Buffer_Overflow__CWE805_wchar_t_declare_ncpy_68b_badSink,0x4012a1,1,bin_func_entry,99.0,198.0,99.0,99.0,99.0,99.0,396.0,396.0,1,0.25,0.25,15.0,0.125,396.0,396.0,396.0,396.0,198.0,10.0,10.0,20.0,10.0,19.0,-424.0,11.0,15.0,26.0,-424.0,6.0,0.0,396.0,,5.0,-424.0,,4.0,1.0,-297.0,,-148.5,198.0,1.0,7.0,,4.0,0.25,396.0,0.25,1.0,2.0,0.125,1.0,3.25,1.0,4.0,-198.0,2.0,-424.0,1.0,1.0,2.0,0.5,1.0,-396.0,4.0,2.0,0.0,0.5,1.0,4.0,198.0,4.0,2.0,0.0,6.5,396.0,,1.0,5.0,1.0,,,,1.0,1.0,1.0,-424.0,,2.0,3.0,1.0,,2.0,2.0,0.0,1.0,5.0,,,0.0,2.0,4.0,1.0,0.5,0.3333333333333333,3,0.5,3.0,2.0,1.0,2.5,1.0,0.0,1.0,1.0,,-424.0,2.0,1.0,0.5,1.0,2.0,1.0,1.0,3.0,,0.3333333333333333,1.0,,1.0,1.0,4.0,0.5,0.5,0.5,0.0,1.0,0.0,-2.0,0.0,1.0,0.5,0.0,5.0,0.0,0.5,8.0,1.0,1.0,1.0,6.0,0.5,2.0,,4.0,-4.0,4.0,0.0,0.3333333333333333,7.0,0.0,2.0,0.0,0.0,1.0,1.0,,0.0,1.0,1.0,0.0,0.5,1.0,1.0,2.0,1.0,1.0,,1.0,0.0,0.0,0.0,1.0,0.0,-1.5,2.0,11.0,0.5,1.0,0.0,-3.0,0.3333333333333333,1.0,1.0,1.0,0.0,1.0,0.0,1.0,,0.0,0.0,,0.5,1.0,1.0,1.0,1.0,1.0,0.0,0.0,0.0,0.0,1.0,0.0,0.0,1.0,1.0,0.0,0.0,0.0,0.0,,0.0,1.0,0.0,0.0,0.0,0.0,0.0,0.0,0.0,,0.0,,0.0,0.0,0.0,0.0,0.0,,0.0,0.0,0.0,0.5,0.0,,,0.0,0.0,0.0,0.0,0.0,0.0,0.0,0.0,,1.0,0.0,0.0
sbo_rich_v6_context_java,O2_nocanary_nopie_CWE121_Stack_Based_Buffer_Overflow__CWE131_memmove_03__O2_nocanary_nopie,O2_nocanary_nopie_CWE121_Stack_Based_Buffer_Overflow__CWE131_memmove_03__O2_nocanary_nopie.json,O2_nocanary_nopie_CWE121_Stack_Based_Buffer_Overflow__CWE131_memmove_03__O2_nocanary_nopie,CWE121_Stack_Based_Buffer_Overflow__CWE131_memmove_03,O2_nocanary_nopie,CWE121_Stack_Based_Buffer_Overflow__CWE131_memmove_03_bad,CWE121_Stack_Based_Buffer_Overflow__CWE131_memmove_03_bad,0x401270,1,bin_func_entry,40.0,40.0,38.0,12.666666666666666,40.0,16.0,6.0,38.0,1,6.666666666666667,6.666666666666667,15.0,6.666666666666667,12.666666666666666,6.0,16.0,6.0,6.0,8.0,12.0,12.0,9.0,15.0,-74.66666666666667,12.0,6.0,19.0,-224.0,5.0,0.0,6.0,,4.0,-56.0,,1.0,3.0,34.0,,34.0,6.0,0.0,7.0,,1.0,6.666666666666667,6.0,6.666666666666667,1.0,2.0,6.666666666666667,1.0,3.0,0.0,3.0,10.0,1.0,-96.0,1.0,1.0,1.0,0.0,0.0,10.0,5.0,1.0,10.0,0.0,1.0,4.0,16.0,3.0,1.0,34.0,3.0,16.0,,0.0,5.0,1.0,,15.0,,1.0,1.0,1.0,-96.0,15.0,1.0,2.0,1.0,,0.0,1.0,34.0,1.0,18.5,,15.0,0.0,1.0,3.0,0.0,1.0,0.5,2,1.0,2.0,0.0,0.0,1.0,1.0,0.0,1.0,1.0,,-96.0,1.0,1.0,0.0,1.0,10.0,0.0,1.0,1.0,,0.0,1.0,15.0,1.0,0.0,0.0,1.0,0.0,1.0,0.0,0.0,1.0,10.0,0.0,1.0,0.0,0.0,1.0,1.0,1.0,0.0,1.0,,1.0,0.0,0.0,20.0,,10.0,10.0,10.0,1.0,0.0,-1.0,1.0,10.0,1.0,1.0,1.0,13.0,1.0,1.0,1.0,1.0,1.0,1.0,1.0,1.0,13.0,1.0,0.0,,1.0,0.0,0.0,1.0,1.0,1.0,12.0,13.0,-4.0,0.0,1.0,1.0,12.0,0.0,1.0,0.0,1.0,1.0,0.0,12.0,0.0,1.0,0.0,1.0,,0.0,0.0,1.0,0.0,0.0,2.0,0.0,0.5,0.0,1.0,,0.0,0.0,1.0,0.0,0.0,0.0,1.0,0.0,,1.0,0.0,0.0,0.0,0.0,1.0,0.0,0.0,0.0,2.0,0.0,1.0,0.5,0.0,0.0,0.0,0.0,,1.0,0.0,0.5,0.0,0.0,1.0,,1.0,1.0,0.0,1.0,0.0,1.0,1.0,0.0,,0.0,0.0,1.0
sbo_rich_v6_context_java,O2_nocanary_nopie_CWE121_Stack_Based_Buffer_Overflow__CWE131_memcpy_04__O2_nocanary_nopie,O2_nocanary_nopie_CWE121_Stack_Based_Buffer_Overflow__CWE131_memcpy_04__O2_nocanary_nopie.json,O2_nocanary_nopie_CWE121_Stack_Based_Buffer_Overflow__CWE131_memcpy_04__O2_nocanary_nopie,CWE121_Stack_Based_Buffer_Overflow__CWE131_memcpy_04,O2_nocanary_nopie,CWE121_Stack_Based_Buffer_Overflow__CWE131_memcpy_04_good,CWE121_Stack_Based_Buffer_Overflow__CWE131_memcpy_04_good,0x4012c0,0,bin_func_entry,0.0,,,,,,,0.0,0,,,7.0,,,0.0,0.0,,,1.0,,,2.0,,,,,4.0,,0.0,0.0,,1.0,,,,,0.0,,,,,,1.0,1.0,,0.0,,,,0.0,,,,0.0,,,0.0,,,,,,,,4.0,,,,,4.0,,0.0,,,,,,,2.0,,,,,,,,,,,2.0,1.0,,,0.0,0.0,1.0,0.0,,,1.0,,3.0,,,0.0,1,,1.0,,0.0,,,0.0,,,,,,,,,,0.0,0.0,,,0.0,1.0,,,,,,,,0.0,0.0,,,0.0,,,,0.0,0.0,,0.0,,1.0,,,,0.0,,,0.0,0.0,0.0,0.0,0.0,,0.0,,,,,,,0.0,,,,,,0.0,,,,,,,,,0.0,,,0.0,,,,,0.0,,,,,,,,,,0.0,,,,,0.0,,,,0.0,,,,,,1.0,0.0,,0.0,,,,0.0,,,,,0.0,,,,,0.0,,0.0,,,,,,,0.0,0.0,,,,,,0.0,,,,,,0.0,,,,
sbo_rich_v6_context_java,O0_canary_nopie_CWE121_Stack_Based_Buffer_Overflow__CWE806_wchar_t_alloca_ncpy_03__O0_canary_nopie,O0_canary_nopie_CWE121_Stack_Based_Buffer_Overflow__CWE806_wchar_t_alloca_ncpy_03__O0_canary_nopie.json,O0_canary_nopie_CWE121_Stack_Based_Buffer_Overflow__CWE806_wchar_t_alloca_ncpy_03__O0_canary_nopie,CWE121_Stack_Based_Buffer_Overflow__CWE806_wchar_t_alloca_ncpy_03,O0_canary_nopie,goodG2B2,goodG2B2,0x40158c,0,bin_func_entry,49.0,49.0,150.0,75.0,16.333333333333332,102.0,600.0,600.0,1,0.1200980392156862,0.1200980392156862,76.0,0.040032679738562,300.0,192.0,408.0,408.0,200.0,44.0,50.333333333333336,151.0,42.0,59.0,-428.0,68.0,51.0,74.0,-856.0,38.0,408.0,192.0,,13.0,-216.0,408.0,4.0,2.0,-192.0,408.0,-64.0,64.0,0.3333333333333333,36.0,,4.0,0.0,192.0,0.0,1.0,1.0,0.0,1.0,2.833333333333333,1.0,8.0,-64.0,3.0,-216.0,1.0,0.6666666666666666,2.0,1.0,1.0,-192.0,43.0,2.0,0.0,0.3333333333333333,1.0,22.0,0.0,7.0,2.0,0.0,8.5,0.0,-640.0,1.0,12.0,0.6666666666666666,-640.0,,-640.0,1.0,1.0,0.3333333333333333,-216.0,,2.0,7.0,4.0,14.0,1.0,3.0,0.0,4.0,12.0,14.0,,1.0,1.0,6.0,1.0,0.3333333333333333,0.5,5,0.6666666666666666,5.0,2.0,3.0,1.6666666666666667,1.0,1.0,1.0,2.0,,-216.0,1.0,1.0,0.6666666666666666,1.0,2.5,0.0,1.0,5.0,1.0,0.5,3.0,,2.0,1.0,3.0,0.0,0.0,0.0,0.0,2.0,0.0,-0.5,0.0,1.0,0.3333333333333333,0.6666666666666666,5.0,0.0,0.3333333333333333,9.0,1.0,3.0,0.0,7.0,0.0,2.0,2.0,4.0,-1.5,7.5,0.0,0.25,8.0,0.0,2.0,0.0,0.0,1.0,0.6666666666666666,4.0,0.0,0.0,1.0,0.0,0.3333333333333333,1.0,1.0,2.0,1.0,1.0,10.0,1.0,0.0,1.0,0.0,1.0,0.0,-1.0,2.0,11.0,0.3333333333333333,0.0,0.0,-3.0,0.25,0.0,0.0,0.0,0.0,0.0,0.0,1.0,2.0,2.0,0.0,,0.3333333333333333,0.0,0.0,1.0,1.0,1.0,0.0,0.0,0.0,0.0,1.0,1.0,0.3333333333333333,1.0,1.0,0.3333333333333333,0.25,0.0,0.3333333333333333,1.0,0.0,1.0,0.0,0.3333333333333333,1.0,0.0,0.0,1.0,1.0,,0.0,,0.25,1.0,0.0,0.0,1.0,1.0,1.0,1.0,0.0,0.3333333333333333,1.0,,3.0,0.0,1.0,1.0,0.3333333333333333,0.3333333333333333,0.0,0.0,0.0,,1.0,0.0,0.0
sbo_rich_v6_context_java,O2_nocanary_nopie_CWE121_Stack_Based_Buffer_Overflow__src_char_alloca_cpy_64a__O2_nocanary_nopie,O2_nocanary_nopie_CWE121_Stack_Based_Buffer_Overflow__src_char_alloca_cpy_64a__O2_nocanary_nopie.json,O2_nocanary_nopie_CWE121_Stack_Based_Buffer_Overflow__src_char_alloca_cpy_64a__O2_nocanary_nopie,CWE121_Stack_Based_Buffer_Overflow__src_char_alloca_cpy_64a,O2_nocanary_nopie,CWE121_Stack_Based_Buffer_Overflow__src_char_alloca_cpy_64b_badSink,CWE121_Stack_Based_Buffer_Overflow__src_char_alloca_cpy_64b_badSink,0x4012c0,1,bin_func_entry,0.0,0.0,48.0,16.0,0.0,16.0,16.0,48.0,1,0.0,0.0,18.0,0.0,16.0,16.0,16.0,16.0,16.0,6.0,15.0,15.0,7.0,13.0,-56.0,15.0,5.0,17.0,-168.0,5.0,0.0,16.0,,3.0,-40.0,,1.0,3.0,-16.0,,-16.0,16.0,0.0,7.0,,1.0,0.0,16.0,0.0,1.0,0.0,0.0,1.0,3.0,0.0,3.0,-16.0,1.0,-72.0,1.0,1.0,1.0,1.0,1.0,-16.0,6.0,1.0,-16.0,0.0,1.0,6.0,0.0,3.0,1.0,-16.0,3.0,0.0,,0.0,4.0,1.0,,32.0,,,0.0,0.0,-72.0,48.0,1.0,2.0,1.0,,0.0,1.0,0.0,1.0,23.5,,96.0,0.0,0.0,3.0,0.0,1.0,0.5,2,1.0,2.0,0.0,1.0,0.0,1.0,0.0,1.0,1.0,,-72.0,0.0,1.0,1.0,0.0,17.0,0.0,1.0,0.0,,0.5,1.0,16.0,1.0,1.0,0.0,0.0,0.0,0.0,0.0,1.0,0.0,17.0,0.0,1.0,1.0,1.0,0.0,3.0,0.0,0.0,1.0,1.0,0.0,0.0,0.0,20.0,,17.0,17.0,17.0,0.0,0.5,-2.0,0.0,17.0,0.0,0.0,1.0,15.0,1.0,0.0,0.0,0.0,1.0,1.0,1.0,1.0,15.0,0.0,1.0,,1.0,0.0,1.0,0.0,1.0,0.0,15.0,15.0,-1.0,0.0,0.0,0.0,15.0,0.0,0.0,0.0,0.0,1.0,0.0,15.0,1.0,2.0,1.0,1.0,1.0,0.0,0.0,0.0,0.0,0.0,1.0,0.0,0.5,0.0,1.0,,0.0,0.0,1.0,0.0,0.0,0.0,1.0,0.0,,1.0,0.0,0.0,0.0,0.0,0.0,0.0,0.0,0.0,3.0,0.0,,0.5,0.0,0.0,0.0,0.0,1.0,1.0,0.0,0.5,0.0,0.0,1.0,,0.0,1.0,0.0,1.0,0.0,0.0,1.0,0.0,,0.0,0.0,1.0
sbo_rich_v6_context_java,O2_nocanary_nopie_CWE121_Stack_Based_Buffer_Overflow__CWE806_wchar_t_alloca_ncat_41__O2_nocanary_nopie,O2_nocanary_nopie_CWE121_Stack_Based_Buffer_Overflow__CWE806_wchar_t_alloca_ncat_41__O2_nocanary_nopie.json,O2_nocanary_nopie_CWE121_Stack_Based_Buffer_Overflow__CWE806_wchar_t_alloca_ncat_41__O2_nocanary_nopie,CWE121_Stack_Based_Buffer_Overflow__CWE806_wchar_t_alloca_ncat_41,O2_nocanary_nopie,CWE121_Stack_Based_Buffer_Overflow__CWE806_wchar_t_alloca_ncat_41_badSink,CWE121_Stack_Based_Buffer_Overflow__CWE806_wchar_t_alloca_ncat_41_badSink,0x4012f0,1,bin_func_entry,0.0,0.0,192.0,16.0,0.0,16.0,0.0,192.0,0,0.0,0.0,37.0,0.0,16.0,16.0,16.0,0.0,0.0,16.0,32.5,65.0,17.0,22.0,-128.0,33.0,7.0,28.0,-1536.0,15.0,0.0,0.0,,2.0,-40.0,,1.0,12.0,0.0,,0.0,0.0,0.5,18.0,,1.0,0.0,0.0,0.0,1.0,0.0,0.0,1.0,2.75,0.0,12.0,0.0,2.0,,1.0,0.5,1.0,1.0,1.0,0.0,4.0,1.0,0.0,0.0,0.0,4.0,0.0,5.5,1.0,0.0,5.5,0.0,,0.0,5.0,0.0,,111.07692307692308,,,0.0,0.0,,196.0,0.0,3.0,1.0,,1.0,2.0,0.0,1.0,-1.0,,1444.0,0.0,0.0,4.0,1.0,0.5,0.0,3,0.0,3.0,1.0,2.0,2.0,0.0,0.0,1.0,0.0,,,1.0,1.0,0.0,0.0,0.0,0.0,1.0,4.0,,0.0,1.0,16.0,0.0,0.0,3.0,0.0,0.0,0.0,0.0,0.0,0.0,-3.0,0.0,0.0,0.0,1.0,4.0,13.0,0.5,6.0,1.0,1.0,0.0,6.0,0.0,0.0,,0.0,-6.0,0.0,0.0,0.0,6.0,0.0,0.0,0.0,0.0,1.0,0.0,,0.0,0.0,1.0,0.0,0.0,0.0,0.0,0.0,1.0,0.0,,,0.0,1.0,0.0,0.0,0.0,-2.0,0.0,9.0,0.0,0.0,0.0,-4.0,0.3333333333333333,0.0,0.0,0.0,0.0,0.0,0.0,0.0,1.0,2.0,0.0,1.0,0.5,0.0,0.0,0.0,0.0,1.0,0.0,0.0,0.0,0.0,,1.0,0.5,1.0,1.0,0.5,0.3333333333333333,0.0,0.0,,0.0,1.0,0.0,0.5,0.0,0.0,0.0,1.0,1.0,12.0,0.0,,0.0,1.0,0.0,0.0,0.0,,0.0,0.0,0.0,0.5,1.0,1.0,,0.0,0.0,1.0,0.0,0.5,0.0,0.0,0.0,,1.0,0.0,0.0
sbo_rich_v6_context_java,O0_nocanary_nopie_CWE121_Stack_Based_Buffer_Overflow__CWE193_wchar_t_alloca_memcpy_17__O0_nocanary_nopie,O0_nocanary_nopie_CWE121_Stack_Based_Buffer_Overflow__CWE193_wchar_t_alloca_memcpy_17__O0_nocanary_nopie.json,O0_nocanary_nopie_CWE121_Stack_Based_Buffer_Overflow__CWE193_wchar_t_alloca_memcpy_17__O0_nocanary_nopie,CWE121_Stack_Based_Buffer_Overflow__CWE193_wchar_t_alloca_memcpy_17,O0_nocanary_nopie,CWE121_Stack_Based_Buffer_Overflow__CWE193_wchar_t_alloca_memcpy_17_good,CWE121_Stack_Based_Buffer_Overflow__CWE193_wchar_t_alloca_memcpy_17_good,0x4013dc,0,bin_func_entry,0.0,,,,,,,0.0,1,,,6.0,,,0.0,0.0,,,2.0,,,3.0,4.0,,,1.0,6.0,,1.0,0.0,,,2.0,,,,0.0,,,,,,2.0,,,0.0,,,,0.0,,,,0.0,,,0.0,,,,,,,,,,,,,,,0.0,,,,,,,2.0,,,,,,,,,,,1.0,,,,0.0,0.0,,0.0,,,0.0,,2.0,,,0.0,1,,1.0,,0.0,,,0.0,,,,,,1.0,,,,0.0,0.0,,,0.0,1.0,,,,,,,,0.0,0.0,,,0.0,,,,0.0,0.0,,0.0,,,,,,0.0,,,0.0,0.0,0.0,0.0,0.0,,0.0,,,,,,,0.0,,,,,,0.0,,,,,,,,,0.0,,,0.0,,,,,0.0,,,,,,,,,,0.0,1.0,,,,0.0,,1.0,,0.0,,,1.0,,,1.0,0.0,,0.0,,,,0.0,,,,,0.0,,,,,0.0,,0.0,,,,,,,0.0,0.0,,,,,,0.0,,,,,,0.0,,,,
sbo_rich_v6_context_java,O2_nocanary_nopie_CWE121_Stack_Based_Buffer_Overflow__CWE805_struct_declare_memmove_32__O2_nocanary_nopie,O2_nocanary_nopie_CWE121_Stack_Based_Buffer_Overflow__CWE805_struct_declare_memmove_32__O2_nocanary_nopie.json,O2_nocanary_nopie_CWE121_Stack_Based_Buffer_Overflow__CWE805_struct_declare_memmove_32__O2_nocanary_nopie,CWE121_Stack_Based_Buffer_Overflow__CWE805_struct_declare_memmove_32,O2_nocanary_nopie,goodG2B,goodG2B,0x401220,0,bin_func_entry,800.0,800.0,1608.0,536.0,800.0,800.0,800.0,1608.0,1,1.0,1.0,20.0,1.0,536.0,8.0,800.0,800.0,800.0,7.0,17.0,17.0,6.0,9.0,-808.0,17.0,4.0,18.0,-2424.0,2.0,0.0,800.0,,1.0,-8.0,,1.0,3.0,0.0,,0.0,800.0,0.0,4.0,,1.0,1.0,800.0,1.0,1.0,2.0,1.0,1.0,2.5,0.0,3.0,-800.0,1.0,-1608.0,1.0,1.0,1.0,1.0,1.0,-800.0,8.0,1.0,-800.0,0.0,0.0,8.0,0.0,2.5,1.0,0.0,2.5,0.0,,0.0,4.0,0.0,,1200.0,,,1.0,1.0,-1608.0,1600.0,0.0,5.0,1.0,,0.0,1.0,0.0,2.0,13.5,,2400.0,1.0,1.0,4.0,0.0,1.0,0.5,2,1.0,2.0,1.0,1.0,3.0,1.0,0.0,1.0,1.0,,-1608.0,1.0,1.0,1.0,1.0,9.0,1.0,1.0,3.0,,0.5,3.0,800.0,1.0,1.0,6.0,0.0,1.0,0.0,0.0,1.0,0.0,3.0,0.0,1.0,1.0,0.0,3.0,2.0,1.0,6.0,1.0,2.0,0.0,6.0,0.0,10.0,1.0,9.0,3.0,9.0,0.0,0.5,4.0,0.0,3.0,0.0,0.0,1.0,7.0,,0.0,0.0,1.0,1.0,1.0,1.0,1.0,7.0,1.0,1.0,1.0,1.0,1.0,0.0,0.0,0.0,0.0,4.0,7.0,8.0,0.0,0.0,0.0,4.0,0.0,0.0,0.0,0.0,1.0,1.0,4.0,1.0,1.0,0.0,1.0,,0.0,0.0,1.0,0.0,0.0,,0.0,0.5,0.0,1.0,1.0,0.0,0.0,1.0,0.0,0.0,0.0,1.0,0.0,,1.0,0.0,1.0,0.0,0.0,0.0,0.0,0.0,0.0,2.0,1.0,,0.5,0.0,1.0,0.0,0.0,,1.0,1.0,0.5,1.0,0.0,1.0,,0.0,1.0,0.0,1.0,0.0,0.0,1.0,1.0,,1.0,1.0,1.0
sbo_rich_v6_context_java,O2_nocanary_nopie_CWE121_Stack_Based_Buffer_Overflow__CWE193_wchar_t_alloca_memmove_09__O2_nocanary_nopie,O2_nocanary_nopie_CWE121_Stack_Based_Buffer_Overflow__CWE193_wchar_t_alloca_memmove_09__O2_nocanary_nopie.json,O2_nocanary_nopie_CWE121_Stack_Based_Buffer_Overflow__CWE193_wchar_t_alloca_memmove_09__O2_nocanary_nopie,CWE121_Stack_Based_Buffer_Overflow__CWE193_wchar_t_alloca_memmove_09,O2_nocanary_nopie,CWE121_Stack_Based_Buffer_Overflow__CWE193_wchar_t_alloca_memmove_09_bad,CWE121_Stack_Based_Buffer_Overflow__CWE193_wchar_t_alloca_memmove_09_bad,0x401320,1,bin_func_entry,1.0,1.0,24.0,12.0,0.5,14.0,10.0,66.0,1,0.1,0.1,14.0,0.05,33.0,10.0,56.0,10.0,5.0,10.0,10.5,21.0,10.0,23.0,-92.0,11.0,7.0,27.0,-184.0,5.0,0.0,10.0,,3.0,-72.0,,2.5,2.0,-9.0,,-4.5,5.0,0.0,9.0,,4.0,0.1,10.0,0.1,1.0,4.0,0.05,1.0,3.25,0.0,5.0,23.0,2.0,-112.0,1.0,0.5,2.0,0.5,1.0,46.0,8.0,1.0,46.0,0.0,1.0,6.0,28.0,6.0,1.0,0.0,6.5,56.0,,0.0,6.0,0.5,,15.0,,1.0,1.0,0.5,-112.0,15.0,1.0,6.0,1.0,,0.0,2.0,0.0,1.0,4.0,,15.0,1.0,1.0,5.0,0.0,0.5,0.3333333333333333,3,0.5,3.0,1.0,1.0,3.5,1.0,0.0,1.0,1.0,,-112.0,1.0,1.0,0.0,1.0,2.5,1.0,1.0,7.0,,0.0,3.0,15.0,1.0,0.0,4.5,0.5,0.5,0.5,0.0,0.0,0.0,-2.0,0.0,1.0,0.0,0.5,7.0,1.0,0.5,9.0,1.0,,1.0,9.0,0.0,15.0,1.0,5.0,-4.0,5.0,1.0,0.0,7.0,0.0,0.0,0.5,1.0,1.0,4.0,1.0,0.0,1.0,1.0,1.0,0.5,1.0,1.0,8.0,1.0,0.0,,1.0,0.5,1.0,0.5,1.0,1.0,0.5,8.0,12.0,0.5,1.0,1.0,1.0,0.3333333333333333,1.0,0.0,1.0,0.5,1.0,1.0,0.0,,1.0,1.0,,0.5,0.0,1.0,1.0,1.0,2.0,0.0,0.0,0.0,0.0,,1.0,0.5,1.0,1.0,0.5,0.0,0.0,0.0,1.0,0.0,1.0,1.0,0.0,0.0,0.0,0.0,1.0,0.0,2.0,0.0,1.0,0.3333333333333333,0.0,1.0,0.0,0.0,,1.0,1.0,0.3333333333333333,0.5,1.0,,,0.0,1.0,1.0,0.5,0.5,0.0,0.5,1.0,,1.0,0.0,1.0
sbo_rich_v6_context_java,O0_canary_nopie_CWE121_Stack_Based_Buffer_Overflow__CWE805_wchar_t_declare_memmove_10__O0_canary_nopie,O0_canary_nopie_CWE121_Stack_Based_Buffer_Overflow__CWE805_wchar_t_declare_memmove_10__O0_canary_nopie.json,O0_canary_nopie_CWE121_Stack_Based_Buffer_Overflow__CWE805_wchar_t_declare_memmove_10__O0_canary_nopie,CWE121_Stack_Based_Buffer_Overflow__CWE805_wchar_t_declare_memmove_10,O0_canary_nopie,goodG2B2,goodG2B2,0x40135e,0,bin_func_entry,400.0,499.0,199.0,99.5,249.5,100.0,496.0,496.0,1,4.0,4.25,26.0,2.125,248.0,100.0,396.0,396.0,248.0,16.0,17.0,34.0,14.0,29.0,-624.0,18.0,20.0,38.0,-1248.0,9.0,100.0,396.0,,11.0,-424.0,100.0,2.5,2.0,-297.0,100.0,-148.5,198.0,0.0,10.0,,4.0,0.25,396.0,0.25,0.0,3.0,0.125,1.0,3.5,1.0,5.0,-198.0,2.0,-424.0,0.0,0.5,2.0,0.5,1.0,-396.0,11.0,2.0,0.0,0.5,1.0,10.0,198.0,5.0,1.0,0.0,7.0,396.0,-824.0,1.0,7.0,0.5,-824.0,,-824.0,1.0,1.0,1.0,-424.0,,1.0,9.0,2.0,13.0,0.0,0.0,0.0,2.0,17.0,13.0,,2.0,2.0,6.0,0.0,0.5,0.6666666666666666,4,1.0,4.0,2.0,1.0,3.75,1.0,1.0,1.0,2.0,,-424.0,2.0,1.0,0.5,2.0,6.0,1.0,0.0,5.5,1.0,0.3333333333333333,5.0,,2.0,1.0,4.0,0.5,0.5,0.5,0.0,1.0,1.0,2.0,0.0,1.0,0.5,0.0,7.5,0.0,0.5,8.0,1.0,1.0,1.0,6.0,0.5,2.0,,8.0,4.0,12.0,0.0,0.3333333333333333,9.5,1.0,2.0,0.0,0.0,1.0,1.0,2.0,0.5,1.0,1.0,1.0,0.5,1.0,1.0,2.0,1.0,1.0,,1.0,0.0,0.0,0.0,1.0,0.0,-2.75,2.0,10.0,0.5,1.0,0.0,-5.5,0.3333333333333333,1.0,1.0,1.0,0.5,1.0,0.0,1.0,1.0,0.0,1.0,,0.5,1.0,1.0,1.0,1.0,1.0,0.0,0.3333333333333333,0.0,0.5,1.0,0.0,0.0,1.0,1.0,0.0,0.3333333333333333,1.0,0.5,2.0,1.0,1.0,0.0,0.5,1.0,0.0,0.0,0.0,1.0,,0.0,,0.0,1.0,0.0,0.0,1.0,1.0,0.0,2.0,0.0,0.5,0.0,,,0.0,0.0,0.0,0.0,0.0,0.0,0.0,1.0,,1.0,0.0,0.0
sbo_rich_v6_context_java,O0_nocanary_nopie_CWE121_Stack_Based_Buffer_Overflow__CWE806_wchar_t_declare_memcpy_11__O0_nocanary_nopie,O0_nocanary_nopie_CWE121_Stack_Based_Buffer_Overflow__CWE806_wchar_t_declare_memcpy_11__O0_nocanary_nopie.json,O0_nocanary_nopie_CWE121_Stack_Based_Buffer_Overflow__CWE806_wchar_t_declare_memcpy_11__O0_nocanary_nopie,CWE121_Stack_Based_Buffer_Overflow__CWE806_wchar_t_declare_memcpy_11,O0_nocanary_nopie,goodG2B1,goodG2B1,0x401381,0,bin_func_entry,49.0,51.0,102.0,102.0,17.0,102.0,408.0,408.0,1,0.1200980392156862,0.1200980392156862,73.0,0.040032679738562,408.0,408.0,408.0,408.0,136.0,37.0,58.0,174.0,37.0,49.0,-424.0,69.0,42.0,60.0,-424.0,33.0,408.0,0.0,1.0,7.0,-424.0,408.0,4.0,1.0,0.0,408.0,0.0,0.0,0.0,35.0,1.0,4.0,0.0,0.0,0.0,0.6666666666666666,3.0,0.0,1.0,2.6666666666666665,1.0,4.0,0.0,3.0,,1.0,0.6666666666666666,2.0,1.0,1.0,0.0,7.0,2.0,0.0,0.3333333333333333,1.0,6.0,0.0,4.5,2.0,0.0,8.0,0.0,-424.0,1.0,8.0,0.3333333333333333,-424.0,,-424.0,1.0,1.0,0.6666666666666666,,,1.0,10.0,1.0,34.0,0.0,2.0,0.0,1.0,5.0,34.0,,2.0,2.0,8.0,0.0,0.3333333333333333,0.25,6,0.3333333333333333,6.0,2.0,3.0,1.5,1.0,1.0,1.0,1.0,,,1.0,1.0,0.3333333333333333,1.0,1.3333333333333333,0.0,1.0,4.5,1.0,0.25,4.0,,1.0,1.0,3.0,0.0,0.0,0.3333333333333333,0.0,1.0,0.0,-1.6666666666666667,0.0,0.0,0.0,0.3333333333333333,4.5,0.0,0.3333333333333333,9.0,1.0,1.0,0.0,7.0,0.0,0.0,1.0,4.0,-5.0,4.0,0.0,0.0,6.5,0.0,2.0,0.0,0.0,1.0,0.0,,0.0,0.0,1.0,1.0,0.0,0.0,0.0,0.0,1.0,0.0,,,0.0,1.0,0.0,0.0,0.0,-1.5,0.0,12.0,0.3333333333333333,1.0,0.0,-4.5,0.25,0.0,0.0,1.0,0.3333333333333333,0.0,0.0,0.0,,1.0,1.0,,0.3333333333333333,0.0,0.0,1.0,1.0,1.0,0.0,0.0,0.0,0.0,1.0,1.0,0.3333333333333333,1.0,1.0,0.3333333333333333,0.25,0.0,0.3333333333333333,1.0,0.0,1.0,0.0,0.3333333333333333,1.0,0.0,0.0,1.0,1.0,,0.0,,0.0,1.0,0.0,0.0,1.0,,0.0,1.0,0.0,0.3333333333333333,1.0,,,0.0,0.0,1.0,0.0,0.3333333333333333,0.0,0.0,1.0,,1.0,0.0,0.0
sbo_rich_v6_context_java,O0_canary_nopie_CWE121_Stack_Based_Buffer_Overflow__CWE805_char_declare_memmove_14__O0_canary_nopie,O0_canary_nopie_CWE121_Stack_Based_Buffer_Overflow__CWE805_char_declare_memmove_14__O0_canary_nopie.json,O0_canary_nopie_CWE121_Stack_Based_Buffer_Overflow__CWE805_char_declare_memmove_14__O0_canary_nopie,CWE121_Stack_Based_Buffer_Overflow__CWE805_char_declare_memmove_14,O0_canary_nopie,goodG2B1,goodG2B1,0x40128c,0,bin_func_entry,100.0,199.0,211.0,105.5,99.5,112.0,211.0,211.0,1,1.0,1.8928571428571428,29.0,0.9464285714285714,105.5,99.0,112.0,112.0,105.5,16.0,20.0,40.0,14.0,29.0,-176.0,21.0,21.0,41.0,-352.0,9.0,112.0,99.0,1.0,11.0,-120.0,112.0,1.0,2.0,0.0,112.0,0.0,49.5,0.0,11.0,1.0,1.0,1.0,99.0,1.0,0.5,3.0,0.5,1.0,2.5,1.0,2.0,-49.5,2.0,-120.0,1.0,0.5,2.0,0.5,1.0,-99.0,10.0,2.0,0.0,0.5,1.0,10.0,49.5,3.0,1.0,0.0,5.0,99.0,-232.0,1.0,9.0,0.5,-232.0,,-232.0,1.0,1.0,1.0,-120.0,,1.0,11.0,2.0,13.0,0.0,1.0,0.0,3.0,10.5,13.0,,3.0,2.0,7.0,0.0,0.5,0.6666666666666666,4,1.0,5.0,2.0,1.0,1.75,1.0,1.0,1.0,2.0,,-120.0,2.0,1.0,0.5,2.0,4.5,1.0,1.0,2.0,1.0,0.3333333333333333,6.0,,2.0,1.0,4.0,0.5,0.5,0.5,0.0,1.0,0.0,0.5,0.0,1.0,0.5,0.0,3.5,0.0,0.5,8.0,1.0,1.0,1.0,6.0,0.5,2.0,,5.0,1.0,9.0,0.0,0.3333333333333333,3.5,0.0,2.0,0.0,0.0,1.0,1.0,2.0,0.0,1.0,1.0,1.0,0.5,1.0,1.0,2.0,1.0,1.0,,1.0,0.5,0.0,0.0,0.0,0.0,-0.75,2.0,10.0,0.5,1.0,0.0,-1.5,0.0,1.0,1.0,1.0,0.5,1.0,0.0,1.0,1.0,0.0,1.0,,0.0,1.0,1.0,1.0,1.0,1.0,0.0,0.0,0.0,0.0,1.0,0.0,0.0,1.0,0.0,0.0,0.0,0.0,0.5,2.0,0.0,0.0,1.0,0.0,1.0,0.0,0.0,0.0,0.0,,0.0,,0.0,0.0,1.0,0.0,1.0,1.0,0.0,2.0,0.0,0.5,0.0,,,0.0,0.0,0.0,0.0,0.0,0.0,0.0,1.0,,1.0,1.0,0.0
sbo_rich_v6_context_java,O0_nocanary_nopie_CWE121_Stack_Based_Buffer_Overflow__CWE193_wchar_t_alloca_memmove_52a__O0_nocanary_nopie,O0_nocanary_nopie_CWE121_Stack_Based_Buffer_Overflow__CWE193_wchar_t_alloca_memmove_52a__O0_nocanary_nopie.json,O0_nocanary_nopie_CWE121_Stack_Based_Buffer_Overflow__CWE193_wchar_t_alloca_memmove_52a__O0_nocanary_nopie,CWE121_Stack_Based_Buffer_Overflow__CWE193_wchar_t_alloca_memmove_52a,O0_nocanary_nopie,CWE121_Stack_Based_Buffer_Overflow__CWE193_wchar_t_alloca_memmove_52b_goodG2BSink,CWE121_Stack_Based_Buffer_Overflow__CWE193_wchar_t_alloca_memmove_52b_goodG2BSink,0x401378,0,bin_func_entry,0.0,,,,,,,0.0,1,,,7.0,,,0.0,0.0,,,4.0,,,5.0,6.0,,,4.0,10.0,,3.0,0.0,,,3.0,,,,0.0,,,,,,3.0,,,0.0,,,,0.0,,,,0.0,,,0.0,,,,,,,,2.0,,,,,2.0,,0.0,,,,,,,3.0,,,,,1.0,,,,,,1.0,1.0,,,0.0,0.0,1.0,0.0,,,0.0,,2.0,,,0.0,1,,1.0,,0.0,,,0.0,,,,,,1.0,,,,0.0,0.0,,,0.0,1.0,,,,,,,,0.0,0.0,,,0.0,,,,0.0,0.0,,0.0,,,,,,0.0,,,0.0,0.0,0.0,0.0,0.0,,0.0,,,,,,,0.0,,,,,,0.0,,,,,,,,,0.0,,,0.0,,,,,0.0,,,,,,,,,,0.0,,,,,0.0,,1.0,,0.0,,,1.0,,,1.0,0.0,,0.0,,,,0.0,,,,,0.0,,,,,0.0,,0.0,,,,,,,0.0,0.0,,,,,,0.0,,,,,,0.0,,,,
sbo_rich_v6_context_java,O0_nocanary_nopie_CWE121_Stack_Based_Buffer_Overflow__src_char_declare_cat_10__O0_nocanary_nopie,O0_nocanary_nopie_CWE121_Stack_Based_Buffer_Overflow__src_char_declare_cat_10__O0_nocanary_nopie.json,O0_nocanary_nopie_CWE121_Stack_Based_Buffer_Overflow__src_char_declare_cat_10__O0_nocanary_nopie,CWE121_Stack_Based_Buffer_Overflow__src_char_declare_cat_10,O0_nocanary_nopie,CWE121_Stack_Based_Buffer_Overflow__src_char_declare_cat_10_good,CWE121_Stack_Based_Buffer_Overflow__src_char_declare_cat_10_good,0x4013e3,0,bin_func_entry,0.0,,,,,,,0.0,1,,,7.0,,,0.0,0.0,,,2.0,,,3.0,4.0,,,1.0,7.0,,1.0,0.0,,,2.0,,,,0.0,,,,,,3.0,,,0.0,,,,0.0,,,,0.0,,,0.0,,,,,,,,,,,,,,,0.0,,,,,,,3.0,,,,,,,,,,,2.0,,,,0.0,0.0,,0.0,,,0.0,,3.0,,,0.0,2,,2.0,,0.0,,,0.0,,,,,,1.0,,,,0.0,0.0,,,0.0,1.0,,,,,,,,0.0,0.0,,,0.0,,,,0.0,0.0,,0.0,,,,,,0.0,,,0.0,0.0,0.0,0.0,0.0,,0.0,,,,,,,0.0,,,,,,0.0,,,,,,,,,0.0,,,0.0,,,,,0.0,,,,,,,,,,0.0,1.0,,,,0.0,,1.0,,0.0,,,1.0,,,1.0,0.0,,0.0,,,,0.0,,,,,0.0,,,,,0.0,,0.0,,,,,,,0.0,0.0,,,,,,0.0,,,,,,0.0,,,,
sbo_rich_v6_context_java,O0_nocanary_nopie_CWE121_Stack_Based_Buffer_Overflow__CWE193_char_declare_cpy_63a__O0_nocanary_nopie,O0_nocanary_nopie_CWE121_Stack_Based_Buffer_Overflow__CWE193_char_declare_cpy_63a__O0_nocanary_nopie.json,O0_nocanary_nopie_CWE121_Stack_Based_Buffer_Overflow__CWE193_char_declare_cpy_63a__O0_nocanary_nopie,CWE121_Stack_Based_Buffer_Overflow__CWE193_char_declare_cpy_63a,O0_nocanary_nopie,CWE121_Stack_Based_Buffer_Overflow__CWE193_char_declare_cpy_63_bad,CWE121_Stack_Based_Buffer_Overflow__CWE193_char_declare_cpy_63_bad,0x4011c6,1,bin_func_entry,0.0,,10.0,10.0,,10.0,,10.0,1,,,11.0,,10.0,10.0,10.0,,,6.0,,,7.0,9.0,-26.0,,5.0,13.0,-26.0,3.0,10.0,,,3.0,-26.0,10.0,1.0,1.0,,10.0,,,,4.0,,1.0,0.0,,,,2.0,,,,0.0,1.0,,0.0,,,,,,,,2.0,,,,,2.0,,0.0,,,,,-26.0,,3.0,,-26.0,,-26.0,1.0,,,,,,1.0,1.0,7.0,,0.0,0.0,1.0,0.0,7.0,,0.0,,2.0,,,0.0,1,,1.0,,0.0,,,1.0,,,,,,1.0,,,,0.0,0.0,,1.0,0.0,1.0,,,,,,,,0.0,0.0,,,0.0,,,,0.0,0.0,,0.0,,,,,,0.0,,,0.0,0.0,0.0,0.0,0.0,,0.0,,,,,,,0.0,,,,,,0.0,,,,,,,,,0.0,,,0.0,,,,,0.0,,,,,,,,,,0.0,,,,,0.0,,1.0,,0.0,,,1.0,,,1.0,0.0,,0.0,,,,0.0,,,,,0.0,,,,,0.0,,0.0,,,,,,,0.0,0.0,,,,,,0.0,,,,,,0.0,,,,
sbo_rich_v6_context_java,O0_canary_nopie_CWE121_Stack_Based_Buffer_Overflow__CWE193_wchar_t_alloca_ncpy_34__O0_canary_nopie,O0_canary_nopie_CWE121_Stack_Based_Buffer_Overflow__CWE193_wchar_t_alloca_ncpy_34__O0_canary_nopie.json,O0_canary_nopie_CWE121_Stack_Based_Buffer_Overflow__CWE193_wchar_t_alloca_ncpy_34__O0_canary_nopie,CWE121_Stack_Based_Buffer_Overflow__CWE193_wchar_t_alloca_ncpy_34,O0_canary_nopie,CWE121_Stack_Based_Buffer_Overflow__CWE193_wchar_t_alloca_ncpy_34_bad,CWE121_Stack_Based_Buffer_Overflow__CWE193_wchar_t_alloca_ncpy_34_bad,0x4011e6,1,bin_func_entry,1.0,1.0,90.0,30.0,0.5,64.0,0.0,168.0,1,0.0,0.0,32.0,0.0,56.0,48.0,64.0,0.0,0.0,30.0,24.5,49.0,28.0,51.0,-152.0,25.0,38.0,69.0,-456.0,22.0,64.0,0.0,,13.0,-72.0,56.0,3.0,3.0,0.0,112.0,0.0,0.0,0.0,18.0,,4.0,0.0,0.0,0.0,1.0,3.0,0.0,1.0,3.0,0.0,9.0,0.0,2.0,,1.0,0.5,1.0,0.5,1.0,0.0,76.0,1.0,0.0,0.0,1.0,34.0,28.0,6.0,1.0,0.0,6.0,56.0,-160.0,0.0,15.0,0.5,-192.0,,-384.0,1.0,1.0,0.5,,,1.0,6.0,6.0,17.5,0.0,2.0,0.0,6.0,-1.0,35.0,,1.0,1.0,5.0,0.0,0.5,0.0,4,0.0,4.0,1.0,1.0,2.0,0.0,2.0,1.0,0.0,,,1.0,1.0,0.0,0.0,0.0,0.0,1.0,4.0,1.0,0.0,3.0,,0.0,0.0,3.0,0.5,0.0,0.5,0.0,0.0,0.0,-3.0,0.0,0.0,0.0,0.5,4.0,0.0,0.5,6.0,1.0,4.0,1.0,6.0,0.0,0.0,4.0,0.0,-6.0,0.0,0.0,0.0,6.0,0.0,0.0,0.0,0.0,1.0,0.0,7.0,0.0,1.0,1.0,0.0,0.0,0.0,0.0,0.0,1.0,0.0,20.0,,0.0,1.0,0.0,0.0,0.0,-2.0,0.0,9.0,0.0,1.0,0.0,-4.0,0.3333333333333333,1.0,0.0,1.0,0.0,0.0,0.0,0.0,3.0,1.0,0.0,,0.5,0.0,0.0,0.0,0.0,1.0,0.0,0.0,0.0,0.0,1.0,1.0,0.5,1.0,1.0,0.5,0.3333333333333333,0.0,0.0,1.0,0.0,1.0,0.0,0.5,0.0,0.0,0.0,1.0,1.0,,0.0,,0.0,1.0,0.0,0.0,0.0,1.0,0.0,1.0,0.0,0.5,1.0,,6.0,0.0,0.0,1.0,0.0,0.5,0.0,0.0,0.0,,1.0,0.0,0.0
sbo_rich_v6_context_java,O0_nocanary_nopie_CWE121_Stack_Based_Buffer_Overflow__CWE131_memcpy_06__O0_nocanary_nopie,O0_nocanary_nopie_CWE121_Stack_Based_Buffer_Overflow__CWE131_memcpy_06__O0_nocanary_nopie.json,O0_nocanary_nopie_CWE121_Stack_Based_Buffer_Overflow__CWE131_memcpy_06__O0_nocanary_nopie,CWE121_Stack_Based_Buffer_Overflow__CWE131_memcpy_06,O0_nocanary_nopie,goodG2B2,goodG2B2,0x4012e0,0,bin_func_entry,40.0,40.0,42.0,14.0,40.0,16.0,10.0,42.0,1,4.0,4.0,17.0,4.0,14.0,10.0,16.0,10.0,10.0,12.0,14.0,14.0,13.0,25.0,-64.0,14.0,15.0,37.0,-192.0,9.0,10.0,0.0,,5.0,-40.0,10.0,1.0,3.0,0.0,10.0,0.0,0.0,0.0,8.0,,1.0,0.0,0.0,0.0,1.0,1.0,0.0,1.0,3.0,0.0,3.0,0.0,1.0,,1.0,1.0,1.0,0.0,0.0,0.0,39.0,1.0,0.0,0.0,1.0,18.0,16.0,3.0,1.0,0.0,3.0,16.0,-96.0,0.0,9.0,1.0,-96.0,,-96.0,1.0,1.0,1.0,,,1.0,5.0,3.0,10.0,0.0,1.0,0.0,4.0,18.5,10.0,,1.0,1.0,4.0,0.0,1.0,0.5,2,1.0,2.0,0.0,0.0,1.5,1.0,1.0,1.0,1.0,,,1.0,1.0,0.0,1.0,10.0,0.0,1.0,1.5,1.0,0.0,3.0,,1.0,0.0,0.0,1.0,0.0,1.0,0.0,0.0,1.0,10.0,0.0,0.0,0.0,0.0,1.5,0.0,1.0,0.0,1.0,2.0,1.0,0.0,0.0,0.0,2.0,10.0,10.0,10.0,0.0,0.0,1.5,1.0,10.0,0.0,0.0,1.0,0.0,5.0,1.0,1.0,1.0,1.0,0.0,0.0,0.0,0.0,1.0,0.0,11.0,,0.0,0.0,0.0,0.0,0.0,-1.5,0.0,-4.0,0.0,1.0,0.0,-1.5,0.0,1.0,0.0,1.0,1.0,0.0,-1.5,0.0,2.0,0.0,1.0,,0.0,0.0,0.0,0.0,0.0,1.0,0.0,0.5,0.0,1.0,1.0,0.0,0.0,1.0,0.0,0.0,0.0,1.0,1.0,,1.0,0.0,0.0,0.0,1.0,0.0,0.0,0.0,0.0,2.0,0.0,,0.0,0.0,0.0,0.0,1.0,,0.0,1.0,0.0,0.0,0.0,1.0,3.0,0.0,0.0,0.0,0.0,0.0,0.0,0.0,1.0,,0.0,0.0,0.0
sbo_rich_v6_context_java,O2_nocanary_nopie_CWE121_Stack_Based_Buffer_Overflow__CWE193_char_alloca_cpy_53a__O2_nocanary_nopie,O2_nocanary_nopie_CWE121_Stack_Based_Buffer_Overflow__CWE193_char_alloca_cpy_53a__O2_nocanary_nopie.json,O2_nocanary_nopie_CWE121_Stack_Based_Buffer_Overflow__CWE193_char_alloca_cpy_53a__O2_nocanary_nopie,CWE121_Stack_Based_Buffer_Overflow__CWE193_char_alloca_cpy_53a,O2_nocanary_nopie,CWE121_Stack_Based_Buffer_Overflow__CWE193_char_alloca_cpy_53c_badSink,CWE121_Stack_Based_Buffer_Overflow__CWE193_char_alloca_cpy_53c_badSink,0x401290,1,bin_func_entry,0.0,0.0,19.0,19.0,0.0,19.0,0.0,19.0,0,0.0,0.0,10.0,0.0,19.0,19.0,19.0,0.0,0.0,,7.0,7.0,0.0,,-19.0,7.0,,1.0,-19.0,0.0,0.0,0.0,1.0,,-19.0,,1.0,1.0,0.0,,0.0,0.0,0.0,,1.0,1.0,0.0,0.0,0.0,1.0,0.0,0.0,1.0,3.0,0.0,1.0,0.0,1.0,,1.0,1.0,1.0,0.0,0.0,0.0,,1.0,0.0,0.0,1.0,,19.0,3.0,1.0,0.0,3.0,19.0,,0.0,,1.0,,,,,0.0,0.0,,,1.0,1.0,,,0.0,1.0,0.0,,1.5,,,1.0,0.0,2.0,0.0,1.0,0.0,0,0.0,0.0,1.0,0.0,1.5,0.0,0.0,1.0,0.0,,,1.0,,0.0,0.0,0.0,0.0,1.0,1.5,,0.0,1.0,,0.0,0.0,1.0,1.0,0.0,1.0,1.0,0.0,0.0,-1.0,1.0,0.0,0.0,1.0,1.5,0.0,0.0,1.0,1.0,,1.0,1.0,0.0,0.0,,0.0,-1.0,0.0,0.0,0.0,1.5,0.0,-1.0,0.0,0.0,1.0,0.0,,0.0,1.0,0.0,1.0,0.0,0.0,0.0,0.0,0.0,0.0,,,0.0,1.0,0.0,0.0,0.0,-1.5,0.0,0.0,0.0,1.0,0.0,-1.5,0.0,1.0,0.0,1.0,1.0,0.0,-1.5,0.0,,1.0,1.0,,0.0,0.0,0.0,0.0,0.0,,0.0,0.0,0.0,0.0,,0.0,0.0,0.0,0.0,0.0,0.0,0.0,0.0,,0.0,0.0,0.0,0.0,0.0,0.0,0.0,0.0,0.0,,0.0,,0.0,0.0,0.0,0.0,0.0,,0.0,0.0,0.0,0.0,0.0,,,0.0,0.0,0.0,0.0,0.0,0.0,0.0,0.0,,0.0,0.0,0.0
sbo_rich_v6_context_java,O0_nocanary_nopie_CWE121_Stack_Based_Buffer_Overflow__CWE805_int64_t_alloca_memcpy_13__O0_nocanary_nopie,O0_nocanary_nopie_CWE121_Stack_Based_Buffer_Overflow__CWE805_int64_t_alloca_memcpy_13__O0_nocanary_nopie.json,O0_nocanary_nopie_CWE121_Stack_Based_Buffer_Overflow__CWE805_int64_t_alloca_memcpy_13__O0_nocanary_nopie,CWE121_Stack_Based_Buffer_Overflow__CWE805_int64_t_alloca_memcpy_13,O0_nocanary_nopie,goodG2B2,goodG2B2,0x40136e,0,bin_func_entry,800.0,800.0,611.0,203.66666666666663,800.0,408.0,0.0,611.0,1,0.0,0.0,24.0,0.0,203.66666666666663,101.0,408.0,0.0,0.0,15.0,21.0,21.0,15.0,37.0,-1384.0,21.0,24.0,52.0,-4152.0,9.0,408.0,0.0,,6.0,-840.0,203.66666666666663,1.0,3.0,0.0,611.0,0.0,0.0,0.0,7.0,1.0,1.0,0.0,0.0,0.0,1.0,2.0,0.0,1.0,4.0,0.0,3.0,0.0,1.0,,1.0,1.0,1.0,0.0,0.0,0.0,74.0,1.0,0.0,0.0,1.0,33.0,101.0,4.0,1.0,0.0,4.0,101.0,-840.0,0.0,15.0,1.0,-1384.0,,-4152.0,1.0,1.0,1.0,,,1.0,5.0,5.0,14.0,0.0,1.0,0.0,6.0,-2.5,42.0,,1.0,1.0,4.0,0.0,1.0,0.0,2,0.0,2.0,1.0,0.0,4.5,0.0,3.0,1.0,0.0,,,1.0,1.0,0.0,0.0,0.0,0.0,1.0,4.5,1.0,0.0,3.0,,0.0,0.0,7.0,1.0,0.0,1.0,0.0,0.0,0.0,-7.0,0.0,0.0,0.0,0.0,4.5,0.0,1.0,7.0,1.0,4.0,1.0,7.0,0.0,0.0,5.0,0.0,-7.0,0.0,0.0,0.0,6.5,0.0,-7.0,0.0,0.0,1.0,0.0,8.0,0.0,1.0,1.0,1.0,0.0,0.0,0.0,0.0,1.0,0.0,21.0,,0.0,0.0,0.0,0.0,0.0,-4.5,0.0,11.0,0.0,1.0,0.0,-4.5,0.5,1.0,0.0,1.0,1.0,0.0,-4.5,0.0,2.0,0.0,1.0,,1.0,0.0,0.0,0.0,0.0,1.0,0.0,0.0,0.0,0.0,1.0,0.0,0.0,1.0,1.0,0.0,0.5,0.0,0.0,,0.0,1.0,0.0,1.0,0.0,0.0,0.0,0.0,1.0,,1.0,,0.0,1.0,0.0,0.0,0.0,,0.0,1.0,0.0,1.0,0.0,,6.0,0.0,0.0,0.0,0.0,0.0,0.0,0.0,1.0,,1.0,0.0,0.0
sbo_rich_v6_context_java,O0_nocanary_nopie_CWE121_Stack_Based_Buffer_Overflow__CWE805_char_declare_ncpy_65a__O0_nocanary_nopie,O0_nocanary_nopie_CWE121_Stack_Based_Buffer_Overflow__CWE805_char_declare_ncpy_65a__O0_nocanary_nopie.json,O0_nocanary_nopie_CWE121_Stack_Based_Buffer_Overflow__CWE805_char_declare_ncpy_65a__O0_nocanary_nopie,CWE121_Stack_Based_Buffer_Overflow__CWE805_char_declare_ncpy_65a,O0_nocanary_nopie,CWE121_Stack_Based_Buffer_Overflow__CWE805_char_declare_ncpy_65b_goodG2BSink,CWE121_Stack_Based_Buffer_Overflow__CWE805_char_declare_ncpy_65b_goodG2BSink,0x4012fa,0,bin_func_entry,99.0,198.0,99.0,99.0,99.0,99.0,99.0,99.0,1,1.0,1.0,13.0,0.5,99.0,99.0,99.0,99.0,49.5,11.0,8.0,16.0,10.0,18.0,-120.0,9.0,14.0,25.0,-120.0,6.0,0.0,99.0,,5.0,-120.0,,1.0,1.0,0.0,,0.0,49.5,1.0,7.0,,1.0,1.0,99.0,1.0,1.0,2.0,0.5,1.0,3.25,1.0,1.0,-49.5,2.0,-120.0,1.0,1.0,2.0,0.5,1.0,-99.0,4.0,2.0,0.0,0.5,1.0,4.0,49.5,4.0,2.0,0.0,6.5,99.0,,1.0,4.0,1.0,,,,1.0,1.0,1.0,-120.0,,2.0,3.0,,,2.0,2.0,0.0,,5.0,,,0.0,2.0,4.0,1.0,0.5,0.3333333333333333,3,0.5,3.0,2.0,1.0,2.5,1.0,0.0,1.0,1.0,,-120.0,2.0,1.0,0.5,1.0,2.0,1.0,1.0,3.0,,0.3333333333333333,1.0,,1.0,1.0,4.0,0.5,0.5,0.5,0.0,1.0,0.0,-2.0,0.0,1.0,0.5,0.0,5.0,0.0,0.5,8.0,1.0,2.0,1.0,6.0,0.5,2.0,,4.0,-4.0,4.0,0.0,0.3333333333333333,7.0,0.0,2.0,0.0,0.0,1.0,1.0,,0.0,1.0,1.0,0.0,0.5,1.0,1.0,2.0,1.0,1.0,,1.0,0.0,0.0,0.0,0.0,0.0,-1.5,2.0,11.0,0.0,1.0,0.0,-3.0,0.3333333333333333,1.0,1.0,1.0,0.0,1.0,0.0,1.0,,0.0,0.0,,0.5,1.0,1.0,0.0,0.0,1.0,0.0,0.0,0.0,0.0,1.0,0.0,0.0,1.0,1.0,0.0,0.0,0.0,0.0,,0.0,1.0,0.0,0.0,0.0,0.0,0.0,0.0,0.0,,0.0,,0.0,0.0,0.0,0.0,0.0,,0.0,0.0,0.0,0.5,0.0,,,0.0,0.0,0.0,0.0,0.0,0.0,0.0,0.0,,1.0,1.0,0.0
sbo_rich_v6_context_java,O0_nocanary_nopie_CWE121_Stack_Based_Buffer_Overflow__CWE805_wchar_t_alloca_memmove_13__O0_nocanary_nopie,O0_nocanary_nopie_CWE121_Stack_Based_Buffer_Overflow__CWE805_wchar_t_alloca_memmove_13__O0_nocanary_nopie.json,O0_nocanary_nopie_CWE121_Stack_Based_Buffer_Overflow__CWE805_wchar_t_alloca_memmove_13__O0_nocanary_nopie,CWE121_Stack_Based_Buffer_Overflow__CWE805_wchar_t_alloca_memmove_13,O0_nocanary_nopie,goodG2B2,goodG2B2,0x4013be,0,bin_func_entry,400.0,499.0,403.0,134.33333333333334,249.5,200.0,396.0,700.0,1,0.25,0.25,22.0,0.125,233.3333333333333,104.0,396.0,396.0,198.0,18.0,17.0,34.0,18.0,39.0,-712.0,18.0,28.0,57.0,-2136.0,12.0,200.0,396.0,,7.0,-440.0,152.0,2.0,3.0,-297.0,304.0,-148.5,198.0,0.0,10.0,,4.0,0.25,396.0,0.25,1.0,2.0,0.125,1.0,1.5,1.0,6.0,-198.0,2.0,-440.0,1.0,0.5,1.0,0.5,1.0,-396.0,76.0,2.0,0.0,0.5,1.0,34.0,198.0,3.0,1.0,0.0,3.0,396.0,-640.0,1.0,14.0,0.5,-848.0,,-1696.0,1.0,1.0,1.0,-440.0,,1.0,6.0,5.0,12.5,0.0,2.0,0.0,6.0,9.0,25.0,,1.0,2.0,5.0,0.0,0.5,0.3333333333333333,3,0.5,3.0,2.0,1.0,1.75,1.0,2.0,1.0,1.0,,-440.0,2.0,1.0,0.5,1.0,2.0,1.0,1.0,2.0,1.0,0.3333333333333333,3.0,,1.0,1.0,1.5,0.5,0.5,0.5,0.0,1.0,0.0,0.5,0.0,1.0,0.5,0.0,3.5,0.0,0.5,3.0,1.0,5.0,1.0,2.0,0.5,2.0,4.0,4.0,1.0,4.0,0.0,0.3333333333333333,3.5,0.0,2.0,0.0,0.0,1.0,1.0,7.0,0.0,1.0,1.0,1.0,0.5,1.0,1.0,2.0,1.0,1.0,21.0,1.0,0.0,0.0,0.0,1.0,0.0,-0.75,2.0,1.0,0.5,1.0,0.0,-1.5,0.0,1.0,1.0,1.0,0.5,1.0,0.0,1.0,2.0,0.0,1.0,,0.0,1.0,1.0,1.0,1.0,1.0,0.0,0.0,0.0,0.0,1.0,0.0,0.0,1.0,0.0,0.0,0.0,0.0,0.0,,0.0,0.0,0.0,0.0,0.0,0.0,0.0,0.0,0.0,,0.0,,0.0,0.0,0.0,0.0,0.0,,0.0,1.0,0.0,0.0,0.0,,6.0,0.0,0.0,0.0,0.0,0.0,0.0,0.0,1.0,,0.0,0.0,0.0
sbo_rich_v6_context_java,O2_nocanary_nopie_CWE121_Stack_Based_Buffer_Overflow__CWE806_char_alloca_memmove_52a__O2_nocanary_nopie,O2_nocanary_nopie_CWE121_Stack_Based_Buffer_Overflow__CWE806_char_alloca_memmove_52a__O2_nocanary_nopie.json,O2_nocanary_nopie_CWE121_Stack_Based_Buffer_Overflow__CWE806_char_alloca_memmove_52a__O2_nocanary_nopie,CWE121_Stack_Based_Buffer_Overflow__CWE806_char_alloca_memmove_52a,O2_nocanary_nopie,CWE121_Stack_Based_Buffer_Overflow__CWE806_char_alloca_memmove_52c_badSink,CWE121_Stack_Based_Buffer_Overflow__CWE806_char_alloca_memmove_52c_badSink,0x4012f0,1,bin_func_entry,0.0,0.0,48.0,16.0,0.0,16.0,16.0,48.0,0,0.0,0.0,19.0,0.0,16.0,16.0,16.0,16.0,8.0,7.0,14.5,29.0,8.0,15.0,-56.0,15.0,7.0,20.0,-168.0,6.0,0.0,16.0,,2.0,-40.0,,1.0,3.0,-16.0,,-8.0,8.0,0.5,9.0,,1.0,0.0,16.0,0.0,1.0,0.0,0.0,1.0,3.5,0.0,3.0,-8.0,2.0,-72.0,1.0,0.5,1.0,1.0,1.0,-16.0,6.0,1.0,0.0,0.0,1.0,6.0,0.0,7.0,1.0,0.0,7.0,0.0,,0.0,5.0,0.5,,36.25,,,0.0,0.0,-72.0,49.0,1.0,3.0,1.0,,1.0,2.0,0.0,1.0,12.5,,145.0,0.0,0.0,4.0,1.0,0.5,0.3333333333333333,3,0.5,3.0,1.0,2.0,2.5,1.0,0.0,1.0,1.0,,-72.0,1.0,1.0,0.5,0.0,4.25,0.0,1.0,5.0,,0.3333333333333333,1.0,16.0,1.0,1.0,3.5,0.0,0.0,0.0,0.0,1.0,0.0,0.75,0.0,1.0,0.5,1.0,5.0,4.0,0.5,7.0,1.0,1.0,0.0,7.0,0.0,10.0,,8.5,1.5,8.5,0.0,0.3333333333333333,8.0,0.0,1.5,0.0,0.0,1.0,3.5,1.0,0.0,0.0,1.0,1.0,0.5,1.0,1.0,7.0,1.0,1.0,,1.0,0.0,1.0,0.0,1.0,0.0,1.0,7.0,10.0,0.0,0.0,0.0,2.0,0.3333333333333333,0.0,0.0,0.0,0.5,0.0,2.0,1.0,2.0,2.0,1.0,1.0,0.5,0.0,0.0,0.0,0.0,1.0,0.0,0.3333333333333333,0.0,0.5,,1.0,0.5,1.0,1.0,0.5,0.0,1.0,0.0,,1.0,1.0,0.0,0.0,0.0,0.0,0.0,1.0,0.0,3.0,0.0,,0.3333333333333333,0.0,0.0,0.0,0.0,1.0,1.0,0.0,0.3333333333333333,0.5,1.0,1.0,,0.0,1.0,1.0,0.5,0.5,0.0,0.5,0.0,,1.0,0.0,1.0
sbo_rich_v6_context_java,O0_nocanary_nopie_CWE121_Stack_Based_Buffer_Overflow__CWE805_char_declare_loop_04__O0_nocanary_nopie,O0_nocanary_nopie_CWE121_Stack_Based_Buffer_Overflow__CWE805_char_declare_loop_04__O0_nocanary_nopie.json,O0_nocanary_nopie_CWE121_Stack_Based_Buffer_Overflow__CWE805_char_declare_loop_04__O0_nocanary_nopie,CWE121_Stack_Based_Buffer_Overflow__CWE805_char_declare_loop_04,O0_nocanary_nopie,CWE121_Stack_Based_Buffer_Overflow__CWE805_char_declare_loop_04_bad,CWE121_Stack_Based_Buffer_Overflow__CWE805_char_declare_loop_04_bad,0x4011c6,1,bin_func_entry,99.0,99.0,288.0,144.0,99.0,224.0,224.0,288.0,1,0.4419642857142857,0.4419642857142857,19.0,0.4419642857142857,144.0,64.0,224.0,224.0,224.0,20.0,11.0,11.0,17.0,26.0,-200.0,11.0,18.0,38.0,-400.0,10.0,64.0,224.0,1.0,16.0,-88.0,64.0,1.0,2.0,-125.0,64.0,-125.0,224.0,0.0,10.0,1.0,1.0,0.4419642857142857,224.0,0.4419642857142857,1.0,3.0,0.4419642857142857,1.0,1.5,1.0,2.0,-224.0,1.0,-312.0,1.0,1.0,1.0,1.0,1.0,-224.0,15.0,1.0,-224.0,1.0,1.0,14.0,0.0,1.5,1.0,-125.0,1.5,0.0,-88.0,1.0,5.0,1.0,-88.0,,-88.0,1.0,1.0,1.0,-312.0,,1.0,9.0,1.0,9.0,0.0,1.0,0.0,2.0,7.5,9.0,,3.0,1.0,5.0,0.0,0.0,0.5,2,1.0,2.0,1.0,1.0,2.0,1.0,1.0,0.0,1.0,,-312.0,1.0,1.0,1.0,1.0,4.0,1.0,0.0,2.0,1.0,0.5,6.0,,1.0,1.0,2.0,0.0,1.0,0.0,0.0,1.0,0.0,2.0,0.0,1.0,1.0,0.0,2.0,0.0,0.0,2.0,0.0,4.0,0.0,2.0,1.0,2.0,,4.0,2.0,4.0,0.0,0.5,2.0,0.0,2.0,0.0,0.0,0.0,2.0,2.0,0.0,0.0,0.0,0.0,1.0,1.0,1.0,2.0,0.0,1.0,,1.0,0.0,0.0,0.0,1.0,0.0,0.0,2.0,1.0,1.0,0.0,0.0,0.0,0.0,0.0,1.0,0.0,0.0,1.0,0.0,1.0,,0.0,0.0,,0.0,1.0,1.0,1.0,1.0,1.0,0.0,0.0,0.0,0.0,1.0,0.0,0.0,1.0,0.0,0.0,0.0,0.0,0.0,1.0,0.0,0.0,0.0,0.0,0.0,0.0,0.0,0.0,0.0,,1.0,,0.0,0.0,0.0,0.0,0.0,,0.0,2.0,0.0,0.0,0.0,,,0.0,0.0,0.0,0.0,0.0,0.0,0.0,2.0,1.0,0.0,0.0,0.0
sbo_rich_v6_context_java,O2_nocanary_nopie_CWE121_Stack_Based_Buffer_Overflow__CWE805_int_alloca_memmove_13__O2_nocanary_nopie,O2_nocanary_nopie_CWE121_Stack_Based_Buffer_Overflow__CWE805_int_alloca_memmove_13__O2_nocanary_nopie.json,O2_nocanary_nopie_CWE121_Stack_Based_Buffer_Overflow__CWE805_int_alloca_memmove_13__O2_nocanary_nopie,CWE121_Stack_Based_Buffer_Overflow__CWE805_int_alloca_memmove_13,O2_nocanary_nopie,CWE121_Stack_Based_Buffer_Overflow__CWE805_int_alloca_memmove_13_bad,CWE121_Stack_Based_Buffer_Overflow__CWE805_int_alloca_memmove_13_bad,0x4012d0,1,bin_func_entry,400.0,400.0,101.0,50.5,400.0,51.0,50.0,101.0,1,8.0,8.0,17.0,8.0,50.5,50.0,51.0,50.0,50.0,7.0,14.0,14.0,7.0,18.0,-524.0,14.0,6.0,19.0,-1048.0,2.0,51.0,50.0,,4.0,-424.0,51.0,1.0,2.0,350.0,51.0,350.0,50.0,0.0,5.0,1.0,1.0,8.0,50.0,8.0,1.0,3.0,8.0,1.0,4.0,0.0,2.0,1.0,1.0,-624.0,1.0,1.0,1.0,0.0,0.0,1.0,7.0,1.0,1.0,0.0,1.0,7.0,51.0,4.0,1.0,350.0,4.0,51.0,-424.0,0.0,7.0,1.0,-424.0,15.0,-424.0,1.0,1.0,1.0,-624.0,15.0,1.0,2.0,1.0,9.0,0.0,1.0,350.0,1.0,14.5,9.0,15.0,0.0,1.0,3.0,0.0,1.0,0.5,2,1.0,2.0,1.0,0.0,4.0,1.0,1.0,1.0,1.0,,-624.0,1.0,1.0,0.0,1.0,10.0,0.0,1.0,4.0,1.0,0.0,1.0,15.0,1.0,0.0,6.0,1.0,0.0,1.0,0.0,0.0,1.0,4.0,0.0,1.0,0.0,0.0,4.0,1.0,1.0,6.0,1.0,,1.0,6.0,0.0,20.0,1.0,10.0,4.0,10.0,1.0,0.0,4.0,1.0,4.0,1.0,1.0,1.0,13.0,3.0,1.0,1.0,1.0,1.0,1.0,1.0,1.0,13.0,1.0,0.0,,1.0,0.0,0.0,1.0,1.0,1.0,9.0,13.0,7.0,0.0,1.0,1.0,9.0,0.5,1.0,0.0,1.0,1.0,0.0,9.0,0.0,1.0,0.0,1.0,,1.0,0.0,1.0,0.0,0.0,2.0,0.0,0.5,0.0,1.0,,0.0,0.0,1.0,1.0,0.0,0.0,1.0,0.0,,1.0,1.0,0.0,0.0,0.0,1.0,0.0,0.0,0.0,,1.0,1.0,0.5,0.0,0.0,0.0,0.0,1.0,1.0,0.0,0.5,1.0,0.0,,,1.0,1.0,0.0,1.0,0.0,1.0,1.0,0.0,,1.0,0.0,1.0
sbo_rich_v6_context_java,CWE121_Stack_Based_Buffer_Overflow__CWE805_wchar_t_declare_memcpy_14__O0_nocanary_nopie,CWE121_Stack_Based_Buffer_Overflow__CWE805_wchar_t_declare_memcpy_14__O0_nocanary_nopie.json,CWE121_Stack_Based_Buffer_Overflow__CWE805_wchar_t_declare_memcpy_14__O0_nocanary_nopie,CWE121_Stack_Based_Buffer_Overflow__CWE805_wchar_t_declare_memcpy_14,O0_nocanary_nopie,goodG2B1,goodG2B1,0x40125e,0,bin_func_entry,400.0,499.0,249.0,124.5,249.5,150.0,546.0,546.0,1,2.6666666666666665,2.9166666666666665,22.0,1.4583333333333333,273.0,150.0,396.0,396.0,273.0,12.0,17.0,34.0,12.0,24.0,-816.0,18.0,18.0,34.0,-1632.0,7.0,150.0,396.0,1.0,6.0,-616.0,150.0,2.5,2.0,-297.0,150.0,-148.5,198.0,0.0,9.0,1.0,4.0,0.25,396.0,0.25,0.5,3.0,0.125,1.0,2.5,1.0,5.0,-198.0,2.0,-1016.0,1.0,0.5,2.0,0.5,1.0,-396.0,6.0,2.0,0.0,0.5,1.0,6.0,198.0,3.0,1.0,0.0,5.0,396.0,-616.0,1.0,7.0,0.5,-616.0,,-616.0,1.0,1.0,1.0,-1016.0,,1.0,8.0,1.0,10.0,0.0,1.0,0.0,2.0,24.5,10.0,,2.0,2.0,6.0,0.0,0.5,0.6666666666666666,4,1.0,4.0,1.0,1.0,1.75,1.0,1.0,1.0,2.0,,-1016.0,2.0,1.0,0.5,2.0,7.0,1.0,1.0,2.0,1.0,0.3333333333333333,4.0,,2.0,1.0,1.0,0.5,0.5,0.5,0.0,1.0,1.0,6.0,0.0,1.0,0.5,0.0,3.5,0.0,0.5,2.0,1.0,1.0,1.0,2.0,0.5,2.0,,10.0,12.0,14.0,0.0,0.3333333333333333,3.5,1.0,10.0,0.0,0.0,1.0,1.0,1.0,0.5,1.0,1.0,1.0,0.5,1.0,1.0,2.0,1.0,1.0,,1.0,0.0,0.0,0.0,1.0,0.0,-0.75,2.0,-2.0,0.5,1.0,0.0,-1.5,0.0,1.0,1.0,1.0,0.5,1.0,0.0,1.0,,0.0,1.0,,0.0,1.0,1.0,1.0,1.0,1.0,0.0,0.3333333333333333,0.0,0.5,1.0,0.0,0.0,1.0,0.0,0.0,0.0,1.0,0.5,1.0,1.0,0.0,0.0,0.0,1.0,0.0,0.0,0.0,0.0,,0.0,,0.0,0.0,0.0,0.0,1.0,,0.0,1.0,0.0,0.0,0.0,,,0.0,0.0,0.0,0.0,0.0,0.0,0.0,1.0,,0.0,0.0,0.0
sbo_rich_v6_context_java,O0_nocanary_nopie_CWE121_Stack_Based_Buffer_Overflow__CWE805_char_declare_ncat_10__O0_nocanary_nopie,O0_nocanary_nopie_CWE121_Stack_Based_Buffer_Overflow__CWE805_char_declare_ncat_10__O0_nocanary_nopie.json,O0_nocanary_nopie_CWE121_Stack_Based_Buffer_Overflow__CWE805_char_declare_ncat_10__O0_nocanary_nopie,CWE121_Stack_Based_Buffer_Overflow__CWE805_char_declare_ncat_10,O0_nocanary_nopie,goodG2B1,goodG2B1,0x401244,0,bin_func_entry,100.0,199.0,267.0,133.5,99.5,168.0,267.0,267.0,1,1.0,1.5952380952380951,21.0,0.7976190476190477,133.5,99.0,168.0,168.0,133.5,10.0,17.0,34.0,11.0,23.0,-240.0,18.0,16.0,31.0,-480.0,6.0,168.0,99.0,1.0,5.0,-184.0,168.0,1.0,2.0,0.0,168.0,0.0,49.5,0.0,8.0,1.0,1.0,1.0,99.0,1.0,0.5,3.0,0.5,1.0,2.5,1.0,2.0,-49.5,2.0,-296.0,1.0,0.5,2.0,0.5,1.0,-99.0,5.0,2.0,0.0,0.5,1.0,4.0,49.5,3.0,1.0,0.0,5.0,99.0,-184.0,1.0,6.0,0.5,-184.0,,-184.0,1.0,1.0,1.0,-296.0,,1.0,8.0,1.0,10.0,0.0,1.0,0.0,1.0,5.5,10.0,,2.0,2.0,6.0,0.0,0.5,0.6666666666666666,3,1.0,4.0,2.0,1.0,1.0,1.0,1.0,0.0,2.0,,-296.0,1.0,1.0,0.5,2.0,2.0,1.0,1.0,2.0,1.0,0.3333333333333333,4.0,,1.0,1.0,4.0,0.5,0.5,0.5,0.0,1.0,0.0,-2.0,0.0,1.0,0.5,0.0,2.0,0.0,0.5,8.0,1.0,,1.0,6.0,0.5,2.0,,4.0,-4.0,4.0,0.0,0.3333333333333333,2.0,0.0,2.0,0.0,0.0,1.0,1.0,1.0,0.0,1.0,1.0,0.0,0.5,1.0,1.0,2.0,1.0,1.0,,1.0,0.0,0.0,0.0,0.0,0.0,0.0,2.0,10.0,0.5,1.0,0.0,0.0,0.0,1.0,1.0,1.0,0.0,1.0,0.0,1.0,,0.0,0.0,,0.0,1.0,1.0,1.0,1.0,1.0,1.0,0.0,1.0,0.0,1.0,0.0,0.0,1.0,0.0,0.0,0.0,0.0,0.5,1.0,0.0,0.0,0.0,0.0,1.0,0.0,0.0,0.0,0.0,,0.0,,0.0,0.0,0.0,0.0,1.0,,0.0,1.0,0.0,0.5,0.0,,,0.0,0.0,0.0,0.0,0.0,0.0,0.0,1.0,,1.0,1.0,0.0
sbo_rich_v6_context_java,O0_canary_nopie_CWE121_Stack_Based_Buffer_Overflow__char_type_overrun_memmove_14__O0_canary_nopie,O0_canary_nopie_CWE121_Stack_Based_Buffer_Overflow__char_type_overrun_memmove_14__O0_canary_nopie.json,O0_canary_nopie_CWE121_Stack_Based_Buffer_Overflow__char_type_overrun_memmove_14__O0_canary_nopie,CWE121_Stack_Based_Buffer_Overflow__char_type_overrun_memmove_14,O0_canary_nopie,good2,good2,0x401b59,0,bin_func_entry,0.0,,,,,,,0.0,0,,,11.0,,,0.0,0.0,,,6.0,,,5.0,8.0,,,4.0,13.0,,3.0,0.0,,,7.0,,,,0.0,,,,,,3.0,,,0.0,,,,0.0,,,,0.0,,,0.0,,,,,,,,6.0,,,,,6.0,,0.0,,,,,,,4.0,,,,,1.0,,,,,,3.0,2.0,,,0.0,0.0,2.0,0.0,,,1.0,,2.0,,,0.0,1,,1.0,,0.0,,,0.0,,,,,,1.0,,,,0.0,0.0,,,0.0,3.0,,,,,,,,0.0,0.0,,,0.0,,,,0.0,0.0,,0.0,,,,,,0.0,,,0.0,0.0,0.0,0.0,0.0,,0.0,,,,,1.0,,0.0,,,,,,0.0,,,,,,,,,0.0,,,0.0,,,,,0.0,,,,,,,,1.0,,0.0,,,,,0.0,,1.0,,0.0,,,1.0,,,1.0,0.0,,0.0,,,1.0,0.0,,,,,0.0,,,,,0.0,,0.0,,,,,1.0,,1.0,0.0,,,,,,0.0,,,,,,0.0,,,,
sbo_rich_v6_context_java,O0_canary_nopie_CWE121_Stack_Based_Buffer_Overflow__dest_wchar_t_declare_cpy_18__O0_canary_nopie,O0_canary_nopie_CWE121_Stack_Based_Buffer_Overflow__dest_wchar_t_declare_cpy_18__O0_canary_nopie.json,O0_canary_nopie_CWE121_Stack_Based_Buffer_Overflow__dest_wchar_t_declare_cpy_18__O0_canary_nopie,CWE121_Stack_Based_Buffer_Overflow__dest_wchar_t_declare_cpy_18,O0_canary_nopie,CWE121_Stack_Based_Buffer_Overflow__dest_wchar_t_declare_cpy_18_good,CWE121_Stack_Based_Buffer_Overflow__dest_wchar_t_declare_cpy_18_good,0x401310,0,bin_func_entry,0.0,,,,,,,0.0,1,,,14.0,,,0.0,0.0,,,6.0,,,5.0,8.0,,,4.0,14.0,,3.0,0.0,,,7.0,,,,0.0,,,,,,4.0,,,0.0,,,,0.0,,,,0.0,,,0.0,,,,,,,,6.0,,,,,6.0,,0.0,,,,,,,5.0,,,,,1.0,,,,,,4.0,2.0,,,0.0,0.0,2.0,0.0,,,1.0,,3.0,,,0.0,2,,2.0,,0.0,,,0.0,,,,,,1.0,,,,0.0,0.0,,,0.0,3.0,,,,,,,,0.0,0.0,,,0.0,,,,0.0,0.0,,0.0,,,,,,0.0,,,0.0,0.0,0.0,0.0,0.0,,0.0,,,,,1.0,,0.0,,,,,,0.0,,,,,,,,,0.0,,,0.0,,,,,0.0,,,,,,,,1.0,,0.0,,,,,0.0,,1.0,,0.0,,,1.0,,,1.0,0.0,,0.0,,,1.0,0.0,,,,,0.0,,,,,0.0,,0.0,,,,,1.0,,1.0,0.0,,,,,,0.0,,,,,,0.0,,,,
sbo_rich_v6_context_java,O0_nocanary_nopie_CWE121_Stack_Based_Buffer_Overflow__CWE805_wchar_t_declare_memcpy_02__O0_nocanary_nopie,O0_nocanary_nopie_CWE121_Stack_Based_Buffer_Overflow__CWE805_wchar_t_declare_memcpy_02__O0_nocanary_nopie.json,O0_nocanary_nopie_CWE121_Stack_Based_Buffer_Overflow__CWE805_wchar_t_declare_memcpy_02__O0_nocanary_nopie,CWE121_Stack_Based_Buffer_Overflow__CWE805_wchar_t_declare_memcpy_02,O0_nocanary_nopie,CWE121_Stack_Based_Buffer_Overflow__CWE805_wchar_t_declare_memcpy_02_bad,CWE121_Stack_Based_Buffer_Overflow__CWE805_wchar_t_declare_memcpy_02_bad,0x4011d6,1,bin_func_entry,400.0,499.0,149.0,74.5,249.5,99.0,446.0,446.0,1,8.0,8.25,17.0,4.125,223.0,50.0,396.0,396.0,223.0,12.0,12.0,24.0,12.0,21.0,-616.0,13.0,16.0,28.0,-1232.0,7.0,50.0,396.0,,6.0,-216.0,50.0,2.5,2.0,-297.0,50.0,-148.5,198.0,0.5,8.0,,4.0,0.25,396.0,0.25,1.0,3.0,0.125,1.0,2.75,1.0,5.0,-198.0,2.0,-1016.0,1.0,1.0,2.0,0.5,1.0,-396.0,4.0,2.0,0.0,0.5,1.0,4.0,198.0,3.0,2.0,0.0,5.5,396.0,-216.0,1.0,5.0,1.0,-216.0,,-216.0,1.0,1.0,1.0,-1016.0,,2.0,3.0,1.0,9.0,1.0,2.0,0.0,1.0,26.0,9.0,,0.0,2.0,4.0,1.0,0.5,0.6666666666666666,3,1.0,3.0,1.0,1.0,1.75,1.0,1.0,1.0,2.0,,-1016.0,2.0,1.0,0.5,2.0,7.0,1.0,1.0,2.0,1.0,0.3333333333333333,1.0,,2.0,1.0,1.0,0.5,0.5,0.5,0.0,1.0,1.0,6.0,0.0,1.0,0.5,0.0,3.5,0.0,0.5,2.0,1.0,1.0,1.0,2.0,0.5,2.0,,10.0,12.0,14.0,0.0,0.3333333333333333,3.5,1.0,10.0,0.0,0.0,1.0,1.0,,0.5,1.0,1.0,1.0,0.5,1.0,1.0,2.0,1.0,1.0,,1.0,0.0,0.0,0.0,1.0,0.0,-0.75,2.0,-3.0,0.5,1.0,0.0,-1.5,0.0,1.0,1.0,1.0,0.5,1.0,0.0,1.0,,0.0,1.0,,0.0,1.0,1.0,1.0,1.0,1.0,0.0,0.3333333333333333,0.0,0.5,1.0,0.0,0.0,1.0,0.0,0.0,0.0,1.0,0.5,,1.0,0.0,0.0,0.0,1.0,0.0,0.0,0.0,0.0,,0.0,,0.0,0.0,0.0,0.0,1.0,,0.0,0.0,0.0,0.0,0.0,,,0.0,0.0,0.0,0.0,0.0,0.0,0.0,0.0,,0.0,0.0,0.0
sbo_rich_v6_context_java,O2_nocanary_nopie_CWE121_Stack_Based_Buffer_Overflow__CWE193_wchar_t_alloca_memcpy_08__O2_nocanary_nopie,O2_nocanary_nopie_CWE121_Stack_Based_Buffer_Overflow__CWE193_wchar_t_alloca_memcpy_08__O2_nocanary_nopie.json,O2_nocanary_nopie_CWE121_Stack_Based_Buffer_Overflow__CWE193_wchar_t_alloca_memcpy_08__O2_nocanary_nopie,CWE121_Stack_Based_Buffer_Overflow__CWE193_wchar_t_alloca_memcpy_08,O2_nocanary_nopie,goodG2B2,goodG2B2,0x401230,0,bin_func_entry,1.0,1.0,28.0,14.0,0.5,14.0,14.0,70.0,2,0.0714285714285714,0.0714285714285714,14.0,0.0357142857142857,35.0,14.0,56.0,14.0,7.0,10.0,10.5,21.0,10.0,19.0,-100.0,11.0,5.0,23.0,-200.0,5.0,0.0,14.0,,3.0,-72.0,,2.5,2.0,-13.0,,-6.5,7.0,0.0,9.0,,4.0,0.0714285714285714,14.0,0.0714285714285714,1.0,4.0,0.0357142857142857,1.0,3.25,0.0,5.0,21.0,2.0,-128.0,1.0,0.5,2.0,0.5,1.0,42.0,5.0,1.0,42.0,0.0,1.0,4.0,28.0,6.0,1.0,0.0,6.5,56.0,,0.0,6.0,0.5,,15.0,,1.0,1.0,0.5,-128.0,15.0,1.0,3.0,1.0,,0.0,2.0,0.0,1.0,4.0,,15.0,0.0,1.0,4.0,0.0,0.5,0.3333333333333333,3,0.5,3.0,1.0,1.0,3.5,1.0,0.0,1.0,1.0,,-128.0,1.0,1.0,0.0,1.0,2.5,1.0,1.0,7.0,,0.0,1.0,15.0,1.0,0.0,4.5,0.5,0.5,0.5,0.0,0.0,0.0,-2.0,0.0,1.0,0.0,0.5,7.0,1.0,0.5,9.0,1.0,,1.0,9.0,0.0,15.0,1.0,5.0,-4.0,5.0,1.0,0.0,7.0,0.0,0.0,0.5,1.0,1.0,4.0,,0.0,1.0,1.0,1.0,0.5,1.0,1.0,8.0,1.0,0.0,,1.0,0.5,1.0,0.5,1.0,1.0,0.5,8.0,12.0,0.5,1.0,1.0,1.0,0.3333333333333333,1.0,0.0,1.0,0.5,1.0,1.0,0.0,,1.0,1.0,,0.5,0.0,1.0,1.0,1.0,2.0,0.0,0.0,0.0,0.0,,1.0,0.5,1.0,1.0,0.5,0.0,0.0,0.0,,0.0,1.0,1.0,0.0,0.0,0.0,0.0,1.0,0.0,2.0,0.0,1.0,0.3333333333333333,0.0,1.0,0.0,0.0,,1.0,0.0,0.3333333333333333,0.5,1.0,,,0.0,1.0,1.0,0.5,0.5,0.0,0.5,0.0,,1.0,0.0,1.0
sbo_rich_v6_context_java,O0_nocanary_nopie_CWE121_Stack_Based_Buffer_Overflow__CWE806_wchar_t_declare_ncpy_21__O0_nocanary_nopie,O0_nocanary_nopie_CWE121_Stack_Based_Buffer_Overflow__CWE806_wchar_t_declare_ncpy_21__O0_nocanary_nopie.json,O0_nocanary_nopie_CWE121_Stack_Based_Buffer_Overflow__CWE806_wchar_t_declare_ncpy_21__O0_nocanary_nopie,CWE121_Stack_Based_Buffer_Overflow__CWE806_wchar_t_declare_ncpy_21,O0_nocanary_nopie,CWE121_Stack_Based_Buffer_Overflow__CWE806_wchar_t_declare_ncpy_21_bad,CWE121_Stack_Based_Buffer_Overflow__CWE806_wchar_t_declare_ncpy_21_bad,0x401228,1,bin_func_entry,0.0,0.0,456.0,228.0,0.0,408.0,192.0,600.0,1,0.0,0.0,67.0,0.0,300.0,192.0,408.0,192.0,96.0,36.0,62.5,125.0,37.0,44.0,-528.0,63.0,40.0,51.0,-1056.0,33.0,0.0,192.0,,6.0,-424.0,,2.5,2.0,-192.0,,-96.0,96.0,0.5,33.0,,4.0,0.0,192.0,0.0,1.0,2.0,0.0,1.0,3.5,0.0,5.0,-96.0,2.0,-632.0,1.0,0.5,1.0,1.0,1.0,-192.0,2.0,1.0,0.0,0.0,1.0,2.0,0.0,7.0,1.0,0.0,7.0,0.0,,0.0,6.0,0.5,,,,1.0,0.0,0.0,-632.0,,1.0,4.0,1.0,,1.0,2.0,0.0,1.0,4.5,,,0.0,0.0,5.0,1.0,0.5,0.3333333333333333,4,0.5,4.0,1.0,2.0,2.5,1.0,0.0,1.0,1.0,,-632.0,1.0,1.0,0.5,0.0,1.75,0.0,1.0,5.0,,0.3333333333333333,1.0,,1.0,1.0,3.5,0.0,0.0,0.0,0.0,1.0,0.0,-1.75,0.0,1.0,0.5,1.0,5.0,0.0,0.5,7.0,1.0,,0.0,7.0,0.0,2.0,,3.5,-3.5,3.5,0.0,0.3333333333333333,8.0,0.0,0.0,0.0,0.0,1.0,1.0,,0.0,0.0,1.0,0.0,0.5,1.0,1.0,2.0,1.0,1.0,,1.0,0.0,1.0,0.0,1.0,0.0,-1.5,2.0,10.0,0.0,0.0,0.0,-3.0,0.3333333333333333,0.0,0.0,0.0,0.0,0.0,0.0,1.0,,2.0,0.0,,0.5,0.0,0.0,0.0,0.0,1.0,0.0,0.0,0.0,0.0,1.0,1.0,0.5,1.0,1.0,0.5,0.3333333333333333,0.0,0.0,,0.0,1.0,0.0,0.5,0.0,0.0,0.0,1.0,1.0,,0.0,,0.3333333333333333,1.0,0.0,0.0,0.0,,1.0,0.0,0.0,0.5,1.0,,,0.0,1.0,1.0,0.5,0.5,0.0,0.0,0.0,,1.0,0.0,0.0
sbo_rich_v6_context_java,O0_nocanary_nopie_CWE121_Stack_Based_Buffer_Overflow__src_char_alloca_cat_21__O0_nocanary_nopie,O0_nocanary_nopie_CWE121_Stack_Based_Buffer_Overflow__src_char_alloca_cat_21__O0_nocanary_nopie.json,O0_nocanary_nopie_CWE121_Stack_Based_Buffer_Overflow__src_char_alloca_cat_21__O0_nocanary_nopie,CWE121_Stack_Based_Buffer_Overflow__src_char_alloca_cat_21,O0_nocanary_nopie,goodG2B1,goodG2B1,0x401312,0,bin_func_entry,0.0,0.0,168.0,84.0,0.0,104.0,64.0,168.0,1,0.0,0.0,66.0,0.0,84.0,64.0,104.0,64.0,64.0,19.0,63.0,63.0,20.0,30.0,-140.0,63.0,24.0,41.0,-280.0,16.0,104.0,64.0,,6.0,-88.0,104.0,1.0,2.0,-64.0,104.0,-64.0,64.0,0.0,14.0,,1.0,0.0,64.0,0.0,1.0,1.0,0.0,1.0,1.5,0.0,2.0,-64.0,1.0,-88.0,1.0,1.0,1.0,1.0,1.0,-64.0,37.0,1.0,-64.0,0.0,1.0,16.0,0.0,1.5,1.0,-64.0,1.5,0.0,-192.0,0.0,9.0,1.0,-192.0,,-192.0,1.0,0.0,0.0,-88.0,,1.0,3.0,3.0,9.0,0.0,1.0,0.0,3.0,23.5,9.0,,0.0,0.0,4.0,0.0,0.0,0.5,3,1.0,3.0,0.0,1.0,0.0,1.0,1.0,1.0,1.0,,-88.0,0.0,1.0,1.0,0.0,17.0,0.0,1.0,0.0,1.0,0.5,1.0,,1.0,1.0,0.0,0.0,0.0,1.0,0.0,1.0,0.0,17.0,0.0,1.0,1.0,1.0,0.0,0.0,0.0,0.0,0.0,2.0,0.0,0.0,0.0,20.0,2.0,17.0,17.0,17.0,0.0,0.5,-2.0,0.0,17.0,0.0,0.0,0.0,15.0,3.0,0.0,0.0,0.0,1.0,1.0,1.0,1.0,15.0,0.0,1.0,10.0,1.0,0.0,1.0,0.0,1.0,0.0,15.0,15.0,-1.0,0.0,1.0,0.0,15.0,0.0,0.0,0.0,1.0,1.0,0.0,15.0,1.0,1.0,1.0,1.0,,0.0,0.0,0.0,0.0,0.0,1.0,0.0,0.5,0.0,1.0,1.0,0.0,0.0,1.0,0.0,0.0,0.0,1.0,0.0,,1.0,0.0,0.0,0.0,0.0,0.0,0.0,0.0,0.0,,0.0,,0.5,0.0,0.0,0.0,0.0,,1.0,0.0,0.5,0.0,0.0,,3.0,0.0,1.0,0.0,1.0,0.0,0.0,1.0,0.0,,0.0,0.0,1.0
sbo_rich_v6_context_java,O2_nocanary_nopie_CWE121_Stack_Based_Buffer_Overflow__CWE135_01__O2_nocanary_nopie,O2_nocanary_nopie_CWE121_Stack_Based_Buffer_Overflow__CWE135_01__O2_nocanary_nopie.json,O2_nocanary_nopie_CWE121_Stack_Based_Buffer_Overflow__CWE135_01__O2_nocanary_nopie,CWE121_Stack_Based_Buffer_Overflow__CWE135_01,O2_nocanary_nopie,goodB2G,goodB2G,0x4012a0,0,bin_func_entry,0.0,0.0,2.0,2.0,0.0,2.0,0.0,2.0,2,0.0,0.0,17.0,0.0,2.0,2.0,2.0,0.0,0.0,5.0,9.0,9.0,6.0,15.0,-32.0,9.0,6.0,19.0,-32.0,2.0,0.0,0.0,,3.0,-32.0,,1.0,1.0,0.0,,0.0,0.0,0.0,5.0,,1.0,0.0,0.0,0.0,1.0,2.0,0.0,0.0,0.5,0.0,1.0,0.0,1.0,,1.0,0.0,1.0,1.0,1.0,0.0,10.0,0.0,0.0,0.0,0.0,8.0,0.0,0.5,0.0,0.0,0.5,0.0,,0.0,7.0,0.0,,15.0,,1.0,0.0,0.0,,15.0,0.0,3.0,2.0,,0.0,1.0,0.0,2.0,1.5,,15.0,0.0,0.0,4.0,0.0,0.0,0.0,3,0.0,3.0,0.0,1.0,0.0,0.0,0.0,0.0,0.0,,,0.0,1.0,0.0,0.0,0.0,0.0,0.0,0.0,,0.0,1.0,15.0,0.0,0.0,0.0,0.0,0.0,0.0,0.0,0.0,0.0,0.0,0.0,0.0,0.0,1.0,0.0,1.0,0.0,0.0,0.0,,0.0,0.0,0.0,0.0,1.0,0.0,0.0,0.0,0.0,0.0,0.0,0.0,0.0,0.0,0.0,0.0,0.0,,0.0,0.0,0.0,0.0,0.0,0.0,0.0,0.0,0.0,0.0,,,0.0,1.0,0.0,0.0,0.0,0.0,0.0,-1.0,0.0,0.0,0.0,0.0,0.0,0.0,0.0,0.0,0.0,0.0,0.0,0.0,,1.0,0.0,,0.0,0.0,0.0,0.0,0.0,2.0,0.0,0.0,0.0,0.0,,1.0,0.0,1.0,0.0,1.0,0.0,0.0,0.0,,0.0,0.0,0.0,0.0,0.0,0.0,0.0,0.0,0.0,,0.0,2.0,0.0,0.0,0.0,0.0,0.0,,0.0,0.0,0.0,0.0,0.0,,,0.0,0.0,0.0,0.0,0.0,0.0,0.0,0.0,,0.0,0.0,0.0
sbo_rich_v6_context_java,O0_canary_nopie_CWE121_Stack_Based_Buffer_Overflow__CWE806_wchar_t_declare_snprintf_42__O0_canary_nopie,O0_canary_nopie_CWE121_Stack_Based_Buffer_Overflow__CWE806_wchar_t_declare_snprintf_42__O0_canary_nopie.json,O0_canary_nopie_CWE121_Stack_Based_Buffer_Overflow__CWE806_wchar_t_declare_snprintf_42__O0_canary_nopie,CWE121_Stack_Based_Buffer_Overflow__CWE806_wchar_t_declare_snprintf_42,O0_canary_nopie,goodG2B,goodG2B,0x401458,0,bin_func_entry,0.0,0.0,460.0,230.0,0.0,408.0,208.0,616.0,1,0.0,0.0,71.0,0.0,308.0,208.0,408.0,208.0,104.0,39.0,63.5,127.0,38.0,49.0,-528.0,64.0,43.0,58.0,-1056.0,34.0,0.0,208.0,,11.0,-424.0,,2.5,2.0,-208.0,,-104.0,104.0,0.0,34.0,,4.0,0.0,208.0,0.0,1.0,2.0,0.0,1.0,1.5,0.0,5.0,-104.0,2.0,-632.0,1.0,0.5,1.0,1.0,1.0,-208.0,6.0,1.0,0.0,0.0,1.0,6.0,0.0,3.0,1.0,0.0,3.0,0.0,,0.0,8.0,0.5,,,,1.0,0.0,0.0,-632.0,,1.0,7.0,2.0,,0.0,2.0,0.0,2.0,25.0,,,1.0,0.0,6.0,0.0,0.0,0.3333333333333333,5,0.5,5.0,0.0,2.0,0.0,1.0,0.0,1.0,1.0,,-632.0,0.0,1.0,0.5,0.0,8.5,0.0,1.0,0.0,,0.3333333333333333,3.0,,1.0,1.0,0.0,0.0,0.0,0.0,0.0,1.0,0.0,8.5,0.0,1.0,0.5,1.0,0.0,0.0,0.0,0.0,0.0,,0.0,0.0,0.5,20.0,,17.0,17.0,17.0,0.0,0.3333333333333333,-2.0,0.0,17.0,0.0,0.0,0.0,7.5,1.0,0.0,0.0,0.0,1.0,0.5,1.0,1.0,15.0,0.0,1.0,,1.0,0.0,1.0,0.0,1.0,0.0,7.5,15.0,-2.0,0.0,0.0,0.0,15.0,0.0,0.0,1.0,0.0,0.5,0.0,15.0,1.0,1.0,2.0,1.0,,0.0,1.0,0.0,0.0,0.0,1.0,0.0,0.3333333333333333,0.0,0.5,1.0,1.0,0.5,1.0,0.0,0.5,0.0,1.0,0.0,1.0,1.0,0.0,0.0,0.0,0.0,0.0,0.0,1.0,0.0,,0.0,,0.3333333333333333,0.0,0.0,0.0,0.0,1.0,1.0,1.0,0.3333333333333333,0.0,1.0,,,0.0,1.0,0.0,0.5,0.0,0.0,0.5,0.0,,0.0,0.0,1.0
sbo_rich_v6_context_java,O2_nocanary_nopie_CWE121_Stack_Based_Buffer_Overflow__CWE805_int_alloca_memmove_06__O2_nocanary_nopie,O2_nocanary_nopie_CWE121_Stack_Based_Buffer_Overflow__CWE805_int_alloca_memmove_06__O2_nocanary_nopie.json,O2_nocanary_nopie_CWE121_Stack_Based_Buffer_Overflow__CWE805_int_alloca_memmove_06__O2_nocanary_nopie,CWE121_Stack_Based_Buffer_Overflow__CWE805_int_alloca_memmove_06,O2_nocanary_nopie,CWE121_Stack_Based_Buffer_Overflow__CWE805_int_alloca_memmove_06_bad,CWE121_Stack_Based_Buffer_Overflow__CWE805_int_alloca_memmove_06_bad,0x401270,1,bin_func_entry,400.0,400.0,101.0,50.5,400.0,51.0,50.0,101.0,1,8.0,8.0,17.0,8.0,50.5,50.0,51.0,50.0,50.0,7.0,14.0,14.0,7.0,18.0,-524.0,14.0,6.0,19.0,-1048.0,2.0,51.0,50.0,,4.0,-424.0,51.0,1.0,2.0,350.0,51.0,350.0,50.0,0.0,5.0,1.0,1.0,8.0,50.0,8.0,1.0,3.0,8.0,1.0,4.0,0.0,2.0,1.0,1.0,-624.0,1.0,1.0,1.0,0.0,0.0,1.0,7.0,1.0,1.0,0.0,1.0,7.0,51.0,4.0,1.0,350.0,4.0,51.0,-424.0,0.0,7.0,1.0,-424.0,15.0,-424.0,1.0,1.0,1.0,-624.0,15.0,1.0,2.0,1.0,9.0,0.0,1.0,350.0,1.0,14.5,9.0,15.0,0.0,1.0,3.0,0.0,1.0,0.5,2,1.0,2.0,1.0,0.0,4.0,1.0,1.0,1.0,1.0,,-624.0,1.0,1.0,0.0,1.0,10.0,0.0,1.0,4.0,1.0,0.0,1.0,15.0,1.0,0.0,6.0,1.0,0.0,1.0,0.0,0.0,1.0,4.0,0.0,1.0,0.0,0.0,4.0,1.0,1.0,6.0,1.0,,1.0,6.0,0.0,20.0,1.0,10.0,4.0,10.0,1.0,0.0,4.0,1.0,4.0,1.0,1.0,1.0,13.0,3.0,1.0,1.0,1.0,1.0,1.0,1.0,1.0,13.0,1.0,0.0,,1.0,0.0,0.0,1.0,1.0,1.0,9.0,13.0,7.0,0.0,1.0,1.0,9.0,0.5,1.0,0.0,1.0,1.0,0.0,9.0,0.0,1.0,0.0,1.0,,1.0,0.0,1.0,0.0,0.0,2.0,0.0,0.5,0.0,1.0,,0.0,0.0,1.0,1.0,0.0,0.0,1.0,0.0,,1.0,1.0,0.0,0.0,0.0,1.0,0.0,0.0,0.0,,1.0,1.0,0.5,0.0,0.0,0.0,0.0,1.0,1.0,0.0,0.5,1.0,0.0,,,1.0,1.0,0.0,1.0,0.0,1.0,1.0,0.0,,1.0,0.0,1.0
sbo_rich_v6_context_java,O0_nocanary_nopie_CWE121_Stack_Based_Buffer_Overflow__CWE806_wchar_t_declare_ncat_67a__O0_nocanary_nopie,O0_nocanary_nopie_CWE121_Stack_Based_Buffer_Overflow__CWE806_wchar_t_declare_ncat_67a__O0_nocanary_nopie.json,O0_nocanary_nopie_CWE121_Stack_Based_Buffer_Overflow__CWE806_wchar_t_declare_ncat_67a__O0_nocanary_nopie,CWE121_Stack_Based_Buffer_Overflow__CWE806_wchar_t_declare_ncat_67a,O0_nocanary_nopie,CWE121_Stack_Based_Buffer_Overflow__CWE806_wchar_t_declare_ncat_67b_badSink,CWE121_Stack_Based_Buffer_Overflow__CWE806_wchar_t_declare_ncat_67b_badSink,0x4012f1,1,bin_func_entry,0.0,0.0,48.0,48.0,0.0,48.0,192.0,192.0,1,0.0,0.0,64.0,0.0,192.0,192.0,192.0,192.0,96.0,35.0,59.5,119.0,36.0,41.0,-216.0,60.0,38.0,47.0,-216.0,33.0,0.0,192.0,,6.0,-216.0,,4.0,1.0,-192.0,,-96.0,96.0,0.5,32.0,,4.0,0.0,192.0,0.0,1.0,1.0,0.0,1.0,2.75,0.0,4.0,-96.0,2.0,-216.0,1.0,0.5,1.0,1.0,1.0,-192.0,2.0,1.0,0.0,0.0,1.0,2.0,0.0,5.5,1.0,0.0,5.5,0.0,,0.0,5.0,0.5,,,,1.0,0.0,0.0,-216.0,,1.0,3.0,1.0,,1.0,2.0,0.0,1.0,4.5,,,0.0,0.0,4.0,1.0,0.5,0.3333333333333333,3,0.5,3.0,1.0,2.0,2.5,1.0,0.0,1.0,1.0,,-216.0,1.0,1.0,0.5,0.0,1.75,0.0,1.0,5.0,,0.3333333333333333,1.0,,1.0,1.0,3.5,0.0,0.0,0.0,0.0,1.0,0.0,-1.75,0.0,1.0,0.5,1.0,5.0,0.0,0.5,7.0,1.0,,0.0,7.0,0.0,2.0,,3.5,-3.5,3.5,0.0,0.3333333333333333,8.0,0.0,0.0,0.0,0.0,1.0,1.0,,0.0,0.0,1.0,0.0,0.5,1.0,1.0,2.0,1.0,1.0,,1.0,0.0,1.0,0.0,1.0,0.0,-1.5,2.0,10.0,0.0,0.0,0.0,-3.0,0.3333333333333333,0.0,0.0,0.0,0.0,0.0,0.0,1.0,,2.0,0.0,,0.5,0.0,0.0,0.0,0.0,1.0,0.0,0.0,0.0,0.0,1.0,1.0,0.5,1.0,1.0,0.5,0.3333333333333333,0.0,0.0,,0.0,1.0,0.0,0.5,0.0,0.0,0.0,1.0,1.0,,0.0,,0.3333333333333333,1.0,0.0,0.0,0.0,,1.0,0.0,0.0,0.5,1.0,,,0.0,1.0,0.0,0.5,0.0,0.0,0.0,0.0,,1.0,0.0,0.0
sbo_rich_v6_context_java,O2_nocanary_nopie_CWE121_Stack_Based_Buffer_Overflow__src_char_declare_cat_14__O2_nocanary_nopie,O2_nocanary_nopie_CWE121_Stack_Based_Buffer_Overflow__src_char_declare_cat_14__O2_nocanary_nopie.json,O2_nocanary_nopie_CWE121_Stack_Based_Buffer_Overflow__src_char_declare_cat_14__O2_nocanary_nopie,CWE121_Stack_Based_Buffer_Overflow__src_char_declare_cat_14,O2_nocanary_nopie,CWE121_Stack_Based_Buffer_Overflow__src_char_declare_cat_14_bad,CWE121_Stack_Based_Buffer_Overflow__src_char_declare_cat_14_bad,0x401320,1,bin_func_entry,99.0,99.0,147.0,36.75,49.5,99.0,115.0,147.0,1,1.0,1.0,22.0,0.5,36.75,16.0,99.0,99.0,57.5,9.0,15.5,31.0,11.0,14.0,-156.0,19.0,5.0,22.0,-624.0,6.0,0.0,115.0,1.0,1.0,-120.0,,1.0,4.0,-16.0,,-8.0,57.5,0.5,8.0,1.0,1.0,1.0,99.0,1.0,0.0,3.0,0.5,1.0,4.75,1.0,4.0,-8.0,2.0,-304.0,0.0,1.0,2.0,0.5,1.0,-16.0,8.0,2.0,83.0,0.5,1.0,8.0,49.5,5.0,2.0,0.0,9.5,99.0,,1.0,5.0,1.0,,64.6,,,1.0,0.5,-152.0,163.0,2.0,6.0,1.0,,1.0,0.0,0.0,2.0,7.5,,323.0,2.0,1.0,5.0,1.0,0.5,0.6666666666666666,3,1.0,3.0,2.0,1.0,4.5,1.0,0.0,2.0,2.0,,-120.0,2.0,1.0,0.5,1.0,5.25,1.0,0.0,5.0,,0.3333333333333333,3.0,16.0,2.0,1.0,7.0,0.5,0.5,0.5,0.0,1.0,0.0,-1.75,0.0,2.0,0.5,0.5,9.0,5.0,0.0,14.0,1.0,1.0,1.0,8.0,0.5,20.5,,8.5,-3.5,10.5,1.0,0.3333333333333333,10.0,0.0,2.5,0.5,1.0,1.0,6.75,1.0,0.0,1.0,0.0,1.0,1.0,2.0,1.0,13.5,0.0,1.0,,2.0,0.0,1.0,0.5,1.0,1.0,2.25,11.5,24.0,0.0,1.0,1.0,4.5,0.6666666666666666,1.0,1.0,1.0,0.5,1.0,7.5,1.0,2.0,1.0,1.0,,1.0,1.0,1.0,0.0,0.0,,0.0,0.3333333333333333,0.0,0.5,,0.0,0.0,1.0,2.0,0.0,0.3333333333333333,1.0,0.0,1.0,1.0,1.0,0.0,0.5,0.0,0.0,0.0,0.0,1.0,3.0,0.0,,0.3333333333333333,1.0,0.0,0.0,0.0,1.0,1.0,1.0,0.3333333333333333,1.0,0.0,1.0,,0.0,1.0,0.0,0.5,0.0,0.0,0.5,1.0,,2.0,1.0,1.0
sbo_rich_v6_context_java,O0_canary_nopie_CWE121_Stack_Based_Buffer_Overflow__CWE805_int64_t_declare_memmove_12__O0_canary_nopie,O0_canary_nopie_CWE121_Stack_Based_Buffer_Overflow__CWE805_int64_t_declare_memmove_12__O0_canary_nopie.json,O0_canary_nopie_CWE121_Stack_Based_Buffer_Overflow__CWE805_int64_t_declare_memmove_12__O0_canary_nopie,CWE121_Stack_Based_Buffer_Overflow__CWE805_int64_t_declare_memmove_12,O0_canary_nopie,goodG2B,goodG2B,0x401275,0,bin_func_entry,800.0,800.0,201.0,100.5,800.0,101.0,100.0,201.0,1,8.0,8.0,29.0,8.0,100.5,100.0,101.0,100.0,100.0,15.0,22.0,22.0,13.0,28.0,-1224.0,22.0,16.0,36.0,-2448.0,7.0,101.0,0.0,1.0,10.0,-824.0,100.5,1.0,2.0,0.0,201.0,0.0,0.0,0.0,9.0,2.0,1.0,0.0,0.0,0.0,1.0,4.0,0.0,1.0,4.0,0.0,2.0,0.0,1.0,,1.0,1.0,1.0,0.0,0.0,0.0,9.0,1.0,0.0,0.0,1.0,9.0,101.0,4.0,1.0,0.0,4.0,101.0,-824.0,0.0,9.0,1.0,-1224.0,,-2448.0,1.0,1.0,1.0,,,1.0,10.0,2.0,16.5,0.0,1.0,0.0,2.0,14.5,33.0,,3.0,1.0,6.0,0.0,1.0,0.5,4,1.0,4.0,1.0,0.0,4.5,1.0,2.0,1.0,1.0,,,1.0,1.0,0.0,1.0,10.0,0.0,1.0,4.5,1.0,0.0,6.0,,1.0,0.0,6.0,1.0,0.0,1.0,0.0,0.0,1.0,4.0,0.0,0.0,0.0,0.0,4.5,0.0,1.0,6.0,1.0,,1.0,6.0,0.0,0.0,1.0,10.0,4.0,10.0,0.0,0.0,6.5,1.0,4.0,0.0,0.0,1.0,0.0,2.0,1.0,1.0,1.0,1.0,0.0,0.0,0.0,0.0,1.0,0.0,,,0.0,0.0,0.0,0.0,0.0,-4.5,0.0,7.0,0.0,1.0,0.0,-4.5,0.5,1.0,0.0,1.0,1.0,0.0,-4.5,0.0,1.0,0.0,1.0,,1.0,0.0,0.0,0.0,0.0,1.0,0.0,0.5,0.0,1.0,1.0,0.0,0.0,1.0,1.0,0.0,0.5,1.0,1.0,2.0,1.0,1.0,0.0,1.0,1.0,0.0,0.0,0.0,1.0,,1.0,,0.0,1.0,0.0,0.0,1.0,1.0,0.0,2.0,0.0,1.0,0.0,,,0.0,0.0,0.0,0.0,0.0,0.0,0.0,1.0,,1.0,0.0,0.0
sbo_rich_v6_context_java,O0_nocanary_nopie_CWE121_Stack_Based_Buffer_Overflow__wchar_t_type_overrun_memmove_11__O0_nocanary_nopie,O0_nocanary_nopie_CWE121_Stack_Based_Buffer_Overflow__wchar_t_type_overrun_memmove_11__O0_nocanary_nopie.json,O0_nocanary_nopie_CWE121_Stack_Based_Buffer_Overflow__wchar_t_type_overrun_memmove_11__O0_nocanary_nopie,CWE121_Stack_Based_Buffer_Overflow__wchar_t_type_overrun_memmove_11,O0_nocanary_nopie,good2,good2,0x40128c,0,bin_func_entry,64.0,64.0,60.0,60.0,64.0,60.0,60.0,60.0,1,1.0666666666666669,1.0666666666666669,19.0,1.0666666666666669,60.0,60.0,60.0,60.0,60.0,8.0,13.0,13.0,9.0,17.0,-88.0,13.0,11.0,25.0,-88.0,5.0,0.0,60.0,,4.0,-88.0,,1.0,1.0,4.0,,4.0,60.0,0.0,8.0,,1.0,1.0666666666666669,60.0,1.0666666666666669,0.0,2.0,1.0666666666666669,1.0,5.0,0.0,1.0,-29.0,1.0,-88.0,0.0,1.0,1.0,0.0,0.0,-29.0,5.0,0.0,-29.0,0.0,1.0,4.0,31.0,5.0,1.0,4.0,5.0,31.0,,0.0,7.0,1.0,,,,1.0,1.0,1.0,-88.0,,1.0,8.0,1.0,,0.0,0.0,4.0,1.0,8.0,,,1.0,1.0,7.0,0.0,1.0,0.5,3,1.0,5.0,1.0,0.0,9.5,1.0,0.0,1.0,1.0,,-88.0,1.0,1.0,0.0,1.0,8.0,1.0,0.0,9.5,,0.0,3.0,,1.0,0.0,8.0,0.0,1.0,0.0,0.0,0.0,1.0,0.0,0.0,1.0,0.0,0.0,9.5,0.0,1.0,8.0,1.0,,0.0,8.0,0.0,12.0,,8.0,0.0,8.0,1.0,0.0,11.5,1.0,0.0,1.0,1.0,1.0,8.0,,1.0,0.0,1.0,1.0,1.0,1.0,1.0,8.0,1.0,0.0,,1.0,0.0,0.0,0.0,1.0,0.0,-1.5,8.0,12.0,0.0,0.0,0.0,-1.5,0.5,1.0,0.0,0.0,1.0,1.0,-1.5,0.0,,0.0,1.0,,1.0,0.0,1.0,0.0,0.0,1.0,0.0,0.0,0.0,0.0,1.0,0.0,0.0,1.0,1.0,0.0,0.5,0.0,0.0,1.0,0.0,1.0,0.0,1.0,0.0,1.0,0.0,0.0,1.0,,0.0,,0.5,1.0,0.0,0.0,0.0,,1.0,1.0,0.0,1.0,0.0,,,1.0,1.0,0.0,1.0,0.0,1.0,0.0,1.0,,1.0,0.0,0.0
sbo_rich_v6_context_java,O2_nocanary_nopie_CWE121_Stack_Based_Buffer_Overflow__CWE193_char_declare_cpy_54a__O2_nocanary_nopie,O2_nocanary_nopie_CWE121_Stack_Based_Buffer_Overflow__CWE193_char_declare_cpy_54a__O2_nocanary_nopie.json,O2_nocanary_nopie_CWE121_Stack_Based_Buffer_Overflow__CWE193_char_declare_cpy_54a__O2_nocanary_nopie,CWE121_Stack_Based_Buffer_Overflow__CWE193_char_declare_cpy_54a,O2_nocanary_nopie,CWE121_Stack_Based_Buffer_Overflow__CWE193_char_declare_cpy_54d_badSink,CWE121_Stack_Based_Buffer_Overflow__CWE193_char_declare_cpy_54d_badSink,0x4012b0,1,bin_func_entry,0.0,0.0,19.0,19.0,0.0,19.0,0.0,19.0,0,0.0,0.0,10.0,0.0,19.0,19.0,19.0,0.0,0.0,,7.0,7.0,0.0,,-19.0,7.0,,1.0,-19.0,0.0,0.0,0.0,1.0,,-19.0,,1.0,1.0,0.0,,0.0,0.0,0.0,,1.0,1.0,0.0,0.0,0.0,1.0,0.0,0.0,1.0,3.0,0.0,1.0,0.0,1.0,,1.0,1.0,1.0,0.0,0.0,0.0,,1.0,0.0,0.0,1.0,,19.0,3.0,1.0,0.0,3.0,19.0,,0.0,,1.0,,,,,0.0,0.0,,,1.0,1.0,,,0.0,1.0,0.0,,1.5,,,1.0,0.0,2.0,0.0,1.0,0.0,0,0.0,0.0,1.0,0.0,1.5,0.0,0.0,1.0,0.0,,,1.0,,0.0,0.0,0.0,0.0,1.0,1.5,,0.0,1.0,,0.0,0.0,1.0,1.0,0.0,1.0,1.0,0.0,0.0,-1.0,1.0,0.0,0.0,1.0,1.5,0.0,0.0,1.0,1.0,,1.0,1.0,0.0,0.0,,0.0,-1.0,0.0,0.0,0.0,1.5,0.0,-1.0,0.0,0.0,1.0,0.0,,0.0,1.0,0.0,1.0,0.0,0.0,0.0,0.0,0.0,0.0,,,0.0,1.0,0.0,0.0,0.0,-1.5,0.0,0.0,0.0,1.0,0.0,-1.5,0.0,1.0,0.0,1.0,1.0,0.0,-1.5,0.0,,1.0,1.0,,0.0,0.0,0.0,0.0,0.0,,0.0,0.0,0.0,0.0,,0.0,0.0,0.0,0.0,0.0,0.0,0.0,0.0,,0.0,0.0,0.0,0.0,0.0,0.0,0.0,0.0,0.0,,0.0,,0.0,0.0,0.0,0.0,0.0,,0.0,0.0,0.0,0.0,0.0,,,0.0,0.0,0.0,0.0,0.0,0.0,0.0,0.0,,0.0,0.0,0.0
sbo_rich_v6_context_java,O2_nocanary_nopie_CWE121_Stack_Based_Buffer_Overflow__CWE193_wchar_t_alloca_cpy_15__O2_nocanary_nopie,O2_nocanary_nopie_CWE121_Stack_Based_Buffer_Overflow__CWE193_wchar_t_alloca_cpy_15__O2_nocanary_nopie.json,O2_nocanary_nopie_CWE121_Stack_Based_Buffer_Overflow__CWE193_wchar_t_alloca_cpy_15__O2_nocanary_nopie,CWE121_Stack_Based_Buffer_Overflow__CWE193_wchar_t_alloca_cpy_15,O2_nocanary_nopie,CWE121_Stack_Based_Buffer_Overflow__CWE193_wchar_t_alloca_cpy_15_good,CWE121_Stack_Based_Buffer_Overflow__CWE193_wchar_t_alloca_cpy_15_good,0x4012c0,0,bin_func_entry,0.0,,,,,,,0.0,0,,,7.0,,,0.0,0.0,,,1.0,,,2.0,,,,,4.0,,0.0,0.0,,1.0,,,,,0.0,,,,,,1.0,1.0,,0.0,,,,0.0,,,,0.0,,,0.0,,,,,,,,4.0,,,,,4.0,,0.0,,,,,,,2.0,,,,,,,,,,,2.0,1.0,,,0.0,0.0,1.0,0.0,,,1.0,,3.0,,,0.0,1,,1.0,,0.0,,,0.0,,,,,,,,,,0.0,0.0,,,0.0,1.0,,,,,,,,0.0,0.0,,,0.0,,,,0.0,0.0,,0.0,,1.0,,,,0.0,,,0.0,0.0,0.0,0.0,0.0,,0.0,,,,,,,0.0,,,,,,0.0,,,,,,,,,0.0,,,0.0,,,,,0.0,,,,,,,,,,0.0,,,,,0.0,,,,0.0,,,,,,1.0,0.0,,0.0,,,,0.0,,,,,0.0,,,,,0.0,,0.0,,,,,,,0.0,0.0,,,,,,0.0,,,,,,0.0,,,,
sbo_rich_v6_context_java,O0_canary_nopie_CWE121_Stack_Based_Buffer_Overflow__CWE805_char_alloca_loop_01__O0_canary_nopie,O0_canary_nopie_CWE121_Stack_Based_Buffer_Overflow__CWE805_char_alloca_loop_01__O0_canary_nopie.json,O0_canary_nopie_CWE121_Stack_Based_Buffer_Overflow__CWE805_char_alloca_loop_01__O0_canary_nopie,CWE121_Stack_Based_Buffer_Overflow__CWE805_char_alloca_loop_01,O0_canary_nopie,CWE121_Stack_Based_Buffer_Overflow__CWE805_char_alloca_loop_01_bad,CWE121_Stack_Based_Buffer_Overflow__CWE805_char_alloca_loop_01_bad,0x4011d6,1,bin_func_entry,99.0,99.0,272.0,90.66666666666669,99.0,112.0,104.0,272.0,1,0.9519230769230768,0.9519230769230768,31.0,0.9519230769230768,90.66666666666669,56.0,112.0,104.0,104.0,30.0,19.0,19.0,25.0,44.0,-216.0,19.0,31.0,68.0,-648.0,17.0,112.0,104.0,1.0,22.0,-120.0,84.0,1.0,3.0,-5.0,168.0,-5.0,104.0,0.0,14.0,1.0,1.0,0.9519230769230768,104.0,0.9519230769230768,1.0,2.0,0.9519230769230768,1.0,1.5,1.0,3.0,-104.0,1.0,-120.0,1.0,1.0,1.0,1.0,1.0,-104.0,86.0,1.0,-104.0,1.0,1.0,44.0,0.0,1.5,1.0,-5.0,1.5,0.0,-208.0,1.0,15.0,1.0,-264.0,,-528.0,1.0,1.0,1.0,-120.0,,1.0,9.0,6.0,15.5,0.0,1.0,0.0,7.0,7.5,31.0,,3.0,1.0,5.0,0.0,0.0,0.5,3,1.0,3.0,1.0,1.0,2.0,1.0,2.0,0.0,1.0,,-120.0,1.0,1.0,1.0,1.0,4.0,1.0,0.0,2.0,1.0,0.5,6.0,,1.0,1.0,2.0,0.0,1.0,0.0,0.0,1.0,0.0,2.0,0.0,1.0,1.0,0.0,2.0,0.0,0.0,2.0,0.0,8.0,0.0,2.0,1.0,2.0,4.0,4.0,2.0,4.0,0.0,0.5,2.0,0.0,2.0,0.0,0.0,0.0,2.0,9.0,0.0,0.0,0.0,0.0,1.0,1.0,1.0,2.0,0.0,1.0,20.0,1.0,0.0,0.0,0.0,1.0,0.0,0.0,2.0,1.0,1.0,0.0,0.0,0.0,0.0,0.0,1.0,0.0,0.0,1.0,0.0,1.0,3.0,0.0,0.0,,0.0,1.0,1.0,1.0,1.0,1.0,0.0,0.0,0.0,0.0,1.0,0.0,0.0,1.0,0.0,0.0,0.0,0.0,0.0,1.0,0.0,0.0,0.0,0.0,0.0,0.0,0.0,0.0,0.0,,1.0,,0.0,0.0,0.0,0.0,0.0,1.0,0.0,2.0,0.0,0.0,0.0,,6.0,0.0,0.0,0.0,0.0,0.0,0.0,0.0,1.0,1.0,0.0,0.0,0.0
sbo_rich_v6_context_java,O0_nocanary_nopie_CWE121_Stack_Based_Buffer_Overflow__src_char_alloca_cpy_15__O0_nocanary_nopie,O0_nocanary_nopie_CWE121_Stack_Based_Buffer_Overflow__src_char_alloca_cpy_15__O0_nocanary_nopie.json,O0_nocanary_nopie_CWE121_Stack_Based_Buffer_Overflow__src_char_alloca_cpy_15__O0_nocanary_nopie,CWE121_Stack_Based_Buffer_Overflow__src_char_alloca_cpy_15,O0_nocanary_nopie,goodG2B2,goodG2B2,0x401352,0,bin_func_entry,49.0,49.0,168.0,84.0,24.5,104.0,168.0,168.0,1,0.4711538461538461,0.4711538461538461,66.0,0.235576923076923,84.0,64.0,104.0,104.0,84.0,20.0,37.0,74.0,20.0,32.0,-140.0,63.0,26.0,45.0,-280.0,16.0,104.0,64.0,,7.0,-88.0,104.0,1.0,2.0,-64.0,104.0,-32.0,32.0,0.0,14.0,,1.0,0.0,64.0,0.0,1.0,1.0,0.0,1.0,1.5,1.0,2.0,-32.0,2.0,-88.0,1.0,1.0,2.0,1.0,1.0,-64.0,39.0,2.0,0.0,0.5,1.0,18.0,0.0,1.5,2.0,0.0,3.0,0.0,-192.0,1.0,9.0,1.0,-192.0,,-192.0,1.0,1.0,0.5,-88.0,,2.0,3.0,3.0,9.0,0.0,2.0,0.0,3.0,31.0,9.0,,0.0,1.0,4.0,0.0,0.0,0.6666666666666666,3,1.0,3.0,1.0,2.0,0.0,1.0,1.0,1.0,2.0,,-88.0,0.0,1.0,1.0,1.0,10.5,0.0,1.0,0.0,1.0,0.6666666666666666,1.0,,2.0,1.0,1.0,0.0,0.0,0.5,0.0,2.0,0.0,9.5,0.0,1.0,0.5,0.5,0.0,0.0,0.0,2.0,0.0,3.0,0.0,2.0,0.0,20.0,2.0,17.0,19.0,21.0,0.0,0.3333333333333333,-2.0,0.0,17.0,0.0,0.0,0.0,7.5,3.0,0.0,0.0,0.0,1.0,0.5,1.0,1.0,15.0,0.0,1.0,10.0,1.0,0.0,1.0,0.0,1.0,0.0,7.5,15.0,0.0,0.5,1.0,0.0,15.0,0.0,0.0,0.0,1.0,0.5,0.0,15.0,1.0,1.0,1.0,1.0,,0.0,0.0,0.0,1.0,1.0,1.0,0.0,0.3333333333333333,0.0,0.5,2.0,0.0,0.0,1.0,0.0,0.0,0.0,1.0,0.5,,1.0,0.0,0.0,0.0,1.0,0.0,0.0,0.0,0.0,,0.0,,0.3333333333333333,0.0,0.0,0.0,1.0,,1.0,0.0,0.3333333333333333,0.0,0.0,,3.0,0.0,1.0,0.0,0.5,0.0,0.0,0.5,0.0,,0.0,0.0,1.0
sbo_rich_v6_context_java,O2_nocanary_nopie_CWE121_Stack_Based_Buffer_Overflow__CWE805_struct_alloca_memcpy_53a__O2_nocanary_nopie,O2_nocanary_nopie_CWE121_Stack_Based_Buffer_Overflow__CWE805_struct_alloca_memcpy_53a__O2_nocanary_nopie.json,O2_nocanary_nopie_CWE121_Stack_Based_Buffer_Overflow__CWE805_struct_alloca_memcpy_53a__O2_nocanary_nopie,CWE121_Stack_Based_Buffer_Overflow__CWE805_struct_alloca_memcpy_53a,O2_nocanary_nopie,CWE121_Stack_Based_Buffer_Overflow__CWE805_struct_alloca_memcpy_53d_goodG2BSink,CWE121_Stack_Based_Buffer_Overflow__CWE805_struct_alloca_memcpy_53d_goodG2BSink,0x401320,0,bin_func_entry,800.0,800.0,808.0,404.0,800.0,800.0,0.0,808.0,0,0.0,0.0,19.0,0.0,404.0,8.0,800.0,0.0,0.0,,16.0,16.0,0.0,,-408.0,16.0,,1.0,-816.0,0.0,0.0,0.0,1.0,,-8.0,,1.0,2.0,0.0,,0.0,0.0,0.0,,1.0,1.0,0.0,0.0,0.0,1.0,0.0,0.0,1.0,2.5,0.0,2.0,0.0,1.0,,1.0,1.0,1.0,1.0,1.0,0.0,,1.0,0.0,0.0,0.0,,0.0,2.5,1.0,0.0,2.5,0.0,,0.0,,0.0,,,,,1.0,1.0,,,0.0,1.0,,,0.0,1.0,0.0,,1.5,,,1.0,1.0,2.0,0.0,1.0,0.0,0,0.0,0.0,1.0,1.0,1.5,0.0,0.0,1.0,0.0,,,1.0,,0.0,0.0,0.0,0.0,1.0,1.5,,0.0,1.0,,0.0,0.0,1.0,0.0,0.0,0.0,1.0,0.0,0.0,-1.0,0.0,0.0,0.0,0.0,1.5,0.0,1.0,1.0,1.0,,0.0,1.0,0.0,0.0,,0.0,-1.0,0.0,0.0,0.0,1.5,0.0,-1.0,0.0,0.0,1.0,0.0,,0.0,0.0,1.0,1.0,0.0,0.0,0.0,0.0,1.0,0.0,,,0.0,0.0,0.0,0.0,0.0,-1.5,0.0,0.0,0.0,0.0,0.0,-1.5,0.0,0.0,0.0,0.0,1.0,0.0,-1.5,0.0,,0.0,1.0,,0.0,0.0,0.0,0.0,0.0,,0.0,0.0,0.0,0.0,,0.0,0.0,0.0,0.0,0.0,0.0,0.0,0.0,,0.0,0.0,0.0,0.0,0.0,0.0,0.0,0.0,0.0,,1.0,,0.0,0.0,0.0,0.0,0.0,,0.0,0.0,0.0,0.0,0.0,,,0.0,0.0,0.0,0.0,0.0,0.0,0.0,0.0,,0.0,0.0,0.0
sbo_rich_v6_context_java,O0_nocanary_nopie_CWE121_Stack_Based_Buffer_Overflow__src_char_alloca_cat_54a__O0_nocanary_nopie,O0_nocanary_nopie_CWE121_Stack_Based_Buffer_Overflow__src_char_alloca_cat_54a__O0_nocanary_nopie.json,O0_nocanary_nopie_CWE121_Stack_Based_Buffer_Overflow__src_char_alloca_cat_54a__O0_nocanary_nopie,CWE121_Stack_Based_Buffer_Overflow__src_char_alloca_cat_54a,O0_nocanary_nopie,CWE121_Stack_Based_Buffer_Overflow__src_char_alloca_cat_54d_goodG2BSink,CWE121_Stack_Based_Buffer_Overflow__src_char_alloca_cat_54d_goodG2BSink,0x4013aa,0,bin_func_entry,0.0,,,,,,,0.0,1,,,6.0,,,0.0,0.0,,,4.0,,,5.0,6.0,,,4.0,10.0,,3.0,0.0,,,3.0,,,,0.0,,,,,,3.0,,,0.0,,,,0.0,,,,0.0,,,0.0,,,,,,,,2.0,,,,,2.0,,0.0,,,,,,,3.0,,,,,1.0,,,,,,1.0,1.0,,,0.0,0.0,1.0,0.0,,,0.0,,2.0,,,0.0,1,,1.0,,0.0,,,0.0,,,,,,1.0,,,,0.0,0.0,,,0.0,1.0,,,,,,,,0.0,0.0,,,0.0,,,,0.0,0.0,,0.0,,,,,,0.0,,,0.0,0.0,0.0,0.0,0.0,,0.0,,,,,,,0.0,,,,,,0.0,,,,,,,,,0.0,,,0.0,,,,,0.0,,,,,,,,,,0.0,,,,,0.0,,1.0,,0.0,,,1.0,,,1.0,0.0,,0.0,,,,0.0,,,,,0.0,,,,,0.0,,0.0,,,,,,,0.0,0.0,,,,,,0.0,,,,,,0.0,,,,
sbo_rich_v6_context_java,O2_nocanary_nopie_CWE121_Stack_Based_Buffer_Overflow__CWE193_wchar_t_declare_memmove_64a__O2_nocanary_nopie,O2_nocanary_nopie_CWE121_Stack_Based_Buffer_Overflow__CWE193_wchar_t_declare_memmove_64a__O2_nocanary_nopie.json,O2_nocanary_nopie_CWE121_Stack_Based_Buffer_Overflow__CWE193_wchar_t_declare_memmove_64a__O2_nocanary_nopie,CWE121_Stack_Based_Buffer_Overflow__CWE193_wchar_t_declare_memmove_64a,O2_nocanary_nopie,CWE121_Stack_Based_Buffer_Overflow__CWE193_wchar_t_declare_memmove_64_bad,CWE121_Stack_Based_Buffer_Overflow__CWE193_wchar_t_declare_memmove_64_bad,0x401260,1,bin_func_entry,0.0,,14.0,14.0,,14.0,,14.0,0,,,11.0,,14.0,14.0,14.0,,,6.0,,,6.0,4.0,-56.0,,2.0,8.0,-56.0,2.0,14.0,,,1.0,-56.0,14.0,1.0,1.0,,14.0,,,,3.0,,1.0,0.0,,,,2.0,,,,0.0,1.0,,0.0,,,,,,,,4.0,,,,,4.0,,0.0,,,,,-56.0,,2.0,,-56.0,12.0,-56.0,,,,,16.0,,1.0,1.0,7.0,,0.0,0.0,1.0,0.0,7.0,24.0,0.0,,2.0,,,0.0,1,,1.0,,0.0,,,1.0,,,,,,1.0,,,,0.0,0.0,,1.0,0.0,1.0,8.0,,,,,,,0.0,0.0,,,0.0,,,,0.0,2.0,,0.0,,1.0,,,,0.0,,,0.0,0.0,0.0,0.0,0.0,,0.0,,,,,,,0.0,,,,,,0.0,,,,,,,,,0.0,,,0.0,,,,,0.0,,,,,,,,,,0.0,,,,,0.0,,,,0.0,,,,,,1.0,0.0,,0.0,,,,0.0,,,,,0.0,,,,,0.0,,0.0,,,,,,,0.0,0.0,,,,,,0.0,,,,,,0.0,,,,
sbo_rich_v6_context_java,O0_nocanary_nopie_CWE121_Stack_Based_Buffer_Overflow__CWE805_char_alloca_ncat_45__O0_nocanary_nopie,O0_nocanary_nopie_CWE121_Stack_Based_Buffer_Overflow__CWE805_char_alloca_ncat_45__O0_nocanary_nopie.json,O0_nocanary_nopie_CWE121_Stack_Based_Buffer_Overflow__CWE805_char_alloca_ncat_45__O0_nocanary_nopie,CWE121_Stack_Based_Buffer_Overflow__CWE805_char_alloca_ncat_45,O0_nocanary_nopie,CWE121_Stack_Based_Buffer_Overflow__CWE805_char_alloca_ncat_45_bad,CWE121_Stack_Based_Buffer_Overflow__CWE805_char_alloca_ncat_45_bad,0x40122a,1,bin_func_entry,0.0,,176.0,88.0,,112.0,,176.0,1,,,17.0,,88.0,64.0,112.0,,,12.0,,,13.0,25.0,-152.0,,17.0,39.0,-304.0,9.0,112.0,,,5.0,-96.0,88.0,1.0,2.0,,176.0,,,,6.0,,1.0,0.0,,,,0.0,,,,0.0,2.0,,0.0,,,,,,,,72.0,,,,,30.0,,0.0,,,,,-96.0,,11.0,,-152.0,,-304.0,1.0,,,,,,1.0,5.0,10.5,,0.0,0.0,5.0,0.0,21.0,,0.0,,2.0,,,0.0,1,,1.0,,0.0,,,2.0,,,,,,1.0,,,,0.0,0.0,,1.0,0.0,1.0,,,,,,,,0.0,0.0,,,0.0,,,,0.0,0.0,,0.0,,4.0,,,,0.0,4.0,,0.0,0.0,0.0,0.0,0.0,,0.0,,,,,6.0,,0.0,,,,,,0.0,,,20.0,,,,,,0.0,,,0.0,,,,,0.0,,,,,,,,2.0,,0.0,,,,,0.0,,1.0,,0.0,,,1.0,,,1.0,0.0,,0.0,,,,0.0,,,,,0.0,,,,,0.0,,0.0,,,,,,,0.0,0.0,,,,6.0,,0.0,,,,,,0.0,,,,
sbo_rich_v6_context_java,O0_canary_nopie_CWE121_Stack_Based_Buffer_Overflow__CWE129_fgets_14__O0_canary_nopie,O0_canary_nopie_CWE121_Stack_Based_Buffer_Overflow__CWE129_fgets_14__O0_canary_nopie.json,O0_canary_nopie_CWE121_Stack_Based_Buffer_Overflow__CWE129_fgets_14__O0_canary_nopie,CWE121_Stack_Based_Buffer_Overflow__CWE129_fgets_14,O0_canary_nopie,CWE121_Stack_Based_Buffer_Overflow__CWE129_fgets_14_bad,CWE121_Stack_Based_Buffer_Overflow__CWE129_fgets_14_bad,0x4011e6,1,bin_func_entry,14.0,14.0,46.0,15.333333333333334,14.0,16.0,14.0,46.0,1,1.0,1.0,58.0,1.0,15.333333333333334,14.0,16.0,14.0,14.0,26.0,31.0,31.0,22.0,37.0,-52.66666666666666,31.0,22.0,58.0,-158.0,15.0,0.0,14.0,3.0,18.0,-30.0,,1.0,3.0,0.0,,0.0,14.0,0.0,18.0,3.0,1.0,1.0,14.0,1.0,1.0,2.0,1.0,1.0,1.5,0.0,3.0,-14.0,1.0,-30.0,1.0,1.0,1.0,1.0,1.0,-14.0,19.0,1.0,-14.0,0.0,1.0,18.0,0.0,1.5,1.0,0.0,1.5,0.0,,0.0,13.0,1.0,,,,1.0,1.0,1.0,-30.0,,1.0,24.0,2.0,,0.0,1.0,0.0,6.0,13.5,,,9.0,1.0,12.0,0.0,0.0,0.5,5,1.0,6.0,1.0,1.0,3.0,1.0,0.0,1.0,1.0,,-30.0,1.0,1.0,1.0,1.0,7.0,1.0,1.0,3.0,,0.5,14.0,,1.0,1.0,3.0,0.0,1.0,0.0,0.0,1.0,0.0,4.0,0.0,1.0,1.0,0.0,3.0,0.0,1.0,3.0,0.0,1.0,0.0,3.0,1.0,5.0,2.0,7.0,4.0,7.0,0.0,0.5,4.0,0.0,4.0,0.0,0.0,0.0,5.0,7.0,0.0,0.0,1.0,0.0,1.0,1.0,1.0,5.0,1.0,1.0,2.0,1.0,0.0,0.0,0.0,0.0,0.0,2.0,5.0,2.0,0.0,0.0,0.0,2.0,0.0,0.0,1.0,0.0,0.0,1.0,2.0,1.0,2.0,0.0,0.0,,0.0,1.0,1.0,0.0,0.0,1.0,0.0,0.5,0.0,1.0,1.0,0.0,0.0,1.0,0.0,0.0,0.0,1.0,0.0,2.0,1.0,0.0,0.0,0.0,0.0,0.0,0.0,0.0,0.0,2.0,1.0,,0.5,0.0,0.0,0.0,0.0,1.0,1.0,6.0,0.0,0.0,0.0,1.0,2.0,0.0,1.0,0.0,1.0,0.0,0.0,0.0,5.0,1.0,0.0,1.0,0.0
sbo_rich_v6_context_java,O0_nocanary_nopie_CWE121_Stack_Based_Buffer_Overflow__CWE805_int64_t_declare_memcpy_18__O0_nocanary_nopie,O0_nocanary_nopie_CWE121_Stack_Based_Buffer_Overflow__CWE805_int64_t_declare_memcpy_18__O0_nocanary_nopie.json,O0_nocanary_nopie_CWE121_Stack_Based_Buffer_Overflow__CWE805_int64_t_declare_memcpy_18__O0_nocanary_nopie,CWE121_Stack_Based_Buffer_Overflow__CWE805_int64_t_declare_memcpy_18,O0_nocanary_nopie,CWE121_Stack_Based_Buffer_Overflow__CWE805_int64_t_declare_memcpy_18_bad,CWE121_Stack_Based_Buffer_Overflow__CWE805_int64_t_declare_memcpy_18_bad,0x4011c6,1,bin_func_entry,800.0,800.0,251.0,125.5,800.0,200.0,51.0,251.0,1,15.68627450980392,15.68627450980392,19.0,15.68627450980392,125.5,51.0,200.0,51.0,51.0,9.0,16.0,16.0,9.0,19.0,-1224.0,16.0,12.0,24.0,-2448.0,4.0,200.0,0.0,,5.0,-424.0,125.5,1.0,2.0,0.0,251.0,0.0,0.0,0.0,5.0,1.0,1.0,0.0,0.0,0.0,1.0,3.0,0.0,1.0,4.0,0.0,2.0,0.0,1.0,,1.0,1.0,1.0,0.0,0.0,0.0,2.0,1.0,0.0,0.0,1.0,3.0,200.0,4.0,1.0,0.0,4.0,200.0,-424.0,0.0,6.0,1.0,-1224.0,,-2448.0,1.0,1.0,1.0,,,1.0,2.0,1.0,10.5,0.0,1.0,0.0,1.0,14.5,21.0,,0.0,1.0,3.0,0.0,1.0,0.5,2,1.0,2.0,1.0,0.0,4.5,1.0,2.0,1.0,1.0,,,1.0,1.0,0.0,1.0,10.0,0.0,1.0,4.5,1.0,0.0,1.0,,1.0,0.0,6.0,1.0,0.0,1.0,0.0,0.0,1.0,4.0,0.0,0.0,0.0,0.0,4.5,0.0,1.0,6.0,1.0,,1.0,6.0,0.0,0.0,1.0,10.0,4.0,10.0,0.0,0.0,6.5,1.0,4.0,0.0,0.0,1.0,0.0,1.0,1.0,1.0,1.0,1.0,0.0,0.0,0.0,0.0,1.0,0.0,,,0.0,0.0,0.0,0.0,0.0,-4.5,0.0,7.0,0.0,1.0,0.0,-4.5,0.5,1.0,0.0,1.0,1.0,0.0,-4.5,0.0,,0.0,1.0,,1.0,0.0,0.0,0.0,0.0,1.0,0.0,0.5,0.0,1.0,2.0,0.0,0.0,1.0,1.0,0.0,0.5,1.0,1.0,,1.0,1.0,0.0,1.0,1.0,0.0,0.0,0.0,1.0,,1.0,,0.0,1.0,0.0,0.0,1.0,,0.0,0.0,0.0,1.0,0.0,,,0.0,0.0,0.0,0.0,0.0,0.0,0.0,0.0,,1.0,0.0,0.0
sbo_rich_v6_context_java,O2_nocanary_nopie_CWE121_Stack_Based_Buffer_Overflow__CWE805_wchar_t_declare_memmove_07__O2_nocanary_nopie,O2_nocanary_nopie_CWE121_Stack_Based_Buffer_Overflow__CWE805_wchar_t_declare_memmove_07__O2_nocanary_nopie.json,O2_nocanary_nopie_CWE121_Stack_Based_Buffer_Overflow__CWE805_wchar_t_declare_memmove_07__O2_nocanary_nopie,CWE121_Stack_Based_Buffer_Overflow__CWE805_wchar_t_declare_memmove_07,O2_nocanary_nopie,CWE121_Stack_Based_Buffer_Overflow__CWE805_wchar_t_declare_memmove_07_bad,CWE121_Stack_Based_Buffer_Overflow__CWE805_wchar_t_declare_memmove_07_bad,0x4012f0,1,bin_func_entry,400.0,499.0,99.0,49.5,249.5,52.0,240.0,240.0,1,7.6923076923076925,8.218903436988544,16.0,4.109451718494272,120.0,52.0,188.0,188.0,120.0,6.0,11.0,22.0,9.0,10.0,-512.0,12.0,8.0,16.0,-1024.0,5.0,0.0,240.0,,1.0,-408.0,,2.5,2.0,259.0,,129.5,120.0,0.0,6.0,,4.0,7.6923076923076925,188.0,8.218903436988544,1.0,2.0,4.109451718494272,1.0,2.25,1.0,5.0,-26.0,2.0,-1024.0,1.0,1.0,2.0,0.5,1.0,-52.0,4.0,2.0,136.0,0.5,1.0,4.0,94.0,3.0,2.0,348.0,4.5,188.0,,1.0,4.0,1.0,,402.6666666666667,,,1.0,1.0,-512.0,604.0,2.0,3.0,1.0,,0.0,2.0,348.0,1.0,26.0,,1208.0,0.0,2.0,4.0,0.0,0.5,0.6666666666666666,3,1.0,3.0,1.0,1.0,1.5,1.0,0.0,1.0,2.0,,-408.0,2.0,1.0,0.5,2.0,7.0,1.0,1.0,2.0,,0.3333333333333333,1.0,208.0,2.0,1.0,1.0,0.5,0.5,0.5,0.0,1.0,1.0,6.0,0.0,2.0,0.5,0.0,3.0,3.0,0.5,2.0,1.0,1.0,1.0,2.0,0.5,22.0,,10.0,12.0,14.0,1.0,0.3333333333333333,1.0,1.0,10.0,0.5,1.0,1.0,7.5,,0.5,1.0,1.0,1.0,1.0,2.0,1.0,15.0,1.0,1.0,,2.0,0.0,0.0,0.5,2.0,1.0,6.0,13.0,-3.0,0.5,1.0,1.0,12.0,0.0,1.0,1.0,1.0,0.5,1.0,12.0,1.0,,0.0,1.0,,0.0,1.0,2.0,1.0,1.0,,0.0,0.3333333333333333,0.0,0.5,,0.0,0.0,1.0,0.0,0.0,0.0,1.0,0.0,,1.0,0.0,0.0,0.0,0.0,1.0,0.0,0.0,0.0,,0.0,,0.3333333333333333,0.0,0.0,0.0,0.0,,1.0,0.0,0.3333333333333333,0.0,0.0,,,0.5,1.0,0.0,0.5,0.0,1.0,0.5,0.0,,0.0,0.0,1.0
sbo_rich_v6_context_java,O0_canary_nopie_CWE121_Stack_Based_Buffer_Overflow__CWE806_char_alloca_ncpy_31__O0_canary_nopie,O0_canary_nopie_CWE121_Stack_Based_Buffer_Overflow__CWE806_char_alloca_ncpy_31__O0_canary_nopie.json,O0_canary_nopie_CWE121_Stack_Based_Buffer_Overflow__CWE806_char_alloca_ncpy_31__O0_canary_nopie,CWE121_Stack_Based_Buffer_Overflow__CWE806_char_alloca_ncpy_31,O0_canary_nopie,CWE121_Stack_Based_Buffer_Overflow__CWE806_char_alloca_ncpy_31_bad,CWE121_Stack_Based_Buffer_Overflow__CWE806_char_alloca_ncpy_31_bad,0x4011f6,1,bin_func_entry,99.0,99.0,152.0,76.0,33.0,104.0,152.0,152.0,1,0.9519230769230768,0.9519230769230768,80.0,0.3173076923076923,76.0,48.0,104.0,104.0,50.66666666666666,30.0,53.66666666666666,161.0,28.0,45.0,-140.0,72.0,37.0,60.0,-280.0,24.0,104.0,48.0,,15.0,-72.0,104.0,1.0,2.0,-48.0,104.0,-16.0,16.0,0.3333333333333333,20.0,,1.0,0.0,48.0,0.0,1.0,1.0,0.0,1.0,1.8333333333333333,1.0,2.0,-16.0,3.0,-72.0,1.0,0.6666666666666666,2.0,1.0,1.0,-48.0,43.0,2.0,0.0,0.3333333333333333,1.0,22.0,0.0,4.0,2.0,0.0,5.5,0.0,-208.0,1.0,12.0,0.6666666666666666,-208.0,,-208.0,1.0,1.0,0.3333333333333333,-72.0,,2.0,7.0,4.0,16.0,1.0,3.0,0.0,4.0,12.0,16.0,,1.0,1.0,6.0,1.0,0.0,0.5,5,0.6666666666666666,5.0,2.0,3.0,1.3333333333333333,1.0,1.0,1.0,2.0,,-72.0,1.0,1.0,0.6666666666666666,1.0,2.5,0.0,1.0,4.0,1.0,0.5,3.0,,2.0,1.0,3.0,0.0,0.0,0.0,0.0,2.0,0.0,-0.5,0.0,1.0,0.3333333333333333,0.6666666666666666,4.0,0.0,0.3333333333333333,9.0,0.0,3.0,0.0,7.0,0.0,2.0,2.0,4.0,-1.5,7.5,0.0,0.25,7.0,0.0,2.0,0.0,0.0,0.0,0.6666666666666666,4.0,0.0,0.0,1.0,0.0,0.3333333333333333,1.0,1.0,2.0,1.0,1.0,10.0,1.0,0.0,1.0,0.0,1.0,0.0,-0.6666666666666666,2.0,11.0,0.3333333333333333,0.0,0.0,-2.0,0.25,0.0,0.0,0.0,0.0,0.0,0.0,1.0,2.0,2.0,0.0,,0.3333333333333333,0.0,0.0,1.0,1.0,1.0,0.0,0.0,0.0,0.0,1.0,1.0,0.3333333333333333,1.0,1.0,0.3333333333333333,0.25,0.0,0.3333333333333333,1.0,0.0,1.0,0.0,0.3333333333333333,1.0,0.0,0.0,1.0,1.0,,0.0,,0.25,1.0,0.0,0.0,1.0,1.0,1.0,1.0,0.0,0.3333333333333333,1.0,,3.0,0.0,1.0,0.0,0.3333333333333333,0.0,0.0,0.0,0.0,,1.0,0.0,0.0
sbo_rich_v6_context_java,O0_nocanary_nopie_CWE121_Stack_Based_Buffer_Overflow__CWE806_wchar_t_declare_memmove_41__O0_nocanary_nopie,O0_nocanary_nopie_CWE121_Stack_Based_Buffer_Overflow__CWE806_wchar_t_declare_memmove_41__O0_nocanary_nopie.json,O0_nocanary_nopie_CWE121_Stack_Based_Buffer_Overflow__CWE806_wchar_t_declare_memmove_41__O0_nocanary_nopie,CWE121_Stack_Based_Buffer_Overflow__CWE806_wchar_t_declare_memmove_41,O0_nocanary_nopie,CWE121_Stack_Based_Buffer_Overflow__CWE806_wchar_t_declare_memmove_41_badSink,CWE121_Stack_Based_Buffer_Overflow__CWE806_wchar_t_declare_memmove_41_badSink,0x4011e6,1,bin_func_entry,1.0,1.0,,,0.5,,0.0,0.0,1,0.0,0.0,61.0,0.0,,0.0,0.0,0.0,0.0,33.0,56.5,113.0,34.0,39.0,,57.0,35.0,45.0,,31.0,0.0,0.0,,5.0,,,,0.0,0.0,,0.0,0.0,0.0,31.0,,,0.0,0.0,0.0,1.0,2.0,0.0,1.0,2.25,0.0,,0.0,2.0,,1.0,0.5,1.0,1.0,1.0,0.0,2.0,1.0,0.0,0.0,0.0,2.0,0.0,4.5,1.0,0.0,4.5,0.0,,0.0,5.0,0.0,,,,1.0,1.0,0.5,,,0.0,3.0,1.0,,0.0,2.0,0.0,1.0,-1.0,,,0.0,1.0,4.0,0.0,0.5,0.0,3,0.0,3.0,1.0,2.0,2.25,0.0,0.0,1.0,0.0,,,1.0,1.0,0.0,0.0,0.0,0.0,1.0,4.5,,0.0,1.0,,0.0,0.0,3.5,0.0,0.0,0.0,0.0,0.0,0.0,-3.5,0.0,0.0,0.0,0.5,4.5,0.0,0.5,7.0,1.0,,0.0,7.0,0.0,0.0,1.0,0.0,-7.0,0.0,0.0,0.0,6.5,0.0,0.0,0.0,0.0,1.0,0.0,,0.0,0.0,1.0,1.0,0.0,0.0,0.0,0.0,1.0,0.0,,,0.0,1.0,0.0,0.0,0.0,-2.25,0.0,10.0,0.0,0.0,0.0,-4.5,0.3333333333333333,0.0,0.0,0.0,0.5,0.0,0.0,0.0,,1.0,1.0,,0.5,0.0,0.0,0.0,0.0,1.0,0.0,0.0,0.0,0.0,1.0,1.0,0.5,1.0,1.0,0.5,0.3333333333333333,0.0,0.0,,0.0,1.0,0.0,0.5,0.0,0.0,0.0,1.0,1.0,,0.0,,0.0,1.0,0.0,0.0,0.0,,0.0,0.0,0.0,0.5,1.0,,,0.0,0.0,1.0,0.0,0.5,0.0,0.0,0.0,,1.0,0.0,0.0
sbo_rich_v6_context_java,O2_nocanary_nopie_CWE121_Stack_Based_Buffer_Overflow__CWE806_wchar_t_declare_snprintf_21__O2_nocanary_nopie,O2_nocanary_nopie_CWE121_Stack_Based_Buffer_Overflow__CWE806_wchar_t_declare_snprintf_21__O2_nocanary_nopie.json,O2_nocanary_nopie_CWE121_Stack_Based_Buffer_Overflow__CWE806_wchar_t_declare_snprintf_21__O2_nocanary_nopie,CWE121_Stack_Based_Buffer_Overflow__CWE806_wchar_t_declare_snprintf_21,O2_nocanary_nopie,goodG2B1,goodG2B1,0x401310,0,bin_func_entry,49.0,49.0,241.0,18.53846153846154,16.333333333333332,49.0,196.0,388.0,2,0.25,0.25,41.0,0.0833333333333333,29.846153846153847,16.0,196.0,196.0,65.33333333333333,19.0,32.333333333333336,97.0,21.0,26.0,-518.7692307692307,38.0,8.0,33.0,-6744.0,15.0,0.0,196.0,,1.0,-408.0,,1.2307692307692308,13.0,-147.0,,-49.0,65.33333333333333,0.0,18.0,,4.0,0.25,196.0,0.25,1.0,4.0,0.0833333333333333,1.0,1.0,1.0,16.0,-65.33333333333333,3.0,-408.0,1.0,0.3333333333333333,2.0,1.0,1.0,-196.0,6.0,2.0,0.0,0.3333333333333333,1.0,6.0,0.0,1.5,1.0,0.0,3.0,0.0,,1.0,5.0,0.3333333333333333,,132.85714285714286,,,1.0,0.3333333333333333,-408.0,404.0,1.0,4.0,1.0,,0.0,3.0,0.0,1.0,10.5,,1860.0,0.0,1.0,5.0,0.0,0.0,0.25,4,0.3333333333333333,4.0,2.0,3.0,1.1666666666666667,1.0,0.0,1.0,1.0,,-408.0,2.0,1.0,0.3333333333333333,1.0,1.3333333333333333,1.0,1.0,2.0,,0.25,1.0,16.0,1.0,1.0,1.0,0.0,0.3333333333333333,0.0,0.0,1.0,0.0,0.3333333333333333,0.0,1.0,0.3333333333333333,0.6666666666666666,3.5,14.0,0.0,3.0,0.0,1.0,0.0,2.0,0.3333333333333333,2.0,,4.0,1.0,4.0,0.0,0.25,3.5,0.0,2.0,0.0,0.0,0.0,0.6666666666666666,1.0,0.0,0.0,0.0,1.0,0.3333333333333333,1.0,1.0,2.0,0.0,1.0,,1.0,0.0,1.0,0.0,1.0,0.0,-0.5,2.0,0.0,0.3333333333333333,0.0,0.0,-1.5,0.0,0.0,1.0,0.0,0.3333333333333333,1.0,0.0,1.0,2.0,2.0,1.0,,0.0,1.0,1.0,1.0,1.0,,0.0,0.0,0.0,0.0,,1.0,0.3333333333333333,1.0,0.0,0.3333333333333333,0.0,0.0,0.0,,0.0,0.0,0.0,0.0,0.0,0.0,0.0,1.0,0.0,12.0,0.0,,0.0,0.0,0.0,0.0,0.0,1.0,0.0,0.0,0.0,0.0,1.0,1.0,,0.0,0.0,0.0,0.0,0.0,0.0,0.0,0.0,,0.0,0.0,0.0
sbo_rich_v6_context_java,O0_nocanary_nopie_CWE121_Stack_Based_Buffer_Overflow__CWE805_int_declare_memmove_09__O0_nocanary_nopie,O0_nocanary_nopie_CWE121_Stack_Based_Buffer_Overflow__CWE805_int_declare_memmove_09__O0_nocanary_nopie.json,O0_nocanary_nopie_CWE121_Stack_Based_Buffer_Overflow__CWE805_int_declare_memmove_09__O0_nocanary_nopie,CWE121_Stack_Based_Buffer_Overflow__CWE805_int_declare_memmove_09,O0_nocanary_nopie,goodG2B2,goodG2B2,0x401296,0,bin_func_entry,400.0,400.0,200.0,100.0,400.0,150.0,150.0,200.0,1,2.6666666666666665,2.6666666666666665,19.0,2.6666666666666665,100.0,50.0,150.0,150.0,150.0,9.0,16.0,16.0,9.0,22.0,-816.0,16.0,13.0,26.0,-1632.0,4.0,150.0,0.0,,5.0,-616.0,100.0,1.0,2.0,0.0,200.0,0.0,0.0,0.0,5.0,1.0,1.0,0.0,0.0,0.0,1.0,3.0,0.0,1.0,4.0,0.0,2.0,0.0,1.0,,1.0,1.0,1.0,0.0,0.0,0.0,5.0,1.0,0.0,0.0,1.0,5.0,50.0,4.0,1.0,0.0,4.0,50.0,-616.0,0.0,6.0,1.0,-816.0,,-1632.0,1.0,1.0,1.0,,,1.0,5.0,1.0,10.5,0.0,1.0,0.0,1.0,14.5,21.0,,1.0,1.0,4.0,0.0,1.0,0.5,2,1.0,2.0,1.0,0.0,4.5,1.0,2.0,1.0,1.0,,,1.0,1.0,0.0,1.0,10.0,0.0,1.0,4.5,1.0,0.0,3.0,,1.0,0.0,6.0,1.0,0.0,1.0,0.0,0.0,1.0,4.0,0.0,0.0,0.0,0.0,4.5,0.0,1.0,6.0,1.0,,1.0,6.0,0.0,0.0,1.0,10.0,4.0,10.0,0.0,0.0,6.5,1.0,4.0,0.0,0.0,1.0,0.0,4.0,1.0,1.0,1.0,1.0,0.0,0.0,0.0,0.0,1.0,0.0,,,0.0,0.0,0.0,0.0,0.0,-4.5,0.0,7.0,0.0,1.0,0.0,-4.5,0.5,1.0,0.0,1.0,1.0,0.0,-4.5,0.0,,0.0,1.0,,1.0,0.0,0.0,0.0,0.0,1.0,0.0,0.5,0.0,1.0,1.0,0.0,0.0,1.0,1.0,0.0,0.5,1.0,1.0,1.0,1.0,1.0,0.0,1.0,1.0,0.0,0.0,0.0,1.0,,1.0,,0.0,1.0,0.0,0.0,1.0,,0.0,1.0,0.0,1.0,0.0,,,0.0,0.0,0.0,0.0,0.0,0.0,0.0,1.0,,1.0,0.0,0.0
sbo_rich_v6_context_java,O2_nocanary_nopie_CWE121_Stack_Based_Buffer_Overflow__CWE806_char_alloca_loop_02__O2_nocanary_nopie,O2_nocanary_nopie_CWE121_Stack_Based_Buffer_Overflow__CWE806_char_alloca_loop_02__O2_nocanary_nopie.json,O2_nocanary_nopie_CWE121_Stack_Based_Buffer_Overflow__CWE806_char_alloca_loop_02__O2_nocanary_nopie,CWE121_Stack_Based_Buffer_Overflow__CWE806_char_alloca_loop_02,O2_nocanary_nopie,goodG2B2,goodG2B2,0x401220,0,bin_func_entry,49.0,49.0,49.0,49.0,49.0,49.0,49.0,49.0,2,1.0,1.0,11.0,1.0,49.0,49.0,49.0,49.0,49.0,5.0,7.0,7.0,5.0,13.0,-128.0,7.0,7.0,16.0,-128.0,2.0,0.0,49.0,,3.0,-128.0,,1.0,1.0,0.0,,0.0,49.0,0.0,5.0,,1.0,1.0,49.0,1.0,1.0,1.0,1.0,1.0,1.5,1.0,1.0,-49.0,1.0,-128.0,1.0,1.0,1.0,1.0,1.0,-49.0,5.0,1.0,-49.0,1.0,1.0,4.0,0.0,1.5,1.0,0.0,1.5,0.0,,1.0,5.0,1.0,,15.0,,1.0,1.0,1.0,-128.0,15.0,1.0,2.0,1.0,,0.0,1.0,0.0,1.0,7.5,,15.0,0.0,1.0,3.0,0.0,0.0,0.5,2,1.0,2.0,1.0,1.0,2.0,1.0,0.0,0.0,1.0,,-128.0,1.0,1.0,1.0,1.0,4.0,1.0,0.0,2.0,,0.5,1.0,15.0,1.0,1.0,2.0,0.0,1.0,0.0,0.0,1.0,0.0,2.0,1.0,1.0,1.0,0.0,2.0,1.0,0.0,2.0,0.0,,0.0,2.0,1.0,2.0,,4.0,2.0,4.0,0.0,0.5,2.0,0.0,2.0,0.0,0.0,0.0,2.0,,0.0,0.0,0.0,0.0,1.0,1.0,1.0,2.0,0.0,1.0,,1.0,0.0,0.0,0.0,0.0,0.0,0.0,2.0,1.0,0.0,0.0,0.0,0.0,0.0,0.0,1.0,0.0,0.0,1.0,0.0,1.0,,0.0,0.0,,0.0,1.0,1.0,0.0,0.0,2.0,0.0,0.0,0.0,0.0,,0.0,0.0,0.0,0.0,0.0,0.0,0.0,0.0,,0.0,0.0,0.0,0.0,0.0,0.0,0.0,0.0,0.0,,0.0,1.0,0.0,0.0,0.0,0.0,0.0,,0.0,0.0,0.0,0.0,0.0,,,0.0,0.0,0.0,0.0,0.0,0.0,0.0,0.0,,0.0,1.0,0.0
sbo_rich_v6_context_java,O2_nocanary_nopie_CWE121_Stack_Based_Buffer_Overflow__CWE805_char_declare_ncat_04__O2_nocanary_nopie,O2_nocanary_nopie_CWE121_Stack_Based_Buffer_Overflow__CWE805_char_declare_ncat_04__O2_nocanary_nopie.json,O2_nocanary_nopie_CWE121_Stack_Based_Buffer_Overflow__CWE805_char_declare_ncat_04__O2_nocanary_nopie,CWE121_Stack_Based_Buffer_Overflow__CWE805_char_declare_ncat_04,O2_nocanary_nopie,CWE121_Stack_Based_Buffer_Overflow__CWE805_char_declare_ncat_04_bad,CWE121_Stack_Based_Buffer_Overflow__CWE805_char_declare_ncat_04_bad,0x401280,1,bin_func_entry,100.0,199.0,163.0,81.5,99.5,99.0,163.0,163.0,1,1.5625,2.5625,14.0,1.28125,81.5,64.0,99.0,99.0,81.5,5.0,10.0,20.0,8.0,9.0,-152.0,11.0,7.0,15.0,-304.0,4.0,0.0,163.0,,1.0,-120.0,,1.0,2.0,36.0,,18.0,81.5,0.5,5.0,,1.0,1.5625,99.0,2.5625,1.0,2.0,1.28125,1.0,2.75,1.0,2.0,-32.0,2.0,-304.0,1.0,1.0,2.0,0.5,1.0,-64.0,4.0,2.0,35.0,0.5,1.0,4.0,49.5,3.0,2.0,36.0,5.5,99.0,,1.0,4.0,1.0,,113.5,,,1.0,1.0,-152.0,163.0,2.0,3.0,1.0,,1.0,2.0,36.0,1.0,18.0,,227.0,0.0,2.0,4.0,1.0,0.5,0.6666666666666666,3,1.0,3.0,1.0,1.0,1.5,1.0,0.0,1.0,2.0,,-120.0,2.0,1.0,0.5,2.0,4.5,1.0,1.0,2.0,,0.3333333333333333,1.0,64.0,2.0,1.0,1.0,0.5,0.5,0.5,0.0,1.0,1.0,3.5,0.0,2.0,0.5,0.0,3.0,2.0,0.5,2.0,1.0,1.0,1.0,2.0,0.5,17.0,,5.0,7.0,9.0,1.0,0.3333333333333333,1.0,1.0,5.0,0.5,1.0,1.0,5.0,,0.5,1.0,1.0,0.0,1.0,2.0,1.0,10.0,1.0,1.0,,2.0,0.0,0.0,0.5,1.0,1.0,3.5,8.0,-3.0,0.0,1.0,1.0,7.0,0.0,1.0,1.0,1.0,0.0,1.0,7.0,1.0,,0.0,0.0,,0.0,1.0,2.0,0.0,0.0,,0.0,0.0,0.0,0.0,,0.0,0.0,1.0,0.0,0.0,0.0,0.0,0.0,,0.0,0.0,0.0,0.0,0.0,1.0,0.0,0.0,0.0,,0.0,,0.3333333333333333,0.0,0.0,0.0,0.0,,1.0,0.0,0.3333333333333333,0.0,0.0,,,0.5,1.0,0.0,0.5,0.0,1.0,0.5,0.0,,0.0,1.0,1.0
sbo_rich_v6_context_java,O2_nocanary_nopie_CWE121_Stack_Based_Buffer_Overflow__dest_wchar_t_declare_cat_31__O2_nocanary_nopie,O2_nocanary_nopie_CWE121_Stack_Based_Buffer_Overflow__dest_wchar_t_declare_cat_31__O2_nocanary_nopie.json,O2_nocanary_nopie_CWE121_Stack_Based_Buffer_Overflow__dest_wchar_t_declare_cat_31__O2_nocanary_nopie,CWE121_Stack_Based_Buffer_Overflow__dest_wchar_t_declare_cat_31,O2_nocanary_nopie,goodG2B,goodG2B,0x401230,0,bin_func_entry,99.0,99.0,199.0,99.5,49.5,100.0,796.0,796.0,1,0.25,0.25,14.0,0.125,398.0,396.0,400.0,400.0,398.0,5.0,10.0,20.0,8.0,8.0,-608.0,11.0,6.0,14.0,-1216.0,4.0,0.0,796.0,,1.0,-408.0,,4.0,2.0,-697.0,,-348.5,398.0,0.5,5.0,,4.0,0.25,400.0,0.25,1.0,2.0,0.125,1.0,2.75,1.0,8.0,-200.0,2.0,-1216.0,1.0,1.0,2.0,0.5,1.0,-400.0,4.0,2.0,-4.0,0.5,1.0,4.0,198.0,3.0,2.0,-297.0,5.5,396.0,,1.0,4.0,1.0,,598.0,,,1.0,0.5,-608.0,796.0,2.0,3.0,1.0,,1.0,2.0,0.0,1.0,25.0,,1196.0,0.0,1.0,4.0,1.0,0.5,0.6666666666666666,3,1.0,3.0,1.0,1.0,1.0,1.0,0.0,1.0,2.0,,-408.0,1.0,1.0,0.5,1.0,8.5,2.0,1.0,2.0,,0.3333333333333333,1.0,400.0,2.0,1.0,1.0,0.5,1.0,0.5,0.0,1.0,0.0,7.5,0.0,2.0,0.5,0.5,2.0,2.0,0.0,2.0,1.0,1.0,1.0,2.0,0.5,20.0,,13.0,15.0,17.0,0.0,0.3333333333333333,0.0,0.0,13.0,0.0,0.0,1.0,7.5,,0.0,1.0,0.0,1.0,1.0,2.0,1.0,15.0,0.0,1.0,,2.0,0.0,1.0,0.0,2.0,0.0,6.5,13.0,0.0,0.5,1.0,0.0,13.0,0.0,1.0,1.0,1.0,0.5,1.0,13.0,1.0,,1.0,1.0,,0.0,1.0,1.0,1.0,1.0,,0.0,0.3333333333333333,0.0,0.5,,0.0,0.0,1.0,0.0,0.0,0.0,1.0,0.0,,1.0,0.0,0.0,0.0,0.0,0.0,0.0,0.0,0.0,,0.0,,0.3333333333333333,0.0,0.0,0.0,0.0,,1.0,0.0,0.3333333333333333,0.0,0.0,,,0.0,1.0,0.0,0.5,0.0,0.0,0.5,0.0,,0.0,0.0,1.0
sbo_rich_v6_context_java,O0_nocanary_nopie_CWE121_Stack_Based_Buffer_Overflow__CWE193_char_alloca_cpy_10__O0_nocanary_nopie,O0_nocanary_nopie_CWE121_Stack_Based_Buffer_Overflow__CWE193_char_alloca_cpy_10__O0_nocanary_nopie.json,O0_nocanary_nopie_CWE121_Stack_Based_Buffer_Overflow__CWE193_char_alloca_cpy_10__O0_nocanary_nopie,CWE121_Stack_Based_Buffer_Overflow__CWE193_char_alloca_cpy_10,O0_nocanary_nopie,CWE121_Stack_Based_Buffer_Overflow__CWE193_char_alloca_cpy_10_bad,CWE121_Stack_Based_Buffer_Overflow__CWE193_char_alloca_cpy_10_bad,0x4011c6,1,bin_func_entry,0.0,0.0,80.0,26.666666666666668,0.0,37.0,0.0,80.0,1,0.0,0.0,21.0,0.0,26.666666666666668,11.0,37.0,0.0,0.0,16.0,18.0,18.0,17.0,35.0,-78.33333333333333,18.0,24.0,50.0,-235.0,12.0,37.0,0.0,,6.0,-43.0,34.5,1.0,3.0,0.0,69.0,0.0,0.0,0.0,9.0,,1.0,0.0,0.0,0.0,0.0,1.0,0.0,1.0,5.0,0.0,3.0,0.0,1.0,,0.0,1.0,1.0,0.0,0.0,0.0,75.0,1.0,0.0,0.0,1.0,32.0,11.0,5.0,1.0,0.0,5.0,11.0,-80.0,0.0,12.0,1.0,-96.0,,-192.0,1.0,0.0,0.0,,,1.0,5.0,5.0,11.5,0.0,0.0,0.0,5.0,-4.0,23.0,,1.0,0.0,4.0,0.0,1.0,0.0,2,0.0,2.0,1.0,0.0,5.5,0.0,2.0,1.0,0.0,,,1.0,1.0,0.0,0.0,0.0,0.0,0.0,5.5,1.0,0.0,3.0,,0.0,0.0,7.0,1.0,0.0,1.0,0.0,0.0,0.0,-7.0,0.0,0.0,0.0,1.0,5.5,0.0,0.0,7.0,1.0,4.0,1.0,7.0,0.0,0.0,4.0,0.0,-7.0,0.0,0.0,0.0,7.5,0.0,-7.0,0.0,0.0,1.0,0.0,7.0,0.0,1.0,0.0,1.0,0.0,0.0,0.0,0.0,0.0,0.0,20.0,,0.0,1.0,0.0,0.0,0.0,-5.5,0.0,12.0,0.0,1.0,0.0,-5.5,0.5,1.0,0.0,1.0,1.0,0.0,-5.5,0.0,2.0,1.0,1.0,,1.0,0.0,0.0,0.0,0.0,1.0,0.0,0.0,0.0,0.0,1.0,0.0,0.0,1.0,1.0,0.0,0.5,0.0,0.0,1.0,0.0,1.0,0.0,1.0,0.0,0.0,0.0,0.0,1.0,,0.0,,0.0,1.0,0.0,0.0,0.0,,0.0,1.0,0.0,1.0,0.0,,6.0,0.0,0.0,0.0,0.0,0.0,0.0,0.0,1.0,,1.0,0.0,0.0
sbo_rich_v6_context_java,O0_canary_nopie_CWE121_Stack_Based_Buffer_Overflow__CWE806_char_alloca_snprintf_51a__O0_canary_nopie,O0_canary_nopie_CWE121_Stack_Based_Buffer_Overflow__CWE806_char_alloca_snprintf_51a__O0_canary_nopie.json,O0_canary_nopie_CWE121_Stack_Based_Buffer_Overflow__CWE806_char_alloca_snprintf_51a__O0_canary_nopie,CWE121_Stack_Based_Buffer_Overflow__CWE806_char_alloca_snprintf_51a,O0_canary_nopie,CWE121_Stack_Based_Buffer_Overflow__CWE806_char_alloca_snprintf_51_bad,CWE121_Stack_Based_Buffer_Overflow__CWE806_char_alloca_snprintf_51_bad,0x4011f6,1,bin_func_entry,99.0,99.0,112.0,112.0,99.0,112.0,112.0,112.0,1,0.8839285714285714,0.8839285714285714,21.0,0.8839285714285714,112.0,112.0,112.0,112.0,112.0,15.0,13.0,13.0,13.0,26.0,-144.0,13.0,19.0,39.0,-144.0,10.0,112.0,0.0,,11.0,-144.0,112.0,1.0,1.0,0.0,112.0,0.0,0.0,0.0,8.0,,1.0,0.0,0.0,0.0,1.0,0.0,0.0,1.0,1.5,1.0,1.0,0.0,1.0,,1.0,1.0,1.0,1.0,1.0,0.0,43.0,1.0,0.0,1.0,1.0,22.0,0.0,1.5,1.0,0.0,1.5,0.0,-144.0,1.0,10.0,1.0,-144.0,,-144.0,1.0,1.0,1.0,,,1.0,5.0,4.0,11.0,0.0,1.0,0.0,4.0,7.5,11.0,,1.0,1.0,4.0,0.0,0.0,0.5,3,1.0,3.0,1.0,1.0,0.0,1.0,1.0,0.0,1.0,,,0.0,1.0,1.0,1.0,4.0,0.0,0.0,0.0,1.0,0.5,3.0,,1.0,1.0,2.0,0.0,0.0,0.0,0.0,1.0,0.0,2.0,0.0,0.0,0.0,0.0,0.0,0.0,0.0,2.0,0.0,3.0,0.0,2.0,0.0,0.0,2.0,4.0,2.0,4.0,0.0,0.0,0.0,0.0,2.0,0.0,0.0,0.0,0.0,4.0,0.0,0.0,0.0,0.0,0.0,0.0,0.0,0.0,0.0,0.0,10.0,,0.0,0.0,0.0,0.0,0.0,0.0,0.0,1.0,1.0,0.0,0.0,0.0,0.0,0.0,0.0,0.0,0.0,0.0,0.0,0.0,2.0,0.0,0.0,,0.0,0.0,0.0,1.0,1.0,1.0,0.0,0.0,0.0,0.0,1.0,0.0,0.0,1.0,0.0,0.0,0.0,0.0,1.0,1.0,0.0,0.0,0.0,0.0,1.0,0.0,0.0,0.0,0.0,,0.0,,0.0,0.0,0.0,0.0,1.0,1.0,0.0,1.0,0.0,0.0,0.0,,3.0,0.0,0.0,0.0,0.0,0.0,0.0,0.0,0.0,,0.0,0.0,0.0
sbo_rich_v6_context_java,O2_nocanary_nopie_CWE121_Stack_Based_Buffer_Overflow__src_char_alloca_cat_54a__O2_nocanary_nopie,O2_nocanary_nopie_CWE121_Stack_Based_Buffer_Overflow__src_char_alloca_cat_54a__O2_nocanary_nopie.json,O2_nocanary_nopie_CWE121_Stack_Based_Buffer_Overflow__src_char_alloca_cat_54a__O2_nocanary_nopie,CWE121_Stack_Based_Buffer_Overflow__src_char_alloca_cat_54a,O2_nocanary_nopie,CWE121_Stack_Based_Buffer_Overflow__src_char_alloca_cat_54_bad,CWE121_Stack_Based_Buffer_Overflow__src_char_alloca_cat_54_bad,0x401270,1,bin_func_entry,99.0,99.0,99.0,99.0,99.0,99.0,99.0,99.0,1,1.0,1.0,11.0,1.0,99.0,99.0,99.0,99.0,99.0,5.0,7.0,7.0,5.0,13.0,-128.0,7.0,7.0,16.0,-128.0,2.0,0.0,99.0,,3.0,-128.0,,1.0,1.0,0.0,,0.0,99.0,1.0,5.0,,1.0,1.0,99.0,1.0,1.0,1.0,1.0,1.0,2.5,1.0,1.0,-99.0,1.0,-128.0,1.0,1.0,1.0,1.0,1.0,-99.0,5.0,1.0,-99.0,1.0,1.0,4.0,0.0,2.5,1.0,0.0,2.5,0.0,,1.0,5.0,1.0,,15.0,,1.0,1.0,1.0,-128.0,15.0,1.0,2.0,1.0,,1.0,1.0,0.0,1.0,7.5,,15.0,0.0,1.0,3.0,1.0,0.0,0.5,2,1.0,2.0,1.0,1.0,2.0,1.0,0.0,0.0,1.0,,-128.0,1.0,1.0,1.0,1.0,4.0,1.0,0.0,2.0,,0.5,1.0,15.0,1.0,1.0,2.0,0.0,1.0,0.0,0.0,1.0,0.0,2.0,1.0,1.0,1.0,0.0,2.0,1.0,0.0,2.0,0.0,,0.0,2.0,1.0,2.0,,4.0,2.0,4.0,0.0,0.5,2.0,0.0,2.0,0.0,0.0,0.0,2.0,,0.0,0.0,0.0,0.0,1.0,1.0,1.0,2.0,0.0,1.0,,1.0,0.0,0.0,0.0,0.0,0.0,0.0,2.0,1.0,0.0,0.0,0.0,0.0,0.0,0.0,1.0,0.0,0.0,1.0,0.0,1.0,,0.0,0.0,,0.0,1.0,1.0,0.0,0.0,2.0,0.0,0.0,0.0,0.0,,0.0,0.0,0.0,0.0,0.0,0.0,0.0,0.0,,0.0,0.0,0.0,0.0,0.0,0.0,0.0,0.0,0.0,,0.0,1.0,0.0,0.0,0.0,0.0,0.0,,0.0,0.0,0.0,0.0,0.0,,,0.0,0.0,0.0,0.0,0.0,0.0,0.0,0.0,,0.0,1.0,0.0
sbo_rich_v6_context_java,O0_nocanary_nopie_CWE121_Stack_Based_Buffer_Overflow__CWE129_fgets_12__O0_nocanary_nopie,O0_nocanary_nopie_CWE121_Stack_Based_Buffer_Overflow__CWE129_fgets_12__O0_nocanary_nopie.json,O0_nocanary_nopie_CWE121_Stack_Based_Buffer_Overflow__CWE129_fgets_12__O0_nocanary_nopie,CWE121_Stack_Based_Buffer_Overflow__CWE129_fgets_12,O0_nocanary_nopie,goodB2G,goodB2G,0x4012fb,0,bin_func_entry,14.0,28.0,60.0,20.0,14.0,28.0,56.0,60.0,1,0.5,1.0,92.0,0.5,20.0,16.0,28.0,28.0,28.0,43.0,42.5,85.0,38.0,58.0,-69.33333333333333,54.0,32.0,96.0,-208.0,24.0,0.0,56.0,9.0,26.0,-48.0,,1.0,3.0,-28.0,,-14.0,28.0,0.0,32.0,9.0,1.0,0.5,28.0,1.0,1.0,4.0,0.5,1.0,1.5,0.0,3.0,-28.0,2.0,-96.0,1.0,1.0,2.0,1.0,1.0,-56.0,30.0,2.0,-28.0,0.0,1.0,28.0,0.0,1.5,2.0,-14.0,3.0,0.0,,0.0,20.0,1.0,,,,1.0,1.0,1.0,-48.0,,2.0,44.0,1.0,,0.0,2.0,0.0,7.0,27.0,,,19.0,2.0,23.0,0.0,0.0,0.6666666666666666,5,1.0,12.0,2.0,2.0,3.0,1.0,0.0,2.0,2.0,2.0,-48.0,2.0,1.0,1.0,2.0,7.0,2.0,2.0,3.0,,0.6666666666666666,23.0,,2.0,1.0,3.0,0.0,1.0,0.0,0.0,2.0,0.0,4.0,0.0,2.0,1.0,0.0,6.0,0.0,1.0,6.0,0.0,2.0,0.0,3.0,1.0,10.0,4.0,7.0,8.0,14.0,0.0,0.6666666666666666,8.0,0.0,4.0,0.0,0.0,0.0,5.0,8.0,0.0,0.0,1.0,0.0,1.0,2.0,1.0,10.0,2.0,1.0,2.0,2.0,0.0,0.0,0.0,2.0,0.0,2.0,5.0,4.0,1.0,0.0,0.0,4.0,0.0,0.0,2.0,0.0,0.0,1.0,2.0,2.0,2.0,0.0,0.0,,0.0,1.0,2.0,2.0,1.0,1.0,0.0,0.6666666666666666,0.0,1.0,1.0,0.0,0.0,1.0,0.0,0.0,0.0,1.0,0.0,4.0,2.0,0.0,0.0,0.0,0.0,0.0,0.0,0.0,0.0,4.0,2.0,,0.6666666666666666,0.0,0.0,0.0,0.0,,1.0,10.0,0.0,0.0,0.0,2.0,4.0,0.0,2.0,0.0,1.0,0.0,0.0,0.0,10.0,2.0,0.0,0.0,0.0
sbo_rich_v6_context_java,O2_nocanary_nopie_CWE121_Stack_Based_Buffer_Overflow__CWE806_wchar_t_alloca_memmove_15__O2_nocanary_nopie,O2_nocanary_nopie_CWE121_Stack_Based_Buffer_Overflow__CWE806_wchar_t_alloca_memmove_15__O2_nocanary_nopie.json,O2_nocanary_nopie_CWE121_Stack_Based_Buffer_Overflow__CWE806_wchar_t_alloca_memmove_15__O2_nocanary_nopie,CWE121_Stack_Based_Buffer_Overflow__CWE806_wchar_t_alloca_memmove_15,O2_nocanary_nopie,CWE121_Stack_Based_Buffer_Overflow__CWE806_wchar_t_alloca_memmove_15_bad,CWE121_Stack_Based_Buffer_Overflow__CWE806_wchar_t_alloca_memmove_15_bad,0x401300,1,bin_func_entry,99.0,100.0,291.0,22.384615384615383,33.333333333333336,99.0,412.0,588.0,1,0.25,0.3125,41.0,0.1041666666666666,45.23076923076923,16.0,396.0,396.0,137.33333333333334,20.0,31.33333333333333,94.0,20.0,31.0,-182.15384615384616,37.0,11.0,37.0,-2368.0,16.0,0.0,412.0,,3.0,-56.0,,1.2307692307692308,13.0,-312.0,,-104.0,137.33333333333334,0.0,21.0,,4.0,0.25,396.0,0.3125,1.0,3.0,0.1041666666666666,1.0,1.5,1.0,16.0,-5.333333333333333,3.0,-872.0,1.0,0.3333333333333333,1.0,0.6666666666666666,1.0,-16.0,5.0,2.0,380.0,0.3333333333333333,0.0,4.0,132.0,4.5,1.0,0.0,4.5,396.0,,1.0,7.0,0.0,,15.0,,1.0,1.0,0.6666666666666666,-436.0,15.0,0.0,4.0,1.0,,0.0,3.0,0.0,1.0,11.5,,15.0,0.0,2.0,5.0,0.0,0.3333333333333333,0.5,4,0.6666666666666666,4.0,2.0,2.0,2.6666666666666665,1.0,0.0,1.0,2.0,,-232.0,2.0,1.0,0.3333333333333333,2.0,3.0,2.0,1.0,6.0,,0.25,1.0,15.0,2.0,1.0,3.6666666666666665,0.3333333333333333,0.6666666666666666,0.3333333333333333,0.0,1.0,0.0,-0.6666666666666666,0.0,2.0,0.3333333333333333,0.3333333333333333,8.0,1.0,0.3333333333333333,11.0,1.0,,1.0,9.0,0.3333333333333333,17.0,1.0,5.0,-2.0,9.0,1.0,0.25,8.0,0.0,2.0,0.3333333333333333,1.0,1.0,3.333333333333333,,0.0,1.0,1.0,1.0,0.6666666666666666,2.0,1.0,10.0,1.0,1.0,,2.0,0.3333333333333333,1.0,0.3333333333333333,2.0,1.0,0.6666666666666666,8.0,13.0,0.6666666666666666,1.0,1.0,2.0,0.25,1.0,1.0,1.0,0.3333333333333333,1.0,2.0,1.0,1.0,1.0,1.0,,0.3333333333333333,1.0,2.0,2.0,1.0,2.0,0.0,0.0,0.0,0.0,,1.0,0.3333333333333333,1.0,1.0,0.3333333333333333,0.0,0.0,0.0,,0.0,1.0,1.0,0.0,0.0,0.0,0.0,1.0,0.0,12.0,0.0,1.0,0.25,0.0,1.0,0.0,0.0,,1.0,0.0,0.25,0.3333333333333333,1.0,1.0,,0.0,1.0,1.0,0.3333333333333333,0.3333333333333333,0.0,0.3333333333333333,0.0,,1.0,0.0,1.0
sbo_rich_v6_context_java,O2_nocanary_nopie_CWE121_Stack_Based_Buffer_Overflow__dest_wchar_t_alloca_cat_06__O2_nocanary_nopie,O2_nocanary_nopie_CWE121_Stack_Based_Buffer_Overflow__dest_wchar_t_alloca_cat_06__O2_nocanary_nopie.json,O2_nocanary_nopie_CWE121_Stack_Based_Buffer_Overflow__dest_wchar_t_alloca_cat_06__O2_nocanary_nopie,CWE121_Stack_Based_Buffer_Overflow__dest_wchar_t_alloca_cat_06,O2_nocanary_nopie,CWE121_Stack_Based_Buffer_Overflow__dest_wchar_t_alloca_cat_06_bad,CWE121_Stack_Based_Buffer_Overflow__dest_wchar_t_alloca_cat_06_bad,0x401290,1,bin_func_entry,99.0,99.0,149.0,74.5,49.5,99.0,596.0,596.0,1,0.25,0.25,14.0,0.125,298.0,200.0,396.0,396.0,298.0,7.0,10.0,20.0,8.0,16.0,-524.0,11.0,8.0,20.0,-1048.0,3.0,0.0,596.0,,3.0,-424.0,,4.0,2.0,-497.0,,-248.5,298.0,0.5,7.0,,4.0,0.25,396.0,0.25,1.0,3.0,0.125,1.0,2.75,1.0,8.0,-100.0,2.0,-1048.0,1.0,1.0,2.0,0.5,1.0,-200.0,5.0,2.0,196.0,0.5,1.0,4.0,198.0,3.0,2.0,-200.0,5.5,396.0,,1.0,6.0,1.0,,15.0,,1.0,1.0,0.5,-524.0,15.0,2.0,3.0,1.0,,1.0,2.0,0.0,1.0,25.0,,15.0,0.0,1.0,4.0,1.0,0.5,0.6666666666666666,3,1.0,3.0,1.0,1.0,1.0,1.0,0.0,1.0,2.0,,-424.0,1.0,1.0,0.5,1.0,8.5,1.0,1.0,2.0,,0.3333333333333333,1.0,15.0,2.0,1.0,1.0,0.5,0.5,0.5,0.0,1.0,0.0,7.5,0.0,2.0,0.5,0.5,2.0,1.0,0.0,2.0,1.0,,1.0,2.0,0.5,27.0,,13.0,15.0,17.0,1.0,0.3333333333333333,-3.0,0.0,13.0,0.5,1.0,1.0,9.0,,0.0,1.0,0.0,1.0,1.0,2.0,1.0,18.0,0.0,1.0,,2.0,0.0,1.0,0.5,2.0,1.0,8.0,16.0,0.0,0.5,1.0,1.0,16.0,0.0,1.0,1.0,1.0,0.5,1.0,16.0,1.0,,1.0,1.0,,0.0,1.0,1.0,1.0,1.0,2.0,0.0,0.3333333333333333,0.0,0.5,,0.0,0.0,1.0,0.0,0.0,0.0,1.0,0.0,,1.0,0.0,0.0,0.0,0.0,0.0,0.0,0.0,0.0,,0.0,1.0,0.3333333333333333,0.0,0.0,0.0,0.0,,1.0,0.0,0.3333333333333333,0.0,0.0,,,0.0,1.0,0.0,0.5,0.0,0.0,0.5,0.0,,0.0,0.0,1.0
sbo_rich_v6_context_java,O2_nocanary_nopie_CWE121_Stack_Based_Buffer_Overflow__CWE805_int_alloca_memcpy_63a__O2_nocanary_nopie,O2_nocanary_nopie_CWE121_Stack_Based_Buffer_Overflow__CWE805_int_alloca_memcpy_63a__O2_nocanary_nopie.json,O2_nocanary_nopie_CWE121_Stack_Based_Buffer_Overflow__CWE805_int_alloca_memcpy_63a__O2_nocanary_nopie,CWE121_Stack_Based_Buffer_Overflow__CWE805_int_alloca_memcpy_63a,O2_nocanary_nopie,CWE121_Stack_Based_Buffer_Overflow__CWE805_int_alloca_memcpy_63_bad,CWE121_Stack_Based_Buffer_Overflow__CWE805_int_alloca_memcpy_63_bad,0x401250,1,bin_func_entry,0.0,,208.0,208.0,,208.0,,208.0,1,,,10.0,,208.0,208.0,208.0,,,5.0,,,6.0,8.0,-224.0,,2.0,10.0,-224.0,2.0,208.0,,,2.0,-224.0,208.0,1.0,1.0,,208.0,,,,3.0,,1.0,0.0,,,,2.0,,,,0.0,1.0,,0.0,,,,,,,,5.0,,,,,4.0,,0.0,,,,,-224.0,,3.0,,-224.0,15.0,-224.0,1.0,,,,15.0,,1.0,1.0,7.0,,0.0,0.0,1.0,0.0,7.0,15.0,0.0,,2.0,,,0.0,1,,1.0,,0.0,,,1.0,,,,,,1.0,,,,0.0,0.0,,1.0,0.0,1.0,15.0,,,,,,,0.0,0.0,,,0.0,,,,0.0,1.0,,0.0,,,,,,0.0,,,0.0,0.0,0.0,0.0,0.0,,0.0,,,,,,,0.0,,,,,,0.0,,,,,,,,,0.0,,,0.0,,,,,0.0,,,,,,,,,,0.0,,,,,0.0,,1.0,,0.0,,,,,,1.0,0.0,,0.0,,,,0.0,,,,,0.0,,,,,0.0,1.0,0.0,,,,,,,0.0,0.0,,,,,,0.0,,,,,,0.0,,,,
sbo_rich_v6_context_java,O0_canary_nopie_CWE121_Stack_Based_Buffer_Overflow__CWE193_wchar_t_alloca_cpy_68a__O0_canary_nopie,O0_canary_nopie_CWE121_Stack_Based_Buffer_Overflow__CWE193_wchar_t_alloca_cpy_68a__O0_canary_nopie.json,O0_canary_nopie_CWE121_Stack_Based_Buffer_Overflow__CWE193_wchar_t_alloca_cpy_68a__O0_canary_nopie,CWE121_Stack_Based_Buffer_Overflow__CWE193_wchar_t_alloca_cpy_68a,O0_canary_nopie,CWE121_Stack_Based_Buffer_Overflow__CWE193_wchar_t_alloca_cpy_68b_goodG2BSink,CWE121_Stack_Based_Buffer_Overflow__CWE193_wchar_t_alloca_cpy_68b_goodG2BSink,0x401481,0,bin_func_entry,0.0,0.0,14.0,14.0,0.0,14.0,0.0,56.0,1,0.0,0.0,19.0,0.0,56.0,56.0,56.0,0.0,0.0,16.0,12.0,12.0,15.0,26.0,-72.0,12.0,21.0,33.0,-72.0,12.0,0.0,0.0,,9.0,-72.0,,4.0,1.0,0.0,,0.0,0.0,0.0,12.0,,4.0,0.0,0.0,0.0,1.0,1.0,0.0,1.0,3.0,0.0,4.0,0.0,1.0,,1.0,1.0,1.0,0.0,0.0,0.0,6.0,1.0,0.0,0.0,1.0,6.0,56.0,3.0,1.0,0.0,3.0,56.0,,0.0,6.0,1.0,,,,1.0,0.0,0.0,,,1.0,5.0,2.0,,0.0,1.0,0.0,2.0,1.5,,,1.0,0.0,4.0,0.0,1.0,0.0,3,0.0,3.0,1.0,0.0,1.5,0.0,0.0,1.0,0.0,,,1.0,1.0,0.0,0.0,0.0,0.0,1.0,1.5,,0.0,3.0,,0.0,0.0,1.0,1.0,0.0,1.0,0.0,0.0,0.0,-1.0,0.0,0.0,0.0,1.0,1.5,0.0,0.0,1.0,1.0,,1.0,1.0,0.0,0.0,,0.0,-1.0,0.0,0.0,0.0,1.5,0.0,-1.0,0.0,0.0,1.0,0.0,1.0,0.0,1.0,0.0,1.0,0.0,0.0,0.0,0.0,0.0,0.0,,,0.0,1.0,0.0,0.0,0.0,-1.5,0.0,0.0,0.0,1.0,0.0,-1.5,0.0,1.0,0.0,1.0,1.0,0.0,-1.5,0.0,1.0,1.0,1.0,,0.0,0.0,0.0,0.0,0.0,1.0,0.0,0.0,0.0,0.0,1.0,0.0,0.0,1.0,0.0,0.0,0.0,0.0,0.0,1.0,0.0,0.0,0.0,0.0,0.0,0.0,0.0,0.0,0.0,,0.0,,0.0,0.0,0.0,0.0,0.0,1.0,0.0,1.0,0.0,0.0,0.0,,,0.0,0.0,0.0,0.0,0.0,0.0,0.0,0.0,,0.0,0.0,0.0
sbo_rich_v6_context_java,O0_canary_nopie_CWE121_Stack_Based_Buffer_Overflow__dest_char_declare_cat_08__O0_canary_nopie,O0_canary_nopie_CWE121_Stack_Based_Buffer_Overflow__dest_char_declare_cat_08__O0_canary_nopie.json,O0_canary_nopie_CWE121_Stack_Based_Buffer_Overflow__dest_char_declare_cat_08__O0_canary_nopie,CWE121_Stack_Based_Buffer_Overflow__dest_char_declare_cat_08,O0_canary_nopie,goodG2B2,goodG2B2,0x401378,0,bin_func_entry,99.0,99.0,211.0,105.5,49.5,112.0,211.0,211.0,1,1.0,1.0,27.0,0.5,105.5,99.0,112.0,112.0,105.5,14.0,19.0,38.0,13.0,25.0,-176.0,20.0,16.0,34.0,-352.0,8.0,112.0,99.0,,10.0,-120.0,112.0,1.0,2.0,0.0,112.0,0.0,49.5,0.0,10.0,,1.0,1.0,99.0,1.0,0.0,3.0,0.5,1.0,3.5,1.0,2.0,-49.5,2.0,-120.0,0.0,0.5,2.0,0.5,1.0,-99.0,9.0,2.0,0.0,0.5,1.0,8.0,49.5,5.0,1.0,0.0,7.0,99.0,-232.0,1.0,8.0,0.5,-232.0,,-232.0,1.0,1.0,0.5,-120.0,,1.0,10.0,2.0,15.0,0.0,0.0,0.0,2.0,13.5,15.0,,2.0,1.0,7.0,0.0,0.5,0.6666666666666666,5,1.0,5.0,2.0,1.0,3.75,1.0,1.0,1.0,2.0,,-120.0,2.0,1.0,0.5,1.0,6.25,1.0,0.0,5.5,1.0,0.3333333333333333,5.0,,2.0,1.0,4.0,0.5,0.5,0.5,0.0,1.0,0.0,2.25,0.0,1.0,0.5,0.5,7.5,0.0,0.0,8.0,1.0,,1.0,6.0,0.5,2.0,,8.5,4.5,12.5,0.0,0.3333333333333333,9.5,0.0,2.5,0.0,0.0,1.0,1.0,1.0,0.0,1.0,0.0,1.0,0.5,1.0,1.0,2.0,0.0,1.0,,1.0,0.0,1.0,0.0,0.0,0.0,-2.75,2.0,13.0,0.0,1.0,0.0,-5.5,0.3333333333333333,1.0,1.0,1.0,0.5,1.0,0.0,1.0,1.0,1.0,1.0,,0.5,1.0,1.0,0.0,0.0,1.0,0.0,0.3333333333333333,0.0,0.5,1.0,0.0,0.0,1.0,1.0,0.0,0.3333333333333333,1.0,0.5,2.0,1.0,1.0,0.0,0.5,1.0,0.0,0.0,0.0,1.0,,0.0,,0.0,1.0,0.0,0.0,1.0,1.0,0.0,2.0,0.0,0.5,0.0,,,0.0,0.0,0.0,0.0,0.0,0.0,0.0,1.0,,1.0,1.0,0.0
sbo_rich_v6_context_java,O2_nocanary_nopie_CWE121_Stack_Based_Buffer_Overflow__CWE806_wchar_t_alloca_ncat_66a__O2_nocanary_nopie,O2_nocanary_nopie_CWE121_Stack_Based_Buffer_Overflow__CWE806_wchar_t_alloca_ncat_66a__O2_nocanary_nopie.json,O2_nocanary_nopie_CWE121_Stack_Based_Buffer_Overflow__CWE806_wchar_t_alloca_ncat_66a__O2_nocanary_nopie,CWE121_Stack_Based_Buffer_Overflow__CWE806_wchar_t_alloca_ncat_66a,O2_nocanary_nopie,CWE121_Stack_Based_Buffer_Overflow__CWE806_wchar_t_alloca_ncat_66b_badSink,CWE121_Stack_Based_Buffer_Overflow__CWE806_wchar_t_alloca_ncat_66b_badSink,0x4012f0,1,bin_func_entry,0.0,0.0,192.0,16.0,0.0,16.0,0.0,192.0,1,0.0,0.0,39.0,0.0,16.0,16.0,16.0,0.0,0.0,17.0,34.5,69.0,17.0,23.0,-128.0,35.0,8.0,29.0,-1536.0,15.0,0.0,0.0,,3.0,-40.0,,1.0,12.0,0.0,,0.0,0.0,0.5,18.0,,1.0,0.0,0.0,0.0,1.0,0.0,0.0,1.0,2.75,0.0,12.0,0.0,2.0,,1.0,0.5,1.0,1.0,1.0,0.0,4.0,1.0,0.0,0.0,0.0,4.0,0.0,5.5,1.0,0.0,5.5,0.0,,0.0,5.0,0.0,,111.07692307692308,,,0.0,0.0,,196.0,0.0,3.0,1.0,,1.0,2.0,0.0,1.0,-1.0,,1444.0,0.0,0.0,4.0,1.0,0.5,0.0,3,0.0,3.0,1.0,2.0,2.0,0.0,0.0,1.0,0.0,,,1.0,1.0,0.0,0.0,0.0,0.0,1.0,4.0,,0.0,1.0,16.0,0.0,0.0,3.0,0.0,0.0,0.0,0.0,0.0,0.0,-3.0,0.0,0.0,0.0,1.0,4.0,13.0,0.5,6.0,1.0,1.0,0.0,6.0,0.0,0.0,,0.0,-6.0,0.0,0.0,0.0,6.0,0.0,0.0,0.0,0.0,1.0,0.0,,0.0,0.0,1.0,0.0,0.0,0.0,0.0,0.0,1.0,0.0,,,0.0,1.0,0.0,0.0,0.0,-2.0,0.0,9.0,0.0,0.0,0.0,-4.0,0.3333333333333333,0.0,0.0,0.0,0.0,0.0,0.0,0.0,1.0,2.0,0.0,1.0,0.5,0.0,0.0,0.0,0.0,1.0,0.0,0.0,0.0,0.0,,1.0,0.5,1.0,1.0,0.5,0.3333333333333333,0.0,0.0,,0.0,1.0,0.0,0.5,0.0,0.0,0.0,1.0,1.0,12.0,0.0,,0.0,1.0,0.0,0.0,0.0,,0.0,0.0,0.0,0.5,1.0,1.0,,0.0,0.0,1.0,0.0,0.5,0.0,0.0,0.0,,1.0,0.0,0.0
sbo_rich_v6_context_java,O0_canary_nopie_CWE121_Stack_Based_Buffer_Overflow__wchar_t_type_overrun_memcpy_09__O0_canary_nopie,O0_canary_nopie_CWE121_Stack_Based_Buffer_Overflow__wchar_t_type_overrun_memcpy_09__O0_canary_nopie.json,O0_canary_nopie_CWE121_Stack_Based_Buffer_Overflow__wchar_t_type_overrun_memcpy_09__O0_canary_nopie,CWE121_Stack_Based_Buffer_Overflow__wchar_t_type_overrun_memcpy_09,O0_canary_nopie,good2,good2,0x4012e4,0,bin_func_entry,64.0,64.0,60.0,60.0,64.0,60.0,60.0,60.0,1,1.0666666666666669,1.0666666666666669,22.0,1.0666666666666669,60.0,60.0,60.0,60.0,60.0,12.0,13.0,13.0,11.0,23.0,-104.0,13.0,15.0,32.0,-104.0,7.0,0.0,60.0,,9.0,-104.0,,1.0,1.0,4.0,,4.0,60.0,0.0,9.0,,1.0,1.0666666666666669,60.0,1.0666666666666669,1.0,2.0,1.0666666666666669,1.0,3.0,0.0,1.0,-29.0,1.0,-104.0,1.0,1.0,1.0,0.0,0.0,-29.0,9.0,1.0,-29.0,0.0,1.0,8.0,31.0,3.0,1.0,4.0,3.0,31.0,,0.0,8.0,1.0,,,,1.0,1.0,1.0,-104.0,,1.0,10.0,2.0,,0.0,1.0,4.0,2.0,16.5,,,2.0,1.0,7.0,0.0,1.0,0.5,3,1.0,5.0,1.0,0.0,5.5,1.0,0.0,1.0,1.0,,-104.0,1.0,1.0,0.0,1.0,10.0,1.0,1.0,5.5,,0.0,5.0,,1.0,0.0,5.0,0.0,1.0,0.0,0.0,0.0,1.0,5.0,0.0,1.0,0.0,0.0,5.5,0.0,1.0,5.0,1.0,,0.0,5.0,0.0,17.0,,10.0,5.0,10.0,1.0,0.0,5.5,1.0,5.0,1.0,1.0,1.0,10.0,2.0,1.0,0.0,1.0,1.0,1.0,1.0,1.0,10.0,1.0,0.0,,1.0,0.0,0.0,0.0,1.0,0.0,4.5,10.0,6.0,0.0,0.0,0.0,4.5,0.0,1.0,0.0,0.0,1.0,1.0,4.5,0.0,1.0,0.0,1.0,,0.0,0.0,1.0,0.0,0.0,1.0,0.0,0.5,0.0,1.0,1.0,0.0,0.0,1.0,0.0,0.0,0.0,1.0,0.0,2.0,1.0,0.0,0.0,0.0,0.0,1.0,0.0,0.0,0.0,,0.0,,0.5,0.0,0.0,0.0,0.0,1.0,1.0,2.0,0.5,1.0,0.0,,,1.0,1.0,0.0,1.0,0.0,1.0,1.0,1.0,,1.0,0.0,1.0
sbo_rich_v6_context_java,O0_canary_nopie_CWE121_Stack_Based_Buffer_Overflow__src_wchar_t_alloca_cat_10__O0_canary_nopie,O0_canary_nopie_CWE121_Stack_Based_Buffer_Overflow__src_wchar_t_alloca_cat_10__O0_canary_nopie.json,O0_canary_nopie_CWE121_Stack_Based_Buffer_Overflow__src_wchar_t_alloca_cat_10__O0_canary_nopie,CWE121_Stack_Based_Buffer_Overflow__src_wchar_t_alloca_cat_10,O0_canary_nopie,CWE121_Stack_Based_Buffer_Overflow__src_wchar_t_alloca_cat_10_bad,CWE121_Stack_Based_Buffer_Overflow__src_wchar_t_alloca_cat_10_bad,0x4011e6,1,bin_func_entry,99.0,99.0,152.0,76.0,49.5,102.0,608.0,608.0,1,0.2426470588235294,0.2426470588235294,75.0,0.1213235294117647,304.0,200.0,408.0,408.0,304.0,42.0,41.5,83.0,40.0,58.0,-428.0,68.0,48.0,72.0,-856.0,36.0,408.0,200.0,,12.0,-216.0,408.0,4.0,2.0,-200.0,408.0,-100.0,100.0,0.0,34.0,,4.0,0.0,200.0,0.0,0.5,1.0,0.0,1.0,2.5,1.0,8.0,-100.0,2.0,-216.0,1.0,1.0,2.0,1.0,1.0,-200.0,46.0,2.0,0.0,0.5,1.0,24.0,0.0,3.5,2.0,0.0,5.0,0.0,-640.0,1.0,11.0,1.0,-640.0,,-640.0,1.0,1.0,0.5,-216.0,,2.0,9.0,4.0,12.0,0.0,1.0,0.0,4.0,29.5,12.0,,2.0,1.0,6.0,0.0,0.0,0.6666666666666666,4,1.0,4.0,1.0,2.0,0.0,1.0,1.0,1.0,2.0,,-216.0,0.0,1.0,1.0,1.0,10.5,0.0,1.0,0.0,1.0,0.6666666666666666,5.0,,2.0,1.0,1.0,0.0,0.0,0.0,0.0,2.0,0.0,9.5,0.0,1.0,0.5,0.5,0.0,0.0,0.0,2.0,0.0,3.0,0.0,2.0,0.0,20.0,2.0,17.0,19.0,21.0,0.0,0.3333333333333333,-2.0,0.0,17.0,0.0,0.0,0.0,7.5,5.0,0.0,0.0,0.0,1.0,0.5,1.0,1.0,15.0,0.0,1.0,10.0,1.0,0.0,1.0,0.0,1.0,0.0,7.5,15.0,1.0,0.5,0.0,0.0,15.0,0.0,0.0,0.0,0.0,0.5,0.0,15.0,1.0,2.0,1.0,1.0,,0.0,0.0,0.0,1.0,1.0,1.0,0.0,0.3333333333333333,0.0,0.5,1.0,0.0,0.0,1.0,0.0,0.0,0.0,1.0,0.5,2.0,1.0,0.0,0.0,0.0,1.0,0.0,0.0,0.0,0.0,,0.0,,0.3333333333333333,0.0,0.0,0.0,1.0,1.0,1.0,2.0,0.3333333333333333,0.0,0.0,,3.0,0.0,1.0,0.0,0.5,0.0,0.0,0.5,1.0,,0.0,0.0,1.0
sbo_rich_v6_context_java,O2_nocanary_nopie_CWE121_Stack_Based_Buffer_Overflow__CWE805_int_declare_memmove_13__O2_nocanary_nopie,O2_nocanary_nopie_CWE121_Stack_Based_Buffer_Overflow__CWE805_int_declare_memmove_13__O2_nocanary_nopie.json,O2_nocanary_nopie_CWE121_Stack_Based_Buffer_Overflow__CWE805_int_declare_memmove_13__O2_nocanary_nopie,CWE121_Stack_Based_Buffer_Overflow__CWE805_int_declare_memmove_13,O2_nocanary_nopie,CWE121_Stack_Based_Buffer_Overflow__CWE805_int_declare_memmove_13_bad,CWE121_Stack_Based_Buffer_Overflow__CWE805_int_declare_memmove_13_bad,0x4012c0,1,bin_func_entry,400.0,400.0,103.0,51.5,400.0,52.0,52.0,103.0,1,7.6923076923076925,7.6923076923076925,17.0,7.6923076923076925,51.5,51.0,52.0,52.0,52.0,5.0,14.0,14.0,6.0,10.0,-512.0,14.0,4.0,13.0,-1024.0,2.0,51.0,52.0,,2.0,-408.0,51.0,1.0,2.0,348.0,51.0,348.0,52.0,0.0,3.0,1.0,1.0,7.6923076923076925,52.0,7.6923076923076925,1.0,2.0,7.6923076923076925,1.0,4.0,0.0,2.0,-1.0,1.0,-616.0,1.0,1.0,1.0,0.0,0.0,-1.0,6.0,1.0,-1.0,0.0,1.0,7.0,51.0,4.0,1.0,348.0,4.0,51.0,-408.0,0.0,5.0,1.0,-408.0,208.0,-408.0,,1.0,1.0,-616.0,208.0,1.0,2.0,1.0,9.0,0.0,1.0,348.0,1.0,14.5,9.0,208.0,0.0,1.0,3.0,0.0,1.0,0.5,2,1.0,2.0,1.0,0.0,4.0,1.0,1.0,1.0,1.0,,-616.0,1.0,1.0,0.0,1.0,10.0,1.0,1.0,4.0,1.0,0.0,1.0,208.0,1.0,0.0,6.0,1.0,1.0,1.0,0.0,0.0,1.0,4.0,0.0,1.0,0.0,0.0,4.0,1.0,1.0,6.0,1.0,1.0,1.0,6.0,0.0,17.0,1.0,10.0,4.0,10.0,1.0,0.0,4.0,1.0,4.0,1.0,1.0,1.0,10.0,3.0,1.0,1.0,1.0,1.0,1.0,1.0,1.0,10.0,1.0,0.0,,1.0,0.0,0.0,0.0,1.0,0.0,6.0,10.0,7.0,0.0,1.0,0.0,6.0,0.5,1.0,0.0,1.0,1.0,1.0,6.0,0.0,1.0,0.0,1.0,,1.0,0.0,1.0,0.0,0.0,,0.0,0.5,0.0,1.0,,0.0,0.0,1.0,1.0,0.0,0.0,1.0,0.0,,1.0,1.0,0.0,0.0,0.0,1.0,0.0,0.0,0.0,,1.0,,0.5,0.0,0.0,0.0,0.0,1.0,1.0,0.0,0.5,1.0,0.0,,,1.0,1.0,0.0,1.0,0.0,1.0,1.0,0.0,,1.0,0.0,1.0
sbo_rich_v6_context_java,O2_nocanary_nopie_CWE121_Stack_Based_Buffer_Overflow__CWE806_wchar_t_declare_memcpy_52a__O2_nocanary_nopie,O2_nocanary_nopie_CWE121_Stack_Based_Buffer_Overflow__CWE806_wchar_t_declare_memcpy_52a__O2_nocanary_nopie.json,O2_nocanary_nopie_CWE121_Stack_Based_Buffer_Overflow__CWE806_wchar_t_declare_memcpy_52a__O2_nocanary_nopie,CWE121_Stack_Based_Buffer_Overflow__CWE806_wchar_t_declare_memcpy_52a,O2_nocanary_nopie,CWE121_Stack_Based_Buffer_Overflow__CWE806_wchar_t_declare_memcpy_52_bad,CWE121_Stack_Based_Buffer_Overflow__CWE806_wchar_t_declare_memcpy_52_bad,0x401280,1,bin_func_entry,99.0,99.0,99.0,99.0,99.0,99.0,396.0,396.0,1,0.25,0.25,11.0,0.25,396.0,396.0,396.0,396.0,396.0,3.0,7.0,7.0,5.0,5.0,-408.0,7.0,5.0,10.0,-408.0,3.0,0.0,396.0,,1.0,-408.0,,4.0,1.0,-297.0,,-297.0,396.0,1.0,3.0,,4.0,0.25,396.0,0.25,1.0,0.0,0.25,1.0,2.5,1.0,4.0,-396.0,1.0,-408.0,1.0,1.0,1.0,1.0,1.0,-396.0,4.0,1.0,-396.0,1.0,1.0,4.0,0.0,2.5,1.0,-297.0,2.5,0.0,,1.0,3.0,1.0,,396.0,,,1.0,1.0,-408.0,396.0,1.0,2.0,1.0,,1.0,1.0,0.0,1.0,7.5,,396.0,0.0,1.0,3.0,1.0,0.0,0.5,2,1.0,2.0,1.0,1.0,2.0,1.0,0.0,0.0,1.0,,-408.0,1.0,1.0,1.0,1.0,4.0,1.0,0.0,2.0,,0.5,1.0,396.0,1.0,1.0,2.0,0.0,1.0,0.0,0.0,1.0,0.0,2.0,1.0,1.0,1.0,0.0,2.0,1.0,0.0,2.0,0.0,1.0,0.0,2.0,1.0,2.0,,4.0,2.0,4.0,0.0,0.5,2.0,0.0,2.0,0.0,0.0,0.0,2.0,,0.0,0.0,0.0,0.0,1.0,1.0,1.0,2.0,0.0,1.0,,1.0,0.0,0.0,0.0,1.0,0.0,0.0,2.0,1.0,1.0,0.0,0.0,0.0,0.0,0.0,1.0,0.0,0.0,1.0,0.0,1.0,,0.0,0.0,,0.0,1.0,1.0,1.0,1.0,,0.0,0.0,0.0,0.0,,0.0,0.0,0.0,0.0,0.0,0.0,0.0,0.0,,0.0,0.0,0.0,0.0,0.0,0.0,0.0,0.0,0.0,,0.0,,0.0,0.0,0.0,0.0,0.0,,0.0,0.0,0.0,0.0,0.0,,,0.0,0.0,0.0,0.0,0.0,0.0,0.0,0.0,,0.0,0.0,0.0
sbo_rich_v6_context_java,O2_nocanary_nopie_CWE121_Stack_Based_Buffer_Overflow__CWE806_char_declare_memmove_34__O2_nocanary_nopie,O2_nocanary_nopie_CWE121_Stack_Based_Buffer_Overflow__CWE806_char_declare_memmove_34__O2_nocanary_nopie.json,O2_nocanary_nopie_CWE121_Stack_Based_Buffer_Overflow__CWE806_char_declare_memmove_34__O2_nocanary_nopie,CWE121_Stack_Based_Buffer_Overflow__CWE806_char_declare_memmove_34,O2_nocanary_nopie,CWE121_Stack_Based_Buffer_Overflow__CWE806_char_declare_memmove_34_good,CWE121_Stack_Based_Buffer_Overflow__CWE806_char_declare_memmove_34_good,0x401320,0,bin_func_entry,49.0,49.0,97.0,24.25,16.333333333333332,49.0,65.0,97.0,0,1.0,1.0,23.0,0.3333333333333333,24.25,16.0,49.0,49.0,21.666666666666668,,16.333333333333332,49.0,0.0,,-156.0,19.0,,1.0,-624.0,0.0,0.0,65.0,1.0,,-120.0,,1.0,4.0,-16.0,,-5.333333333333333,21.666666666666668,0.3333333333333333,,1.0,1.0,1.0,49.0,1.0,1.0,0.0,0.3333333333333333,1.0,3.0,1.0,4.0,-5.333333333333333,3.0,-304.0,1.0,0.6666666666666666,2.0,0.6666666666666666,1.0,-16.0,,2.0,33.0,0.3333333333333333,1.0,,16.333333333333332,7.0,2.0,0.0,9.0,49.0,,1.0,,0.6666666666666666,,,,,1.0,0.3333333333333333,-152.0,,2.0,1.0,,,1.0,3.0,0.0,,13.0,,,1.0,1.0,2.0,1.0,0.3333333333333333,0.5,0,0.6666666666666666,0.0,2.0,2.0,2.333333333333333,1.0,0.0,1.0,2.0,,-120.0,2.0,,0.3333333333333333,1.0,3.5,1.0,1.0,5.0,,0.25,1.0,,2.0,1.0,3.0,0.3333333333333333,0.3333333333333333,0.3333333333333333,1.0,1.0,0.0,0.5,0.0,2.0,0.3333333333333333,0.6666666666666666,7.0,0.0,0.3333333333333333,9.0,1.0,,1.0,7.0,0.3333333333333333,17.0,,6.5,1.5,10.5,1.0,0.25,7.0,0.0,2.0,0.3333333333333333,1.0,1.0,3.333333333333333,,0.0,1.0,1.0,1.0,0.6666666666666666,2.0,1.0,10.0,1.0,1.0,,2.0,0.0,1.0,0.3333333333333333,1.0,1.0,1.0,8.0,11.0,0.0,1.0,1.0,3.0,0.25,1.0,1.0,1.0,0.3333333333333333,1.0,3.0,1.0,,2.0,1.0,,0.3333333333333333,1.0,1.0,0.0,0.0,,0.0,0.0,0.0,0.0,,1.0,0.3333333333333333,0.0,1.0,0.3333333333333333,0.0,0.0,0.0,,0.0,1.0,0.0,0.0,0.0,0.0,0.0,1.0,0.0,,0.0,,0.25,0.0,0.0,0.0,0.0,,1.0,0.0,0.25,0.3333333333333333,1.0,,,0.0,1.0,1.0,0.3333333333333333,0.3333333333333333,0.0,0.3333333333333333,0.0,,1.0,1.0,1.0
sbo_rich_v6_context_java,O0_canary_nopie_CWE121_Stack_Based_Buffer_Overflow__dest_char_declare_cpy_04__O0_canary_nopie,O0_canary_nopie_CWE121_Stack_Based_Buffer_Overflow__dest_char_declare_cpy_04__O0_canary_nopie.json,O0_canary_nopie_CWE121_Stack_Based_Buffer_Overflow__dest_char_declare_cpy_04__O0_canary_nopie,CWE121_Stack_Based_Buffer_Overflow__dest_char_declare_cpy_04,O0_canary_nopie,CWE121_Stack_Based_Buffer_Overflow__dest_char_declare_cpy_04_good,CWE121_Stack_Based_Buffer_Overflow__dest_char_declare_cpy_04_good,0x4013a5,0,bin_func_entry,0.0,,,,,,,0.0,1,,,15.0,,,0.0,0.0,,,6.0,,,5.0,8.0,,,4.0,15.0,,3.0,0.0,,,7.0,,,,0.0,,,,,,5.0,,,0.0,,,,0.0,,,,0.0,,,0.0,,,,,,,,6.0,,,,,6.0,,0.0,,,,,,,6.0,,,,,1.0,,,,,,5.0,2.0,,,0.0,0.0,2.0,0.0,,,1.0,,4.0,,,0.0,3,,3.0,,0.0,,,0.0,,,,,,1.0,,,,0.0,0.0,,,0.0,3.0,,,,,,,,0.0,0.0,,,0.0,,,,0.0,0.0,,0.0,,,,,,0.0,,,0.0,0.0,0.0,0.0,0.0,,0.0,,,,,1.0,,0.0,,,,,,0.0,,,,,,,,,0.0,,,0.0,,,,,0.0,,,,,,,,1.0,,0.0,,,,,0.0,,1.0,,0.0,,,1.0,,,1.0,0.0,,0.0,,,1.0,0.0,,,,,0.0,,,,,0.0,,0.0,,,,,1.0,,1.0,0.0,,,,,,0.0,,,,,,0.0,,,,
sbo_rich_v6_context_java,O0_canary_nopie_CWE121_Stack_Based_Buffer_Overflow__char_type_overrun_memcpy_04__O0_canary_nopie,O0_canary_nopie_CWE121_Stack_Based_Buffer_Overflow__char_type_overrun_memcpy_04__O0_canary_nopie.json,O0_canary_nopie_CWE121_Stack_Based_Buffer_Overflow__char_type_overrun_memcpy_04__O0_canary_nopie,CWE121_Stack_Based_Buffer_Overflow__char_type_overrun_memcpy_04,O0_canary_nopie,CWE121_Stack_Based_Buffer_Overflow__char_type_overrun_memcpy_04_bad,CWE121_Stack_Based_Buffer_Overflow__char_type_overrun_memcpy_04_bad,0x4011d6,1,bin_func_entry,32.0,32.0,15.0,15.0,32.0,15.0,15.0,15.0,1,2.1333333333333333,2.1333333333333333,22.0,2.1333333333333333,15.0,15.0,15.0,15.0,15.0,12.0,13.0,13.0,11.0,23.0,-56.0,13.0,15.0,32.0,-56.0,7.0,0.0,15.0,,9.0,-56.0,,1.0,1.0,17.0,,17.0,15.0,0.0,9.0,,1.0,2.1333333333333333,15.0,2.1333333333333333,1.0,2.0,2.1333333333333333,1.0,1.5,0.0,1.0,16.0,1.0,-56.0,1.0,1.0,1.0,0.0,0.0,16.0,9.0,1.0,16.0,0.0,1.0,8.0,31.0,1.5,1.0,17.0,1.5,31.0,,0.0,8.0,1.0,,,,1.0,1.0,1.0,-56.0,,1.0,10.0,2.0,,0.0,1.0,17.0,2.0,22.5,,,2.0,1.0,7.0,0.0,0.0,0.5,3,1.0,5.0,0.0,0.0,3.5,1.0,0.0,1.0,1.0,,-56.0,1.0,1.0,0.0,1.0,14.0,0.0,1.0,3.5,,0.0,5.0,,1.0,0.0,0.0,0.0,0.0,0.0,0.0,0.0,1.0,14.0,0.0,1.0,0.0,0.0,3.5,0.0,1.0,0.0,0.0,,0.0,0.0,0.0,20.0,,14.0,14.0,14.0,1.0,0.0,3.5,1.0,14.0,1.0,1.0,0.0,13.0,1.0,1.0,0.0,1.0,1.0,1.0,1.0,1.0,13.0,1.0,0.0,,1.0,0.0,0.0,1.0,1.0,1.0,9.5,13.0,-4.0,0.0,0.0,1.0,9.5,0.0,1.0,0.0,0.0,1.0,0.0,9.5,0.0,1.0,0.0,1.0,,0.0,0.0,1.0,0.0,0.0,1.0,0.0,0.5,0.0,1.0,1.0,0.0,0.0,1.0,0.0,0.0,0.0,1.0,0.0,2.0,1.0,0.0,0.0,0.0,0.0,1.0,0.0,0.0,0.0,,0.0,,0.5,0.0,0.0,0.0,0.0,1.0,1.0,2.0,0.5,0.0,0.0,,,1.0,1.0,0.0,1.0,0.0,1.0,1.0,1.0,,0.0,0.0,1.0
sbo_rich_v6_context_java,O0_canary_nopie_CWE121_Stack_Based_Buffer_Overflow__CWE129_fgets_53a__O0_canary_nopie,O0_canary_nopie_CWE121_Stack_Based_Buffer_Overflow__CWE129_fgets_53a__O0_canary_nopie.json,O0_canary_nopie_CWE121_Stack_Based_Buffer_Overflow__CWE129_fgets_53a__O0_canary_nopie,CWE121_Stack_Based_Buffer_Overflow__CWE129_fgets_53a,O0_canary_nopie,CWE121_Stack_Based_Buffer_Overflow__CWE129_fgets_53_bad,CWE121_Stack_Based_Buffer_Overflow__CWE129_fgets_53_bad,0x4011e6,1,bin_func_entry,14.0,14.0,14.0,14.0,14.0,14.0,14.0,14.0,1,1.0,1.0,39.0,1.0,14.0,14.0,14.0,14.0,14.0,13.0,26.0,26.0,12.0,23.0,-30.0,26.0,15.0,33.0,-30.0,8.0,0.0,14.0,1.0,8.0,-30.0,,1.0,1.0,0.0,,0.0,14.0,0.0,11.0,1.0,1.0,1.0,14.0,1.0,1.0,2.0,1.0,1.0,1.5,0.0,1.0,-14.0,1.0,-30.0,1.0,1.0,1.0,1.0,1.0,-14.0,9.0,1.0,-14.0,0.0,1.0,8.0,0.0,1.5,1.0,0.0,1.5,0.0,,0.0,8.0,1.0,,,,1.0,1.0,1.0,-30.0,,1.0,11.0,2.0,,0.0,1.0,0.0,2.0,13.5,,,3.0,1.0,7.0,0.0,0.0,0.5,5,1.0,5.0,1.0,1.0,3.0,1.0,0.0,1.0,1.0,,-30.0,1.0,1.0,1.0,1.0,7.0,1.0,1.0,3.0,,0.5,6.0,,1.0,1.0,3.0,0.0,1.0,0.0,0.0,1.0,0.0,4.0,0.0,1.0,1.0,0.0,3.0,0.0,1.0,3.0,0.0,,0.0,3.0,1.0,5.0,,7.0,4.0,7.0,0.0,0.5,4.0,0.0,4.0,0.0,0.0,0.0,5.0,3.0,0.0,0.0,1.0,0.0,1.0,1.0,1.0,5.0,1.0,1.0,,1.0,0.0,0.0,0.0,0.0,0.0,2.0,5.0,2.0,0.0,0.0,0.0,2.0,0.0,0.0,1.0,0.0,0.0,1.0,2.0,1.0,1.0,0.0,0.0,,0.0,1.0,1.0,0.0,0.0,1.0,0.0,0.5,0.0,1.0,1.0,0.0,0.0,1.0,0.0,0.0,0.0,1.0,0.0,2.0,1.0,0.0,0.0,0.0,0.0,0.0,0.0,0.0,0.0,,0.0,,0.5,0.0,0.0,0.0,0.0,1.0,1.0,2.0,0.0,0.0,0.0,,,0.0,1.0,0.0,1.0,0.0,0.0,0.0,1.0,,0.0,1.0,0.0
sbo_rich_v6_context_java,O2_nocanary_nopie_CWE121_Stack_Based_Buffer_Overflow__CWE805_char_alloca_ncat_54a__O2_nocanary_nopie,O2_nocanary_nopie_CWE121_Stack_Based_Buffer_Overflow__CWE805_char_alloca_ncat_54a__O2_nocanary_nopie.json,O2_nocanary_nopie_CWE121_Stack_Based_Buffer_Overflow__CWE805_char_alloca_ncat_54a__O2_nocanary_nopie,CWE121_Stack_Based_Buffer_Overflow__CWE805_char_alloca_ncat_54a,O2_nocanary_nopie,CWE121_Stack_Based_Buffer_Overflow__CWE805_char_alloca_ncat_54e_badSink,CWE121_Stack_Based_Buffer_Overflow__CWE805_char_alloca_ncat_54e_badSink,0x4012e0,1,bin_func_entry,100.0,199.0,99.0,99.0,99.5,99.0,99.0,99.0,0,1.0,1.0,12.0,0.5,99.0,99.0,99.0,99.0,49.5,4.0,8.0,16.0,5.0,12.0,-120.0,9.0,9.0,17.0,-120.0,3.0,0.0,99.0,,2.0,-120.0,,1.0,1.0,0.0,,0.0,49.5,0.5,5.0,,1.0,1.0,99.0,1.0,1.0,0.0,0.5,1.0,2.75,1.0,1.0,-49.5,2.0,-120.0,1.0,1.0,2.0,0.5,1.0,-99.0,4.0,1.0,0.0,0.5,1.0,4.0,49.5,3.0,2.0,0.0,5.5,99.0,,1.0,5.0,1.0,,99.0,,,1.0,1.0,-120.0,99.0,2.0,3.0,1.0,,1.0,2.0,0.0,1.0,9.0,,99.0,0.0,2.0,4.0,1.0,0.5,0.3333333333333333,3,0.5,3.0,1.0,1.0,1.0,1.0,0.0,0.0,1.0,,-120.0,1.0,1.0,0.5,1.0,2.0,1.0,1.0,2.0,,0.3333333333333333,1.0,99.0,1.0,1.0,1.0,0.5,0.5,0.5,0.0,1.0,0.0,1.0,1.0,1.0,0.5,0.0,2.0,1.0,0.5,2.0,1.0,1.0,1.0,2.0,0.5,2.0,,4.0,2.0,4.0,0.0,0.3333333333333333,2.0,0.0,2.0,0.0,0.0,1.0,1.0,,0.0,1.0,1.0,0.0,0.5,1.0,1.0,2.0,1.0,1.0,,1.0,0.0,0.0,0.0,0.0,0.0,0.0,2.0,0.0,0.0,1.0,0.0,0.0,0.0,1.0,1.0,1.0,0.0,1.0,0.0,1.0,,0.0,0.0,1.0,0.0,1.0,1.0,0.0,0.0,1.0,0.0,0.0,0.0,0.0,,0.0,0.0,0.0,0.0,0.0,0.0,0.0,0.0,,0.0,0.0,0.0,0.0,0.0,0.0,0.0,0.0,0.0,,0.0,,0.0,0.0,0.0,0.0,0.0,,0.0,0.0,0.0,0.0,0.0,,,0.0,0.0,0.0,0.0,0.0,0.0,0.0,0.0,,0.0,1.0,0.0
sbo_rich_v6_context_java,O2_nocanary_nopie_CWE121_Stack_Based_Buffer_Overflow__CWE805_int64_t_declare_memcpy_16__O2_nocanary_nopie,O2_nocanary_nopie_CWE121_Stack_Based_Buffer_Overflow__CWE805_int64_t_declare_memcpy_16__O2_nocanary_nopie.json,O2_nocanary_nopie_CWE121_Stack_Based_Buffer_Overflow__CWE805_int64_t_declare_memcpy_16__O2_nocanary_nopie,CWE121_Stack_Based_Buffer_Overflow__CWE805_int64_t_declare_memcpy_16,O2_nocanary_nopie,CWE121_Stack_Based_Buffer_Overflow__CWE805_int64_t_declare_memcpy_16_bad,CWE121_Stack_Based_Buffer_Overflow__CWE805_int64_t_declare_memcpy_16_bad,0x401260,1,bin_func_entry,800.0,800.0,151.0,75.5,800.0,101.0,50.0,151.0,1,16.0,16.0,17.0,16.0,75.5,50.0,101.0,50.0,50.0,5.0,14.0,14.0,6.0,10.0,-1008.0,14.0,4.0,13.0,-2016.0,2.0,101.0,50.0,,2.0,-808.0,101.0,1.0,2.0,750.0,101.0,750.0,50.0,0.0,3.0,1.0,1.0,16.0,50.0,16.0,1.0,2.0,16.0,1.0,4.0,0.0,2.0,51.0,1.0,-1208.0,1.0,1.0,1.0,0.0,0.0,51.0,6.0,1.0,51.0,0.0,1.0,7.0,101.0,4.0,1.0,750.0,4.0,101.0,-808.0,0.0,5.0,1.0,-808.0,400.0,-808.0,,1.0,1.0,-1208.0,400.0,1.0,2.0,1.0,9.0,0.0,1.0,750.0,1.0,14.5,9.0,400.0,0.0,1.0,3.0,0.0,1.0,0.5,2,1.0,2.0,1.0,0.0,4.0,1.0,1.0,1.0,1.0,,-1208.0,1.0,1.0,0.0,1.0,10.0,0.0,1.0,4.0,1.0,0.0,1.0,400.0,1.0,0.0,6.0,1.0,0.0,1.0,0.0,0.0,1.0,4.0,0.0,1.0,0.0,0.0,4.0,1.0,1.0,6.0,1.0,1.0,1.0,6.0,0.0,20.0,1.0,10.0,4.0,10.0,1.0,0.0,4.0,1.0,4.0,1.0,1.0,1.0,13.0,2.0,1.0,1.0,1.0,1.0,1.0,1.0,1.0,13.0,1.0,0.0,,1.0,0.0,0.0,1.0,1.0,1.0,9.0,13.0,7.0,0.0,1.0,1.0,9.0,0.5,1.0,0.0,1.0,1.0,0.0,9.0,0.0,1.0,0.0,1.0,,1.0,0.0,1.0,0.0,0.0,,0.0,0.5,0.0,1.0,,0.0,0.0,1.0,1.0,0.0,0.0,1.0,0.0,,1.0,1.0,0.0,0.0,0.0,1.0,0.0,0.0,0.0,,1.0,,0.5,0.0,0.0,0.0,0.0,1.0,1.0,0.0,0.5,1.0,0.0,,,1.0,1.0,0.0,1.0,0.0,1.0,1.0,0.0,,1.0,0.0,1.0
sbo_rich_v6_context_java,O2_nocanary_nopie_CWE121_Stack_Based_Buffer_Overflow__CWE805_wchar_t_declare_memcpy_44__O2_nocanary_nopie,O2_nocanary_nopie_CWE121_Stack_Based_Buffer_Overflow__CWE805_wchar_t_declare_memcpy_44__O2_nocanary_nopie.json,O2_nocanary_nopie_CWE121_Stack_Based_Buffer_Overflow__CWE805_wchar_t_declare_memcpy_44__O2_nocanary_nopie,CWE121_Stack_Based_Buffer_Overflow__CWE805_wchar_t_declare_memcpy_44,O2_nocanary_nopie,CWE121_Stack_Based_Buffer_Overflow__CWE805_wchar_t_declare_memcpy_44_bad,CWE121_Stack_Based_Buffer_Overflow__CWE805_wchar_t_declare_memcpy_44_bad,0x401310,1,bin_func_entry,400.0,499.0,99.0,49.5,249.5,52.0,240.0,240.0,0,7.6923076923076925,8.218903436988544,16.0,4.109451718494272,120.0,52.0,188.0,188.0,120.0,6.0,11.0,22.0,9.0,10.0,-512.0,12.0,8.0,16.0,-1024.0,5.0,0.0,240.0,,1.0,-408.0,,2.5,2.0,259.0,,129.5,120.0,0.0,6.0,,4.0,7.6923076923076925,188.0,8.218903436988544,1.0,2.0,4.109451718494272,1.0,2.25,1.0,5.0,-26.0,2.0,-1024.0,1.0,1.0,2.0,0.5,1.0,-52.0,4.0,2.0,136.0,0.5,1.0,4.0,94.0,3.0,2.0,348.0,4.5,188.0,,1.0,4.0,1.0,,402.6666666666667,,,1.0,1.0,-512.0,604.0,2.0,3.0,1.0,,0.0,2.0,348.0,1.0,26.0,,1208.0,0.0,2.0,4.0,0.0,0.5,0.6666666666666666,3,1.0,3.0,1.0,1.0,1.5,1.0,0.0,1.0,2.0,,-408.0,2.0,1.0,0.5,2.0,7.0,1.0,1.0,2.0,,0.3333333333333333,1.0,208.0,2.0,1.0,1.0,0.5,0.5,0.5,0.0,1.0,1.0,6.0,0.0,2.0,0.5,0.0,3.0,3.0,0.5,2.0,1.0,1.0,1.0,2.0,0.5,22.0,,10.0,12.0,14.0,1.0,0.3333333333333333,1.0,1.0,10.0,0.5,1.0,1.0,7.5,,0.5,1.0,1.0,1.0,1.0,2.0,1.0,15.0,1.0,1.0,,2.0,0.0,0.0,0.5,2.0,1.0,6.0,13.0,-3.0,0.5,1.0,1.0,12.0,0.0,1.0,1.0,1.0,0.5,1.0,12.0,1.0,,0.0,1.0,,0.0,1.0,2.0,1.0,1.0,,0.0,0.3333333333333333,0.0,0.5,,0.0,0.0,1.0,0.0,0.0,0.0,1.0,0.0,,1.0,0.0,0.0,0.0,0.0,1.0,0.0,0.0,0.0,,0.0,,0.3333333333333333,0.0,0.0,0.0,0.0,,1.0,0.0,0.3333333333333333,0.0,0.0,,,0.5,1.0,0.0,0.5,0.0,1.0,0.5,0.0,,0.0,0.0,1.0
sbo_rich_v6_context_java,O0_nocanary_nopie_CWE121_Stack_Based_Buffer_Overflow__CWE805_int64_t_declare_memcpy_65a__O0_nocanary_nopie,O0_nocanary_nopie_CWE121_Stack_Based_Buffer_Overflow__CWE805_int64_t_declare_memcpy_65a__O0_nocanary_nopie.json,O0_nocanary_nopie_CWE121_Stack_Based_Buffer_Overflow__CWE805_int64_t_declare_memcpy_65a__O0_nocanary_nopie,CWE121_Stack_Based_Buffer_Overflow__CWE805_int64_t_declare_memcpy_65a,O0_nocanary_nopie,CWE121_Stack_Based_Buffer_Overflow__CWE805_int64_t_declare_memcpy_65b_badSink,CWE121_Stack_Based_Buffer_Overflow__CWE805_int64_t_declare_memcpy_65b_badSink,0x401287,1,bin_func_entry,800.0,800.0,100.0,100.0,800.0,100.0,0.0,100.0,1,0.0,0.0,17.0,0.0,100.0,100.0,100.0,0.0,0.0,8.0,14.0,14.0,8.0,18.0,-808.0,14.0,12.0,22.0,-808.0,4.0,100.0,0.0,,5.0,-808.0,100.0,1.0,1.0,0.0,100.0,0.0,0.0,0.0,5.0,1.0,1.0,0.0,0.0,0.0,1.0,2.0,0.0,1.0,2.5,0.0,1.0,0.0,1.0,,1.0,1.0,1.0,0.0,0.0,0.0,2.0,1.0,0.0,0.0,0.0,3.0,100.0,2.5,1.0,0.0,2.5,100.0,-808.0,0.0,6.0,0.0,-808.0,,-808.0,1.0,1.0,1.0,,,0.0,2.0,1.0,9.0,0.0,1.0,0.0,1.0,1.5,9.0,,0.0,1.0,3.0,0.0,1.0,0.0,2,0.0,2.0,1.0,0.0,1.5,0.0,1.0,1.0,0.0,,,1.0,1.0,0.0,0.0,0.0,0.0,1.0,1.5,1.0,0.0,1.0,,0.0,0.0,1.0,1.0,0.0,1.0,0.0,0.0,0.0,-1.0,0.0,0.0,0.0,0.0,1.5,0.0,1.0,1.0,1.0,,1.0,1.0,0.0,0.0,1.0,0.0,-1.0,0.0,0.0,0.0,1.5,0.0,-1.0,0.0,0.0,1.0,0.0,1.0,0.0,1.0,1.0,1.0,0.0,0.0,0.0,0.0,1.0,0.0,,,0.0,0.0,0.0,0.0,0.0,-1.5,0.0,0.0,0.0,1.0,0.0,-1.5,0.0,1.0,0.0,1.0,1.0,0.0,-1.5,0.0,,0.0,1.0,,0.0,0.0,0.0,0.0,0.0,1.0,0.0,0.0,0.0,0.0,1.0,0.0,0.0,1.0,0.0,0.0,0.0,0.0,0.0,,0.0,0.0,0.0,0.0,0.0,0.0,0.0,0.0,0.0,,1.0,,0.0,0.0,0.0,0.0,0.0,,0.0,0.0,0.0,0.0,0.0,,,0.0,0.0,0.0,0.0,0.0,0.0,0.0,0.0,,0.0,0.0,0.0
sbo_rich_v6_context_java,O2_nocanary_nopie_CWE121_Stack_Based_Buffer_Overflow__CWE131_memmove_51a__O2_nocanary_nopie,O2_nocanary_nopie_CWE121_Stack_Based_Buffer_Overflow__CWE131_memmove_51a__O2_nocanary_nopie.json,O2_nocanary_nopie_CWE121_Stack_Based_Buffer_Overflow__CWE131_memmove_51a__O2_nocanary_nopie,CWE121_Stack_Based_Buffer_Overflow__CWE131_memmove_51a,O2_nocanary_nopie,goodG2B,goodG2B,0x401220,0,bin_func_entry,0.0,,40.0,40.0,,40.0,,40.0,1,,,8.0,,40.0,40.0,40.0,,,3.0,,,4.0,6.0,-48.0,,1.0,8.0,-48.0,1.0,0.0,,,2.0,-48.0,,1.0,1.0,,,,,,2.0,,1.0,0.0,,,,1.0,,,,0.0,1.0,,0.0,,,,,,,,5.0,,,,,4.0,,0.0,,,,,,,3.0,,,15.0,,1.0,,,,15.0,,1.0,1.0,,,0.0,0.0,1.0,0.0,,15.0,0.0,,2.0,,,0.0,1,,1.0,,0.0,,,0.0,,,,,,1.0,,,,0.0,0.0,,,0.0,1.0,15.0,,,,,,,0.0,0.0,,,0.0,,,,0.0,1.0,,0.0,,,,,,0.0,,,0.0,0.0,0.0,0.0,0.0,,0.0,,,,,,,0.0,,,,,,0.0,,,,,,,,,0.0,,,0.0,,,,,0.0,,,,,,,,,,0.0,,,,,0.0,,1.0,,0.0,,,,,,1.0,0.0,,0.0,,,,0.0,,,,,0.0,,,,,0.0,1.0,0.0,,,,,,,0.0,0.0,,,,,,0.0,,,,,,0.0,,,,
sbo_rich_v6_context_java,O0_nocanary_nopie_CWE121_Stack_Based_Buffer_Overflow__CWE193_wchar_t_alloca_memcpy_45__O0_nocanary_nopie,O0_nocanary_nopie_CWE121_Stack_Based_Buffer_Overflow__CWE193_wchar_t_alloca_memcpy_45__O0_nocanary_nopie.json,O0_nocanary_nopie_CWE121_Stack_Based_Buffer_Overflow__CWE193_wchar_t_alloca_memcpy_45__O0_nocanary_nopie,CWE121_Stack_Based_Buffer_Overflow__CWE193_wchar_t_alloca_memcpy_45,O0_nocanary_nopie,badSink,badSink,0x4011d6,1,bin_func_entry,1.0,1.0,14.0,14.0,0.5,14.0,0.0,56.0,1,0.0,0.0,14.0,0.0,56.0,56.0,56.0,0.0,0.0,14.0,10.5,21.0,14.0,24.0,-72.0,11.0,19.0,31.0,-72.0,10.0,0.0,0.0,,4.0,-72.0,,4.0,1.0,0.0,,0.0,0.0,0.0,11.0,,4.0,0.0,0.0,0.0,1.0,3.0,0.0,1.0,3.25,0.0,4.0,0.0,2.0,,1.0,0.5,2.0,0.5,1.0,0.0,4.0,1.0,0.0,0.0,1.0,4.0,28.0,6.0,1.0,0.0,6.5,56.0,,0.0,5.0,0.5,,,,1.0,1.0,0.5,,,1.0,3.0,1.0,,0.0,2.0,0.0,1.0,-1.0,,,0.0,1.0,4.0,0.0,0.5,0.0,3,0.0,3.0,1.0,1.0,2.75,0.0,0.0,1.0,0.0,,,1.0,1.0,0.0,0.0,0.0,0.0,1.0,5.5,,0.0,1.0,,0.0,0.0,3.5,0.5,0.0,0.5,0.0,0.0,0.0,-3.5,0.0,0.0,0.0,0.5,5.5,0.0,0.5,7.0,1.0,1.0,1.0,7.0,0.0,0.0,1.0,0.0,-7.0,0.0,0.0,0.0,7.5,0.0,0.0,0.0,0.0,1.0,0.0,,0.0,1.0,1.0,1.0,0.0,0.0,0.0,0.0,1.0,0.0,,,0.0,1.0,0.0,0.0,0.0,-2.75,0.0,10.0,0.0,1.0,0.0,-5.5,0.3333333333333333,1.0,0.0,1.0,0.5,0.0,0.0,0.0,,1.0,1.0,,0.5,0.0,0.0,0.0,0.0,1.0,0.0,0.0,0.0,0.0,1.0,1.0,0.5,1.0,1.0,0.5,0.3333333333333333,0.0,0.0,,0.0,1.0,0.0,0.5,0.0,0.0,0.0,1.0,1.0,,0.0,,0.0,1.0,0.0,0.0,0.0,,0.0,0.0,0.0,0.5,1.0,,,0.0,0.0,1.0,0.0,0.5,0.0,0.0,0.0,,1.0,0.0,0.0
sbo_rich_v6_context_java,O2_nocanary_nopie_CWE121_Stack_Based_Buffer_Overflow__CWE806_char_alloca_ncat_08__O2_nocanary_nopie,O2_nocanary_nopie_CWE121_Stack_Based_Buffer_Overflow__CWE806_char_alloca_ncat_08__O2_nocanary_nopie.json,O2_nocanary_nopie_CWE121_Stack_Based_Buffer_Overflow__CWE806_char_alloca_ncat_08__O2_nocanary_nopie,CWE121_Stack_Based_Buffer_Overflow__CWE806_char_alloca_ncat_08,O2_nocanary_nopie,goodG2B2,goodG2B2,0x401240,0,bin_func_entry,49.0,49.0,97.0,24.25,16.333333333333332,49.0,65.0,97.0,2,1.0,1.0,23.0,0.3333333333333333,24.25,16.0,49.0,49.0,21.666666666666668,11.0,16.333333333333332,49.0,11.0,24.0,-102.0,19.0,12.0,29.0,-408.0,7.0,0.0,65.0,,3.0,-56.0,,1.0,4.0,-16.0,,-5.333333333333333,21.666666666666668,0.3333333333333333,12.0,,1.0,1.0,49.0,1.0,1.0,2.0,0.3333333333333333,1.0,3.0,1.0,4.0,-5.333333333333333,3.0,-280.0,1.0,0.6666666666666666,2.0,0.6666666666666666,1.0,-16.0,7.0,2.0,33.0,0.3333333333333333,1.0,6.0,16.333333333333332,7.0,2.0,0.0,9.0,49.0,,1.0,7.0,0.6666666666666666,,15.0,,1.0,1.0,0.3333333333333333,-140.0,15.0,2.0,4.0,1.0,,1.0,3.0,0.0,1.0,8.0,,15.0,0.0,1.0,5.0,1.0,0.3333333333333333,0.5,4,0.6666666666666666,4.0,2.0,2.0,2.333333333333333,1.0,0.0,1.0,2.0,,-88.0,2.0,1.0,0.3333333333333333,1.0,1.8333333333333333,1.0,1.0,5.0,,0.25,1.0,15.0,2.0,1.0,3.0,0.3333333333333333,0.3333333333333333,0.3333333333333333,0.0,1.0,0.0,-1.1666666666666667,0.0,2.0,0.3333333333333333,0.6666666666666666,7.0,1.0,0.3333333333333333,9.0,1.0,,1.0,7.0,0.3333333333333333,9.0,,4.0,-3.5,5.5,1.0,0.25,7.0,0.0,2.0,0.3333333333333333,1.0,1.0,1.6666666666666667,1.0,0.0,1.0,1.0,0.0,0.6666666666666666,2.0,1.0,5.0,1.0,1.0,,2.0,0.0,1.0,0.3333333333333333,1.0,1.0,-0.6666666666666666,3.0,11.0,0.0,1.0,1.0,-2.0,0.25,1.0,1.0,1.0,0.0,1.0,0.0,1.0,2.0,2.0,0.0,,0.3333333333333333,1.0,1.0,0.0,0.0,2.0,0.0,0.0,0.0,0.0,,1.0,0.3333333333333333,1.0,1.0,0.3333333333333333,0.25,0.0,0.0,,0.0,1.0,0.0,0.3333333333333333,0.0,0.0,0.0,1.0,1.0,3.0,0.0,1.0,0.25,1.0,0.0,0.0,0.0,1.0,1.0,0.0,0.0,0.3333333333333333,1.0,1.0,,0.0,1.0,1.0,0.3333333333333333,0.3333333333333333,0.0,0.0,0.0,,1.0,1.0,0.0
sbo_rich_v6_context_java,O0_nocanary_nopie_CWE121_Stack_Based_Buffer_Overflow__CWE805_int_declare_memmove_11__O0_nocanary_nopie,O0_nocanary_nopie_CWE121_Stack_Based_Buffer_Overflow__CWE805_int_declare_memmove_11__O0_nocanary_nopie.json,O0_nocanary_nopie_CWE121_Stack_Based_Buffer_Overflow__CWE805_int_declare_memmove_11__O0_nocanary_nopie,CWE121_Stack_Based_Buffer_Overflow__CWE805_int_declare_memmove_11,O0_nocanary_nopie,CWE121_Stack_Based_Buffer_Overflow__CWE805_int_declare_memmove_11_bad,CWE121_Stack_Based_Buffer_Overflow__CWE805_int_declare_memmove_11_bad,0x4011c6,1,bin_func_entry,400.0,400.0,150.0,75.0,400.0,100.0,50.0,150.0,1,8.0,8.0,25.0,8.0,75.0,50.0,100.0,50.0,50.0,9.0,22.0,22.0,9.0,21.0,-616.0,22.0,12.0,26.0,-1232.0,4.0,100.0,0.0,,5.0,-216.0,75.0,1.0,2.0,0.0,150.0,0.0,0.0,0.0,6.0,1.0,1.0,0.0,0.0,0.0,0.0,3.0,0.0,1.0,5.0,0.0,2.0,0.0,1.0,,0.0,1.0,1.0,0.0,0.0,0.0,5.0,1.0,0.0,0.0,1.0,5.0,100.0,5.0,1.0,0.0,5.0,100.0,-216.0,0.0,7.0,1.0,-616.0,,-1232.0,1.0,1.0,1.0,,,1.0,6.0,1.0,16.0,0.0,0.0,0.0,1.0,11.0,32.0,,1.0,1.0,5.0,0.0,1.0,0.5,3,1.0,3.0,1.0,0.0,5.5,1.0,2.0,1.0,1.0,,,1.0,1.0,0.0,1.0,8.0,0.0,0.0,5.5,1.0,0.0,3.0,,1.0,0.0,6.0,1.0,0.0,1.0,0.0,0.0,1.0,2.0,0.0,0.0,0.0,0.0,5.5,0.0,1.0,6.0,1.0,,1.0,6.0,0.0,0.0,1.0,8.0,2.0,8.0,0.0,0.0,7.5,1.0,2.0,0.0,0.0,1.0,0.0,3.0,1.0,1.0,1.0,1.0,0.0,0.0,0.0,0.0,1.0,0.0,,,0.0,0.0,0.0,0.0,0.0,-5.5,0.0,8.0,0.0,1.0,0.0,-5.5,0.5,1.0,0.0,1.0,1.0,0.0,-5.5,0.0,,0.0,1.0,,1.0,0.0,0.0,0.0,0.0,1.0,0.0,0.5,0.0,1.0,1.0,0.0,0.0,1.0,1.0,0.0,0.5,1.0,1.0,1.0,1.0,1.0,0.0,1.0,1.0,0.0,0.0,0.0,1.0,,1.0,,0.0,1.0,0.0,0.0,1.0,,0.0,1.0,0.0,1.0,0.0,,,0.0,0.0,0.0,0.0,0.0,0.0,0.0,1.0,,1.0,0.0,0.0
sbo_rich_v6_context_java,O0_canary_nopie_CWE121_Stack_Based_Buffer_Overflow__CWE193_wchar_t_alloca_memcpy_34__O0_canary_nopie,O0_canary_nopie_CWE121_Stack_Based_Buffer_Overflow__CWE193_wchar_t_alloca_memcpy_34__O0_canary_nopie.json,O0_canary_nopie_CWE121_Stack_Based_Buffer_Overflow__CWE193_wchar_t_alloca_memcpy_34__O0_canary_nopie,CWE121_Stack_Based_Buffer_Overflow__CWE193_wchar_t_alloca_memcpy_34,O0_canary_nopie,goodG2B,goodG2B,0x401309,0,bin_func_entry,1.0,1.0,78.0,26.0,0.5,48.0,0.0,120.0,1,0.0,0.0,32.0,0.0,40.0,16.0,56.0,0.0,0.0,30.0,24.5,49.0,28.0,51.0,-152.0,25.0,38.0,70.0,-456.0,22.0,48.0,0.0,,13.0,-72.0,32.0,2.0,3.0,0.0,64.0,0.0,0.0,0.0,18.0,,4.0,0.0,0.0,0.0,1.0,3.0,0.0,1.0,3.0,0.0,6.0,0.0,2.0,,1.0,0.5,1.0,0.5,1.0,0.0,78.0,1.0,0.0,0.0,1.0,36.0,28.0,6.0,1.0,0.0,6.0,56.0,-160.0,0.0,15.0,0.5,-192.0,,-384.0,1.0,1.0,0.5,,,1.0,6.0,6.0,17.5,0.0,2.0,0.0,6.0,-1.0,35.0,,1.0,1.0,5.0,0.0,0.5,0.0,4,0.0,4.0,1.0,1.0,2.75,0.0,2.0,1.0,0.0,,,1.0,1.0,0.0,0.0,0.0,0.0,1.0,5.5,1.0,0.0,3.0,,0.0,0.0,3.5,0.5,0.0,0.5,0.0,0.0,0.0,-3.5,0.0,0.0,0.0,0.5,5.5,0.0,0.5,7.0,1.0,5.0,1.0,7.0,0.0,0.0,5.0,0.0,-7.0,0.0,0.0,0.0,7.5,0.0,0.0,0.0,0.0,1.0,0.0,7.0,0.0,1.0,1.0,1.0,0.0,0.0,0.0,0.0,1.0,0.0,20.0,,0.0,1.0,0.0,0.0,0.0,-2.75,0.0,10.0,0.0,1.0,0.0,-5.5,0.3333333333333333,1.0,0.0,1.0,0.5,0.0,0.0,0.0,3.0,1.0,1.0,,0.5,0.0,0.0,0.0,0.0,1.0,0.0,0.0,0.0,0.0,1.0,1.0,0.5,1.0,1.0,0.5,0.3333333333333333,0.0,0.0,1.0,0.0,1.0,0.0,0.5,0.0,0.0,0.0,1.0,1.0,,0.0,,0.0,1.0,0.0,0.0,0.0,1.0,0.0,1.0,0.0,0.5,1.0,,6.0,0.0,0.0,1.0,0.0,0.5,0.0,0.0,0.0,,1.0,0.0,0.0
sbo_rich_v6_context_java,O0_canary_nopie_CWE121_Stack_Based_Buffer_Overflow__CWE806_char_alloca_snprintf_03__O0_canary_nopie,O0_canary_nopie_CWE121_Stack_Based_Buffer_Overflow__CWE806_char_alloca_snprintf_03__O0_canary_nopie.json,O0_canary_nopie_CWE121_Stack_Based_Buffer_Overflow__CWE806_char_alloca_snprintf_03__O0_canary_nopie,CWE121_Stack_Based_Buffer_Overflow__CWE806_char_alloca_snprintf_03,O0_canary_nopie,CWE121_Stack_Based_Buffer_Overflow__CWE806_char_alloca_snprintf_03_bad,CWE121_Stack_Based_Buffer_Overflow__CWE806_char_alloca_snprintf_03_bad,0x4011f6,1,bin_func_entry,99.0,99.0,160.0,80.0,33.0,104.0,160.0,160.0,1,0.9519230769230768,0.9519230769230768,75.0,0.3173076923076923,80.0,56.0,104.0,104.0,53.333333333333336,25.0,50.0,150.0,23.0,42.0,-132.0,68.0,34.0,57.0,-264.0,19.0,104.0,56.0,,13.0,-72.0,104.0,1.0,2.0,-56.0,104.0,-18.666666666666668,18.666666666666668,0.3333333333333333,17.0,,1.0,0.0,56.0,0.0,1.0,1.0,0.0,1.0,1.8333333333333333,1.0,2.0,-18.666666666666668,3.0,-72.0,1.0,0.6666666666666666,2.0,1.0,1.0,-56.0,43.0,2.0,0.0,0.3333333333333333,1.0,22.0,0.0,4.0,2.0,0.0,5.5,0.0,-192.0,1.0,12.0,0.6666666666666666,-192.0,,-192.0,1.0,1.0,0.3333333333333333,-72.0,,2.0,7.0,4.0,13.0,1.0,3.0,0.0,4.0,12.0,13.0,,1.0,1.0,6.0,1.0,0.0,0.5,5,0.6666666666666666,5.0,2.0,3.0,1.3333333333333333,1.0,1.0,1.0,2.0,,-72.0,1.0,1.0,0.6666666666666666,1.0,2.5,0.0,1.0,4.0,1.0,0.5,3.0,,2.0,1.0,3.0,0.0,0.0,0.0,0.0,2.0,0.0,-0.5,0.0,1.0,0.3333333333333333,0.6666666666666666,4.0,0.0,0.3333333333333333,9.0,0.0,3.0,0.0,7.0,0.3333333333333333,2.0,2.0,4.0,-1.5,7.5,0.0,0.25,7.0,0.0,2.0,0.0,0.0,0.0,0.6666666666666666,4.0,0.0,0.0,1.0,0.0,0.3333333333333333,1.0,1.0,2.0,1.0,1.0,10.0,1.0,0.0,1.0,0.0,1.0,0.0,-0.6666666666666666,2.0,11.0,0.3333333333333333,0.0,0.0,-2.0,0.25,0.0,1.0,0.0,0.0,0.0,0.0,1.0,2.0,2.0,0.0,,0.3333333333333333,1.0,0.0,1.0,1.0,1.0,0.0,0.0,0.0,0.0,1.0,1.0,0.3333333333333333,1.0,1.0,0.3333333333333333,0.25,0.0,0.3333333333333333,1.0,0.0,1.0,0.0,0.3333333333333333,1.0,0.0,0.0,1.0,1.0,,0.0,,0.25,1.0,0.0,0.0,1.0,1.0,1.0,1.0,0.0,0.3333333333333333,1.0,,3.0,0.0,1.0,0.0,0.3333333333333333,0.0,0.0,0.0,0.0,,1.0,0.0,0.0
sbo_rich_v6_context_java,O0_canary_nopie_CWE121_Stack_Based_Buffer_Overflow__CWE806_wchar_t_declare_memcpy_21__O0_canary_nopie,O0_canary_nopie_CWE121_Stack_Based_Buffer_Overflow__CWE806_wchar_t_declare_memcpy_21__O0_canary_nopie.json,O0_canary_nopie_CWE121_Stack_Based_Buffer_Overflow__CWE806_wchar_t_declare_memcpy_21__O0_canary_nopie,CWE121_Stack_Based_Buffer_Overflow__CWE806_wchar_t_declare_memcpy_21,O0_canary_nopie,goodG2B2Source,goodG2B2Source,0x401642,0,bin_func_entry,49.0,49.0,,,49.0,,0.0,0.0,1,0.0,0.0,17.0,0.0,,0.0,0.0,0.0,0.0,11.0,9.0,9.0,9.0,19.0,,9.0,13.0,25.0,,7.0,0.0,0.0,,10.0,,,,0.0,0.0,,0.0,0.0,0.0,6.0,,,0.0,0.0,0.0,0.0,0.0,0.0,1.0,3.5,1.0,,0.0,1.0,,0.0,1.0,1.0,1.0,1.0,0.0,11.0,0.0,0.0,1.0,1.0,10.0,0.0,3.5,1.0,0.0,3.5,0.0,,1.0,5.0,1.0,,,,1.0,1.0,1.0,,,1.0,7.0,2.0,,0.0,0.0,0.0,2.0,0.0,,,2.0,1.0,4.0,0.0,0.0,0.0,2,0.0,2.0,0.0,1.0,0.0,0.0,0.0,0.0,0.0,,,0.0,1.0,0.0,0.0,0.0,0.0,0.0,0.0,,0.0,5.0,,0.0,0.0,0.0,0.0,0.0,0.0,0.0,0.0,0.0,0.0,0.0,0.0,0.0,0.0,0.0,0.0,0.0,0.0,0.0,1.0,0.0,0.0,0.0,0.0,,0.0,0.0,0.0,0.0,0.0,0.0,0.0,0.0,0.0,0.0,0.0,0.0,2.0,0.0,0.0,0.0,0.0,0.0,0.0,0.0,0.0,0.0,0.0,,,0.0,0.0,0.0,0.0,0.0,0.0,0.0,0.0,0.0,0.0,0.0,0.0,0.0,0.0,0.0,0.0,0.0,0.0,0.0,0.0,1.0,0.0,0.0,,0.0,0.0,0.0,0.0,0.0,1.0,0.0,0.0,0.0,0.0,,0.0,0.0,1.0,0.0,0.0,0.0,0.0,0.0,2.0,0.0,0.0,0.0,0.0,0.0,0.0,0.0,0.0,0.0,,0.0,,0.0,0.0,0.0,0.0,0.0,1.0,0.0,2.0,0.0,0.0,0.0,,,0.0,0.0,0.0,0.0,0.0,0.0,0.0,1.0,,0.0,0.0,0.0
sbo_rich_v6_context_java,O0_canary_nopie_CWE121_Stack_Based_Buffer_Overflow__CWE193_wchar_t_alloca_memcpy_03__O0_canary_nopie,O0_canary_nopie_CWE121_Stack_Based_Buffer_Overflow__CWE193_wchar_t_alloca_memcpy_03__O0_canary_nopie.json,O0_canary_nopie_CWE121_Stack_Based_Buffer_Overflow__CWE193_wchar_t_alloca_memcpy_03__O0_canary_nopie,CWE121_Stack_Based_Buffer_Overflow__CWE193_wchar_t_alloca_memcpy_03,O0_canary_nopie,CWE121_Stack_Based_Buffer_Overflow__CWE193_wchar_t_alloca_memcpy_03_bad,CWE121_Stack_Based_Buffer_Overflow__CWE193_wchar_t_alloca_memcpy_03_bad,0x4011e6,1,bin_func_entry,1.0,1.0,90.0,30.0,0.5,64.0,0.0,132.0,1,0.0,0.0,28.0,0.0,44.0,12.0,64.0,0.0,0.0,26.0,20.5,41.0,24.0,47.0,-141.33333333333334,21.0,34.0,66.0,-424.0,18.0,64.0,0.0,,11.0,-72.0,38.0,2.0,3.0,0.0,76.0,0.0,0.0,0.0,16.0,,4.0,0.0,0.0,0.0,1.0,3.0,0.0,1.0,3.0,0.0,6.0,0.0,2.0,,1.0,0.5,1.0,0.5,1.0,0.0,78.0,1.0,0.0,0.0,1.0,36.0,28.0,6.0,1.0,0.0,6.0,56.0,-144.0,0.0,15.0,0.5,-176.0,,-352.0,1.0,1.0,0.5,,,1.0,6.0,6.0,15.5,0.0,2.0,0.0,6.0,-1.0,31.0,,1.0,1.0,5.0,0.0,0.5,0.0,4,0.0,4.0,1.0,1.0,2.75,0.0,2.0,1.0,0.0,,,1.0,1.0,0.0,0.0,0.0,0.0,1.0,5.5,1.0,0.0,3.0,,0.0,0.0,3.5,0.5,0.0,0.5,0.0,0.0,0.0,-3.5,0.0,0.0,0.0,0.5,5.5,0.0,0.5,7.0,1.0,5.0,1.0,7.0,0.0,0.0,5.0,0.0,-7.0,0.0,0.0,0.0,7.5,0.0,0.0,0.0,0.0,1.0,0.0,7.0,0.0,1.0,1.0,1.0,0.0,0.0,0.0,0.0,1.0,0.0,20.0,,0.0,1.0,0.0,0.0,0.0,-2.75,0.0,10.0,0.0,1.0,0.0,-5.5,0.3333333333333333,1.0,0.0,1.0,0.5,0.0,0.0,0.0,3.0,1.0,1.0,,0.5,0.0,0.0,0.0,0.0,1.0,0.0,0.0,0.0,0.0,1.0,1.0,0.5,1.0,1.0,0.5,0.3333333333333333,0.0,0.0,1.0,0.0,1.0,0.0,0.5,0.0,0.0,0.0,1.0,1.0,,0.0,,0.0,1.0,0.0,0.0,0.0,1.0,0.0,1.0,0.0,0.5,1.0,,6.0,0.0,0.0,1.0,0.0,0.5,0.0,0.0,0.0,,1.0,0.0,0.0
sbo_rich_v6_context_java,O0_canary_nopie_CWE121_Stack_Based_Buffer_Overflow__dest_wchar_t_declare_cpy_65a__O0_canary_nopie,O0_canary_nopie_CWE121_Stack_Based_Buffer_Overflow__dest_wchar_t_declare_cpy_65a__O0_canary_nopie.json,O0_canary_nopie_CWE121_Stack_Based_Buffer_Overflow__dest_wchar_t_declare_cpy_65a__O0_canary_nopie,CWE121_Stack_Based_Buffer_Overflow__dest_wchar_t_declare_cpy_65a,O0_canary_nopie,goodG2B,goodG2B,0x401250,0,bin_func_entry,0.0,,102.0,102.0,,102.0,,102.0,1,,,16.0,,102.0,102.0,102.0,,,12.0,,,11.0,17.0,-424.0,,11.0,22.0,-424.0,8.0,0.0,,,10.0,-424.0,,1.0,1.0,,,,,,7.0,,1.0,0.0,,,,1.0,,,,0.0,1.0,,0.0,,,,,,,,6.0,,,,,6.0,,0.0,,,,,,,5.0,,,,,1.0,,,,,,4.0,2.0,,,0.0,0.0,2.0,0.0,,,1.0,,3.0,,,0.0,2,,2.0,,0.0,,,0.0,,,,,,1.0,,,,0.0,0.0,,,0.0,3.0,,,,,,,,0.0,0.0,,,0.0,,,,0.0,0.0,,0.0,,,,,,0.0,,,0.0,0.0,0.0,0.0,0.0,,0.0,,,,,1.0,,0.0,,,,,,0.0,,,,,,,,,0.0,,,0.0,,,,,0.0,,,,,,,,1.0,,0.0,,,,,0.0,,1.0,,0.0,,,1.0,,,1.0,0.0,,0.0,,,1.0,0.0,,,,,0.0,,,,,0.0,,0.0,,,,,1.0,,1.0,0.0,,,,,,0.0,,,,,,0.0,,,,
sbo_rich_v6_context_java,O2_nocanary_nopie_CWE121_Stack_Based_Buffer_Overflow__CWE806_char_declare_memcpy_09__O2_nocanary_nopie,O2_nocanary_nopie_CWE121_Stack_Based_Buffer_Overflow__CWE806_char_declare_memcpy_09__O2_nocanary_nopie.json,O2_nocanary_nopie_CWE121_Stack_Based_Buffer_Overflow__CWE806_char_declare_memcpy_09__O2_nocanary_nopie,CWE121_Stack_Based_Buffer_Overflow__CWE806_char_declare_memcpy_09,O2_nocanary_nopie,CWE121_Stack_Based_Buffer_Overflow__CWE806_char_declare_memcpy_09_bad,CWE121_Stack_Based_Buffer_Overflow__CWE806_char_declare_memcpy_09_bad,0x401350,1,bin_func_entry,99.0,99.0,147.0,36.75,33.0,99.0,115.0,147.0,1,1.0,1.0,23.0,0.3333333333333333,36.75,16.0,99.0,99.0,38.333333333333336,11.0,16.333333333333332,49.0,13.0,19.0,-156.0,19.0,8.0,27.0,-624.0,7.0,0.0,115.0,1.0,1.0,-120.0,,1.0,4.0,-16.0,,-5.333333333333333,38.333333333333336,0.6666666666666666,10.0,1.0,1.0,1.0,99.0,1.0,1.0,4.0,0.3333333333333333,1.0,3.333333333333333,1.0,4.0,-5.333333333333333,3.0,-304.0,1.0,0.6666666666666666,2.0,0.6666666666666666,1.0,-16.0,9.0,2.0,83.0,0.3333333333333333,1.0,8.0,33.0,7.0,2.0,0.0,10.0,99.0,,1.0,5.0,0.6666666666666666,,62.0,,,1.0,0.3333333333333333,-152.0,163.0,2.0,7.0,1.0,,2.0,3.0,0.0,1.0,13.0,,372.0,2.0,1.0,6.0,1.0,0.3333333333333333,0.5,4,0.6666666666666666,4.0,2.0,2.0,2.333333333333333,1.0,0.0,1.0,2.0,,-120.0,2.0,1.0,0.3333333333333333,1.0,3.5,1.0,1.0,5.0,,0.25,3.0,16.0,2.0,1.0,3.0,0.3333333333333333,0.3333333333333333,0.3333333333333333,0.0,1.0,0.0,0.5,0.0,2.0,0.3333333333333333,0.6666666666666666,7.0,6.0,0.3333333333333333,9.0,1.0,1.0,1.0,7.0,0.3333333333333333,17.0,,6.5,1.5,10.5,1.0,0.25,7.0,0.0,2.0,0.3333333333333333,1.0,1.0,3.333333333333333,2.0,0.0,1.0,1.0,1.0,0.6666666666666666,2.0,1.0,10.0,1.0,1.0,1.0,2.0,0.0,1.0,0.3333333333333333,1.0,1.0,1.0,8.0,11.0,0.0,1.0,1.0,3.0,0.25,1.0,1.0,1.0,0.3333333333333333,1.0,3.0,1.0,2.0,2.0,1.0,,0.3333333333333333,1.0,1.0,0.0,0.0,,0.0,0.0,0.0,0.0,,1.0,0.3333333333333333,1.0,1.0,0.3333333333333333,0.0,0.0,0.0,,0.0,1.0,0.0,0.0,0.0,0.0,0.0,1.0,0.0,3.0,0.0,,0.25,0.0,0.0,0.0,0.0,1.0,1.0,1.0,0.25,0.3333333333333333,1.0,1.0,,0.0,1.0,1.0,0.3333333333333333,0.3333333333333333,0.0,0.3333333333333333,1.0,,1.0,1.0,1.0
sbo_rich_v6_context_java,O2_nocanary_nopie_CWE121_Stack_Based_Buffer_Overflow__CWE805_wchar_t_declare_memmove_10__O2_nocanary_nopie,O2_nocanary_nopie_CWE121_Stack_Based_Buffer_Overflow__CWE805_wchar_t_declare_memmove_10__O2_nocanary_nopie.json,O2_nocanary_nopie_CWE121_Stack_Based_Buffer_Overflow__CWE805_wchar_t_declare_memmove_10__O2_nocanary_nopie,CWE121_Stack_Based_Buffer_Overflow__CWE805_wchar_t_declare_memmove_10,O2_nocanary_nopie,CWE121_Stack_Based_Buffer_Overflow__CWE805_wchar_t_declare_memmove_10_bad,CWE121_Stack_Based_Buffer_Overflow__CWE805_wchar_t_declare_memmove_10_bad,0x401320,1,bin_func_entry,400.0,499.0,99.0,49.5,249.5,52.0,240.0,240.0,1,7.6923076923076925,8.218903436988544,18.0,4.109451718494272,120.0,52.0,188.0,188.0,120.0,6.0,13.0,26.0,9.0,13.0,-512.0,14.0,9.0,19.0,-1024.0,5.0,0.0,240.0,,1.0,-408.0,,2.5,2.0,259.0,,129.5,120.0,0.0,6.0,,4.0,7.6923076923076925,188.0,8.218903436988544,0.0,2.0,4.109451718494272,1.0,4.25,1.0,5.0,-26.0,2.0,-1024.0,0.0,1.0,2.0,0.5,1.0,-52.0,7.0,2.0,136.0,0.5,1.0,6.0,94.0,5.0,2.0,348.0,8.5,188.0,,1.0,4.0,1.0,,402.6666666666667,,,1.0,1.0,-512.0,604.0,2.0,6.0,1.0,,0.0,0.0,348.0,1.0,17.0,,1208.0,1.0,2.0,5.0,0.0,0.5,0.6666666666666666,3,1.0,3.0,2.0,1.0,3.5,1.0,0.0,1.0,2.0,,-408.0,2.0,1.0,0.5,2.0,6.0,1.0,0.0,5.0,,0.3333333333333333,3.0,208.0,2.0,1.0,4.0,0.5,0.5,0.5,0.0,1.0,1.0,2.0,0.0,2.0,0.5,0.0,7.0,3.0,0.5,8.0,1.0,1.0,1.0,6.0,0.5,20.0,,8.0,4.0,12.0,1.0,0.3333333333333333,7.0,1.0,2.0,0.5,1.0,1.0,6.5,1.0,0.5,1.0,1.0,1.0,1.0,2.0,1.0,13.0,1.0,1.0,,2.0,0.0,0.0,0.5,2.0,1.0,3.0,11.0,10.0,0.5,1.0,1.0,6.0,0.3333333333333333,1.0,1.0,1.0,0.5,1.0,6.0,1.0,,0.0,1.0,,0.5,1.0,2.0,1.0,1.0,,0.0,0.3333333333333333,0.0,0.5,,0.0,0.0,1.0,1.0,0.0,0.0,1.0,0.0,1.0,1.0,1.0,0.0,0.0,0.0,1.0,0.0,0.0,0.0,,0.0,,0.3333333333333333,0.0,0.0,0.0,0.0,,1.0,1.0,0.3333333333333333,0.5,0.0,,,0.5,1.0,0.0,0.5,0.0,1.0,0.5,1.0,,1.0,0.0,1.0
sbo_rich_v6_context_java,O2_nocanary_nopie_CWE121_Stack_Based_Buffer_Overflow__CWE131_memmove_17__O2_nocanary_nopie,O2_nocanary_nopie_CWE121_Stack_Based_Buffer_Overflow__CWE131_memmove_17__O2_nocanary_nopie.json,O2_nocanary_nopie_CWE121_Stack_Based_Buffer_Overflow__CWE131_memmove_17__O2_nocanary_nopie,CWE121_Stack_Based_Buffer_Overflow__CWE131_memmove_17,O2_nocanary_nopie,CWE121_Stack_Based_Buffer_Overflow__CWE131_memmove_17_bad,CWE121_Stack_Based_Buffer_Overflow__CWE131_memmove_17_bad,0x401270,1,bin_func_entry,40.0,40.0,38.0,12.666666666666666,40.0,16.0,6.0,38.0,1,6.666666666666667,6.666666666666667,15.0,6.666666666666667,12.666666666666666,6.0,16.0,6.0,6.0,8.0,12.0,12.0,9.0,15.0,-74.66666666666667,12.0,6.0,19.0,-224.0,5.0,0.0,6.0,,4.0,-56.0,,1.0,3.0,34.0,,34.0,6.0,0.0,7.0,,1.0,6.666666666666667,6.0,6.666666666666667,1.0,2.0,6.666666666666667,1.0,3.0,0.0,3.0,10.0,1.0,-96.0,1.0,1.0,1.0,0.0,0.0,10.0,5.0,1.0,10.0,0.0,1.0,4.0,16.0,3.0,1.0,34.0,3.0,16.0,,0.0,5.0,1.0,,15.0,,1.0,1.0,1.0,-96.0,15.0,1.0,2.0,1.0,,0.0,1.0,34.0,1.0,18.5,,15.0,0.0,1.0,3.0,0.0,1.0,0.5,2,1.0,2.0,0.0,0.0,1.0,1.0,0.0,1.0,1.0,,-96.0,1.0,1.0,0.0,1.0,10.0,0.0,1.0,1.0,,0.0,1.0,15.0,1.0,0.0,0.0,1.0,0.0,1.0,0.0,0.0,1.0,10.0,0.0,1.0,0.0,0.0,1.0,1.0,1.0,0.0,1.0,,1.0,0.0,0.0,20.0,,10.0,10.0,10.0,1.0,0.0,-1.0,1.0,10.0,1.0,1.0,1.0,13.0,1.0,1.0,1.0,1.0,1.0,1.0,1.0,1.0,13.0,1.0,0.0,,1.0,0.0,0.0,1.0,1.0,1.0,12.0,13.0,-4.0,0.0,1.0,1.0,12.0,0.0,1.0,0.0,1.0,1.0,0.0,12.0,0.0,1.0,0.0,1.0,,0.0,0.0,1.0,0.0,0.0,2.0,0.0,0.5,0.0,1.0,,0.0,0.0,1.0,0.0,0.0,0.0,1.0,0.0,,1.0,0.0,0.0,0.0,0.0,1.0,0.0,0.0,0.0,2.0,0.0,1.0,0.5,0.0,0.0,0.0,0.0,,1.0,0.0,0.5,0.0,0.0,1.0,,1.0,1.0,0.0,1.0,0.0,1.0,1.0,0.0,,0.0,0.0,1.0
sbo_rich_v6_context_java,O0_canary_nopie_CWE121_Stack_Based_Buffer_Overflow__CWE805_char_alloca_memcpy_02__O0_canary_nopie,O0_canary_nopie_CWE121_Stack_Based_Buffer_Overflow__CWE805_char_alloca_memcpy_02__O0_canary_nopie.json,O0_canary_nopie_CWE121_Stack_Based_Buffer_Overflow__CWE805_char_alloca_memcpy_02__O0_canary_nopie,CWE121_Stack_Based_Buffer_Overflow__CWE805_char_alloca_memcpy_02,O0_canary_nopie,CWE121_Stack_Based_Buffer_Overflow__CWE805_char_alloca_memcpy_02_bad,CWE121_Stack_Based_Buffer_Overflow__CWE805_char_alloca_memcpy_02_bad,0x4011e6,1,bin_func_entry,100.0,199.0,275.0,91.66666666666669,99.5,112.0,99.0,275.0,1,1.0,1.0,29.0,0.5,91.66666666666669,64.0,112.0,99.0,49.5,22.0,20.0,40.0,20.0,42.0,-216.0,21.0,30.0,61.0,-648.0,14.0,112.0,99.0,,12.0,-120.0,88.0,1.0,3.0,0.0,176.0,0.0,49.5,0.0,12.0,,1.0,1.0,99.0,1.0,1.0,2.0,0.5,1.0,1.5,1.0,3.0,-49.5,2.0,-120.0,1.0,0.5,1.0,0.5,1.0,-99.0,78.0,2.0,0.0,0.5,1.0,36.0,49.5,3.0,1.0,0.0,3.0,99.0,-208.0,1.0,15.0,0.5,-264.0,,-528.0,1.0,1.0,1.0,-120.0,,1.0,6.0,6.0,15.5,0.0,2.0,0.0,6.0,9.0,31.0,,1.0,2.0,5.0,0.0,0.5,0.3333333333333333,4,0.5,4.0,2.0,1.0,1.75,1.0,2.0,1.0,1.0,,-120.0,2.0,1.0,0.5,1.0,2.0,1.0,1.0,2.0,1.0,0.3333333333333333,3.0,,1.0,1.0,1.5,0.5,0.5,0.5,0.0,1.0,0.0,0.5,0.0,1.0,0.5,0.0,3.5,0.0,0.5,3.0,1.0,5.0,1.0,2.0,0.5,2.0,4.0,4.0,1.0,4.0,0.0,0.3333333333333333,3.5,0.0,2.0,0.0,0.0,1.0,1.0,7.0,0.0,1.0,1.0,1.0,0.5,1.0,1.0,2.0,1.0,1.0,20.0,1.0,0.0,0.0,0.0,0.0,0.0,-0.75,2.0,1.0,0.0,1.0,0.0,-1.5,0.0,1.0,1.0,1.0,0.5,1.0,0.0,1.0,3.0,0.0,1.0,,0.0,1.0,1.0,0.0,0.0,1.0,0.0,0.0,0.0,0.0,1.0,0.0,0.0,1.0,0.0,0.0,0.0,0.0,0.0,1.0,0.0,0.0,0.0,0.0,0.0,0.0,0.0,0.0,0.0,,0.0,,0.0,0.0,0.0,0.0,0.0,1.0,0.0,1.0,0.0,0.0,0.0,,6.0,0.0,0.0,0.0,0.0,0.0,0.0,0.0,0.0,,0.0,1.0,0.0
sbo_rich_v6_context_java,O2_nocanary_nopie_CWE121_Stack_Based_Buffer_Overflow__CWE805_wchar_t_alloca_loop_04__O2_nocanary_nopie,O2_nocanary_nopie_CWE121_Stack_Based_Buffer_Overflow__CWE805_wchar_t_alloca_loop_04__O2_nocanary_nopie.json,O2_nocanary_nopie_CWE121_Stack_Based_Buffer_Overflow__CWE805_wchar_t_alloca_loop_04__O2_nocanary_nopie,CWE121_Stack_Based_Buffer_Overflow__CWE805_wchar_t_alloca_loop_04,O2_nocanary_nopie,CWE121_Stack_Based_Buffer_Overflow__CWE805_wchar_t_alloca_loop_04_bad,CWE121_Stack_Based_Buffer_Overflow__CWE805_wchar_t_alloca_loop_04_bad,0x4012a0,1,bin_func_entry,99.0,99.0,50.0,16.666666666666668,99.0,25.0,8.0,56.0,1,12.375,12.375,23.0,12.375,18.666666666666668,8.0,25.0,8.0,8.0,12.0,12.0,12.0,8.0,19.0,-488.0,12.0,8.0,25.0,-1464.0,4.0,0.0,8.0,,4.0,-416.0,,2.0,3.0,91.0,,91.0,8.0,0.0,8.0,,4.0,12.375,8.0,12.375,1.0,2.0,12.375,1.0,1.5,1.0,6.0,-8.0,1.0,-424.0,1.0,1.0,1.0,1.0,1.0,-8.0,11.0,1.0,-8.0,1.0,1.0,10.0,0.0,1.5,1.0,91.0,1.5,0.0,,1.0,6.0,1.0,,15.0,,1.0,1.0,1.0,-424.0,15.0,1.0,5.0,1.0,,0.0,1.0,91.0,2.0,19.5,,15.0,1.0,1.0,4.0,0.0,0.0,0.5,2,1.0,2.0,0.0,1.0,0.0,1.0,0.0,1.0,1.0,,-424.0,0.0,1.0,1.0,1.0,9.0,0.0,0.0,0.0,,0.5,3.0,15.0,1.0,1.0,0.0,0.0,0.0,0.0,0.0,1.0,1.0,9.0,0.0,1.0,1.0,0.0,0.0,1.0,0.0,0.0,0.0,1.0,0.0,0.0,1.0,14.0,3.0,9.0,9.0,9.0,1.0,0.5,-3.0,1.0,9.0,1.0,1.0,0.0,7.0,1.0,1.0,0.0,0.0,0.0,1.0,1.0,1.0,7.0,0.0,1.0,1.0,1.0,0.0,0.0,0.0,1.0,0.0,7.0,7.0,-4.0,0.0,0.0,0.0,7.0,0.0,0.0,1.0,0.0,0.0,0.0,7.0,1.0,1.0,0.0,0.0,,0.0,1.0,1.0,0.0,0.0,2.0,0.0,0.5,0.0,1.0,1.0,0.0,0.0,1.0,0.0,0.0,0.0,1.0,0.0,,1.0,0.0,0.0,0.0,0.0,1.0,0.0,0.0,0.0,1.0,1.0,1.0,0.0,0.0,0.0,0.0,0.0,1.0,0.0,1.0,0.5,0.0,0.0,,,1.0,0.0,0.0,0.0,0.0,1.0,1.0,1.0,,0.0,0.0,1.0
sbo_rich_v6_context_java,O0_canary_nopie_CWE121_Stack_Based_Buffer_Overflow__CWE805_int_alloca_memcpy_02__O0_canary_nopie,O0_canary_nopie_CWE121_Stack_Based_Buffer_Overflow__CWE805_int_alloca_memcpy_02__O0_canary_nopie.json,O0_canary_nopie_CWE121_Stack_Based_Buffer_Overflow__CWE805_int_alloca_memcpy_02__O0_canary_nopie,CWE121_Stack_Based_Buffer_Overflow__CWE805_int_alloca_memcpy_02,O0_canary_nopie,goodG2B1,goodG2B1,0x4012cc,0,bin_func_entry,400.0,400.0,363.0,121.0,400.0,208.0,104.0,363.0,1,3.8461538461538463,3.8461538461538463,31.0,3.8461538461538463,121.0,51.0,208.0,104.0,104.0,19.0,24.0,24.0,17.0,40.0,-717.3333333333334,24.0,26.0,56.0,-2152.0,11.0,208.0,0.0,,11.0,-424.0,121.0,1.0,3.0,0.0,363.0,0.0,0.0,0.0,9.0,1.0,1.0,0.0,0.0,0.0,1.0,2.0,0.0,1.0,4.0,0.0,3.0,0.0,1.0,,1.0,1.0,1.0,0.0,0.0,0.0,76.0,1.0,0.0,0.0,1.0,35.0,51.0,4.0,1.0,0.0,4.0,51.0,-424.0,0.0,16.0,1.0,-717.3333333333334,,-2152.0,1.0,1.0,1.0,,,1.0,5.0,6.0,17.0,0.0,1.0,0.0,6.0,14.5,51.0,,1.0,1.0,4.0,0.0,1.0,0.5,3,1.0,3.0,1.0,0.0,4.5,1.0,3.0,1.0,1.0,,,1.0,1.0,0.0,1.0,10.0,0.0,1.0,4.5,1.0,0.0,3.0,,1.0,0.0,6.0,1.0,0.0,1.0,0.0,0.0,1.0,4.0,0.0,0.0,0.0,0.0,4.5,0.0,1.0,6.0,1.0,4.0,1.0,6.0,0.0,0.0,5.0,10.0,4.0,10.0,0.0,0.0,6.5,1.0,4.0,0.0,0.0,1.0,0.0,10.0,1.0,1.0,1.0,1.0,0.0,0.0,0.0,0.0,1.0,0.0,20.0,,0.0,0.0,0.0,0.0,0.0,-4.5,0.0,7.0,0.0,1.0,0.0,-4.5,0.5,1.0,0.0,1.0,1.0,0.0,-4.5,0.0,3.0,0.0,1.0,,1.0,0.0,0.0,0.0,0.0,1.0,0.0,0.5,0.0,1.0,1.0,0.0,0.0,1.0,1.0,0.0,0.5,1.0,1.0,1.0,1.0,1.0,0.0,1.0,1.0,0.0,0.0,0.0,1.0,,1.0,,0.0,1.0,0.0,0.0,1.0,1.0,0.0,1.0,0.0,1.0,0.0,,6.0,0.0,0.0,0.0,0.0,0.0,0.0,0.0,0.0,,1.0,0.0,0.0
sbo_rich_v6_context_java,O0_nocanary_nopie_CWE121_Stack_Based_Buffer_Overflow__CWE805_char_alloca_loop_06__O0_nocanary_nopie,O0_nocanary_nopie_CWE121_Stack_Based_Buffer_Overflow__CWE805_char_alloca_loop_06__O0_nocanary_nopie.json,O0_nocanary_nopie_CWE121_Stack_Based_Buffer_Overflow__CWE805_char_alloca_loop_06__O0_nocanary_nopie,CWE121_Stack_Based_Buffer_Overflow__CWE805_char_alloca_loop_06,O0_nocanary_nopie,CWE121_Stack_Based_Buffer_Overflow__CWE805_char_alloca_loop_06_bad,CWE121_Stack_Based_Buffer_Overflow__CWE805_char_alloca_loop_06_bad,0x4011c6,1,bin_func_entry,99.0,99.0,280.0,93.33333333333331,99.0,112.0,112.0,280.0,1,0.8839285714285714,0.8839285714285714,24.0,0.8839285714285714,93.33333333333331,56.0,112.0,112.0,112.0,26.0,16.0,16.0,23.0,41.0,-226.66666666666663,16.0,29.0,64.0,-680.0,15.0,112.0,112.0,1.0,17.0,-152.0,84.0,1.0,3.0,-13.0,168.0,-13.0,112.0,0.0,12.0,1.0,1.0,0.8839285714285714,112.0,0.8839285714285714,1.0,2.0,0.8839285714285714,0.0,0.0,1.0,3.0,-112.0,1.0,-152.0,1.0,0.0,0.0,1.0,1.0,-112.0,84.0,1.0,-112.0,1.0,0.0,42.0,0.0,0.0,0.0,-13.0,0.0,0.0,-208.0,1.0,14.0,0.0,-264.0,,-528.0,1.0,1.0,1.0,-152.0,,0.0,9.0,5.0,12.5,0.0,1.0,0.0,7.0,7.5,25.0,,3.0,1.0,5.0,0.0,0.0,0.5,2,1.0,2.0,1.0,1.0,2.0,1.0,2.0,0.0,1.0,,-152.0,1.0,1.0,1.0,1.0,4.0,1.0,0.0,2.0,1.0,0.5,6.0,,1.0,1.0,2.0,0.0,1.0,0.0,0.0,1.0,0.0,2.0,0.0,1.0,1.0,0.0,2.0,0.0,0.0,2.0,0.0,8.0,0.0,2.0,1.0,2.0,4.0,4.0,2.0,4.0,0.0,0.5,2.0,0.0,2.0,0.0,0.0,0.0,2.0,8.0,0.0,0.0,0.0,0.0,1.0,1.0,1.0,2.0,0.0,1.0,21.0,1.0,0.0,0.0,0.0,1.0,0.0,0.0,2.0,1.0,1.0,0.0,0.0,0.0,0.0,0.0,1.0,0.0,0.0,1.0,0.0,1.0,2.0,0.0,0.0,,0.0,1.0,1.0,1.0,1.0,1.0,0.0,0.0,0.0,0.0,1.0,0.0,0.0,1.0,0.0,0.0,0.0,0.0,0.0,,0.0,0.0,0.0,0.0,0.0,0.0,0.0,0.0,0.0,,1.0,,0.0,0.0,0.0,0.0,0.0,,0.0,2.0,0.0,0.0,0.0,,6.0,0.0,0.0,0.0,0.0,0.0,0.0,0.0,2.0,1.0,0.0,0.0,0.0
sbo_rich_v6_context_java,O0_canary_nopie_CWE121_Stack_Based_Buffer_Overflow__CWE193_char_alloca_memmove_41__O0_canary_nopie,O0_canary_nopie_CWE121_Stack_Based_Buffer_Overflow__CWE193_char_alloca_memmove_41__O0_canary_nopie.json,O0_canary_nopie_CWE121_Stack_Based_Buffer_Overflow__CWE193_char_alloca_memmove_41__O0_canary_nopie,CWE121_Stack_Based_Buffer_Overflow__CWE193_char_alloca_memmove_41,O0_canary_nopie,CWE121_Stack_Based_Buffer_Overflow__CWE193_char_alloca_memmove_41_bad,CWE121_Stack_Based_Buffer_Overflow__CWE193_char_alloca_memmove_41_bad,0x40125c,1,bin_func_entry,0.0,,56.0,28.0,,32.0,,56.0,1,,,23.0,,28.0,24.0,32.0,,,16.0,,,15.0,30.0,-80.0,,20.0,46.0,-160.0,11.0,32.0,,,10.0,-64.0,28.0,1.0,2.0,,56.0,,,,8.0,,1.0,0.0,,,,0.0,,,,0.0,2.0,,0.0,,,,,,,,76.0,,,,,34.0,,0.0,,,,,-64.0,,13.0,,-80.0,,-160.0,1.0,,,,,,4.0,6.0,13.5,,0.0,0.0,6.0,0.0,27.0,,1.0,,3.0,,,0.0,2,,2.0,,0.0,,,2.0,,,,,,1.0,,,,0.0,0.0,,1.0,0.0,3.0,,,,,,,,0.0,0.0,,,0.0,,,,0.0,0.0,,0.0,,4.0,,,,0.0,4.0,,0.0,0.0,0.0,0.0,0.0,,0.0,,,,,7.0,,0.0,,,,,,0.0,,,20.0,,,,,,0.0,,,0.0,,,,,0.0,,,,,,,,3.0,,0.0,,,,,0.0,,1.0,,0.0,,,1.0,,,1.0,0.0,,0.0,,,1.0,0.0,,,,,0.0,,,,,0.0,,0.0,,,,,1.0,,1.0,0.0,,,,6.0,,0.0,,,,,,0.0,,,,
sbo_rich_v6_context_java,O0_canary_nopie_CWE121_Stack_Based_Buffer_Overflow__CWE806_char_alloca_loop_06__O0_canary_nopie,O0_canary_nopie_CWE121_Stack_Based_Buffer_Overflow__CWE806_char_alloca_loop_06__O0_canary_nopie.json,O0_canary_nopie_CWE121_Stack_Based_Buffer_Overflow__CWE806_char_alloca_loop_06__O0_canary_nopie,CWE121_Stack_Based_Buffer_Overflow__CWE806_char_alloca_loop_06,O0_canary_nopie,goodG2B1,goodG2B1,0x401305,0,bin_func_entry,49.0,49.0,152.0,76.0,24.5,104.0,104.0,152.0,1,0.4711538461538461,0.4711538461538461,81.0,0.235576923076923,76.0,48.0,104.0,104.0,52.0,36.0,44.5,89.0,31.0,48.0,-140.0,70.0,38.0,71.0,-280.0,25.0,104.0,0.0,2.0,24.0,-72.0,104.0,1.0,2.0,0.0,104.0,0.0,0.0,0.0,22.0,2.0,1.0,0.0,0.0,0.0,1.0,1.0,0.0,1.0,1.0,1.0,2.0,0.0,2.0,,1.0,0.5,1.0,1.0,1.0,0.0,53.0,1.0,0.0,0.5,1.0,32.0,0.0,2.0,1.0,0.0,2.0,0.0,-208.0,1.0,14.0,0.5,-208.0,,-208.0,1.0,1.0,0.5,,,1.0,15.0,4.0,17.0,0.0,2.0,0.0,6.0,9.0,17.0,,5.0,1.0,8.0,0.0,0.0,0.3333333333333333,4,0.5,5.0,1.0,2.0,0.0,1.0,1.0,0.0,1.0,,,0.0,1.0,0.5,1.0,2.0,0.0,0.0,0.0,1.0,0.3333333333333333,9.0,,1.0,1.0,1.0,0.0,0.0,0.0,0.0,1.0,0.0,1.0,0.0,0.0,0.0,0.5,0.0,0.0,0.0,2.0,0.0,6.0,0.0,2.0,0.0,0.0,2.0,4.0,2.0,4.0,0.0,0.0,0.0,0.0,2.0,0.0,0.0,0.0,0.0,6.0,0.0,0.0,0.0,0.0,0.0,0.0,0.0,0.0,0.0,0.0,10.0,,0.0,1.0,0.0,0.0,0.0,0.0,0.0,0.0,0.5,0.0,0.0,0.0,0.0,0.0,0.0,0.0,0.0,0.0,0.0,0.0,2.0,1.0,0.0,,0.0,0.0,0.0,1.0,1.0,1.0,0.0,0.0,0.0,0.0,1.0,1.0,0.0,1.0,0.0,0.5,0.0,0.0,0.5,2.0,0.0,0.0,0.0,0.0,1.0,0.0,0.0,0.0,0.0,,1.0,,0.0,0.0,0.0,0.0,1.0,1.0,0.0,3.0,0.0,0.0,0.0,,3.0,0.0,0.0,0.0,0.0,0.0,0.0,0.0,2.0,,0.0,0.0,0.0
sbo_rich_v6_context_java,O0_canary_nopie_CWE121_Stack_Based_Buffer_Overflow__CWE805_struct_alloca_memmove_07__O0_canary_nopie,O0_canary_nopie_CWE121_Stack_Based_Buffer_Overflow__CWE805_struct_alloca_memmove_07__O0_canary_nopie.json,O0_canary_nopie_CWE121_Stack_Based_Buffer_Overflow__CWE805_struct_alloca_memmove_07__O0_canary_nopie,CWE121_Stack_Based_Buffer_Overflow__CWE805_struct_alloca_memmove_07,O0_canary_nopie,goodG2B2,goodG2B2,0x40143a,0,bin_func_entry,800.0,800.0,1426.0,475.3333333333333,800.0,816.0,0.0,1426.0,1,0.0,0.0,31.0,0.0,475.3333333333333,202.0,816.0,0.0,0.0,27.0,24.0,24.0,23.0,41.0,-1389.3333333333333,24.0,28.0,62.0,-4168.0,16.0,816.0,0.0,1.0,19.0,-824.0,612.0,1.0,3.0,0.0,1224.0,0.0,0.0,0.0,12.0,1.0,1.0,0.0,0.0,0.0,0.0,1.0,0.0,1.0,5.0,0.0,3.0,0.0,1.0,,0.0,1.0,1.0,0.0,0.0,0.0,82.0,1.0,0.0,0.0,1.0,40.0,202.0,5.0,1.0,0.0,5.0,202.0,-1264.0,0.0,16.0,1.0,-1672.0,,-3344.0,1.0,1.0,1.0,,,1.0,12.0,6.0,15.5,0.0,0.0,0.0,8.0,-4.0,31.0,,4.0,1.0,6.0,0.0,1.0,0.0,3,0.0,3.0,1.0,0.0,5.5,0.0,2.0,1.0,0.0,,,1.0,1.0,0.0,0.0,0.0,0.0,0.0,5.5,1.0,0.0,8.0,,0.0,0.0,7.0,1.0,0.0,1.0,0.0,0.0,0.0,-7.0,0.0,0.0,0.0,0.0,5.5,0.0,1.0,7.0,1.0,5.0,1.0,7.0,0.0,0.0,6.0,0.0,-7.0,0.0,0.0,0.0,7.5,0.0,-7.0,0.0,0.0,1.0,0.0,8.0,0.0,1.0,1.0,1.0,0.0,0.0,0.0,0.0,1.0,0.0,21.0,,0.0,0.0,0.0,0.0,0.0,-5.5,0.0,12.0,0.0,1.0,0.0,-5.5,0.5,1.0,0.0,1.0,1.0,0.0,-5.5,0.0,3.0,0.0,1.0,,1.0,0.0,0.0,0.0,0.0,1.0,0.0,0.0,0.0,0.0,1.0,0.0,0.0,1.0,1.0,0.0,0.5,0.0,0.0,1.0,0.0,1.0,0.0,1.0,0.0,0.0,0.0,0.0,1.0,,1.0,,0.0,1.0,0.0,0.0,0.0,1.0,0.0,3.0,0.0,1.0,0.0,,6.0,0.0,0.0,0.0,0.0,0.0,0.0,0.0,2.0,1.0,1.0,0.0,0.0
sbo_rich_v6_context_java,O0_canary_nopie_CWE121_Stack_Based_Buffer_Overflow__CWE193_char_declare_memcpy_52a__O0_canary_nopie,O0_canary_nopie_CWE121_Stack_Based_Buffer_Overflow__CWE193_char_declare_memcpy_52a__O0_canary_nopie.json,O0_canary_nopie_CWE121_Stack_Based_Buffer_Overflow__CWE193_char_declare_memcpy_52a__O0_canary_nopie,CWE121_Stack_Based_Buffer_Overflow__CWE193_char_declare_memcpy_52a,O0_canary_nopie,CWE121_Stack_Based_Buffer_Overflow__CWE193_char_declare_memcpy_52b_badSink,CWE121_Stack_Based_Buffer_Overflow__CWE193_char_declare_memcpy_52b_badSink,0x401327,1,bin_func_entry,0.0,,,,,,,0.0,1,,,14.0,,,0.0,0.0,,,8.0,,,7.0,11.0,,,7.0,17.0,,5.0,0.0,,,8.0,,,,0.0,,,,,,5.0,,,0.0,,,,0.0,,,,0.0,,,0.0,,,,,,,,6.0,,,,,6.0,,0.0,,,,,,,5.0,,,,,1.0,,,,,,4.0,2.0,,,0.0,0.0,2.0,0.0,,,1.0,,3.0,,,0.0,2,,2.0,,0.0,,,0.0,,,,,,1.0,,,,0.0,0.0,,,0.0,3.0,,,,,,,,0.0,0.0,,,0.0,,,,0.0,0.0,,0.0,,,,,,0.0,,,0.0,0.0,0.0,0.0,0.0,,0.0,,,,,1.0,,0.0,,,,,,0.0,,,,,,,,,0.0,,,0.0,,,,,0.0,,,,,,,,1.0,,0.0,,,,,0.0,,1.0,,0.0,,,1.0,,,1.0,0.0,,0.0,,,1.0,0.0,,,,,0.0,,,,,0.0,,0.0,,,,,1.0,,1.0,0.0,,,,,,0.0,,,,,,0.0,,,,
sbo_rich_v6_context_java,O0_canary_nopie_CWE121_Stack_Based_Buffer_Overflow__src_wchar_t_alloca_cpy_21__O0_canary_nopie,O0_canary_nopie_CWE121_Stack_Based_Buffer_Overflow__src_wchar_t_alloca_cpy_21__O0_canary_nopie.json,O0_canary_nopie_CWE121_Stack_Based_Buffer_Overflow__src_wchar_t_alloca_cpy_21__O0_canary_nopie,CWE121_Stack_Based_Buffer_Overflow__src_wchar_t_alloca_cpy_21,O0_canary_nopie,CWE121_Stack_Based_Buffer_Overflow__src_wchar_t_alloca_cpy_21_good,CWE121_Stack_Based_Buffer_Overflow__src_wchar_t_alloca_cpy_21_good,0x401813,0,bin_func_entry,0.0,,,,,,,0.0,1,,,15.0,,,0.0,0.0,,,6.0,,,5.0,8.0,,,4.0,15.0,,3.0,0.0,,,7.0,,,,0.0,,,,,,5.0,,,0.0,,,,0.0,,,,0.0,,,0.0,,,,,,,,6.0,,,,,6.0,,0.0,,,,,,,6.0,,,,,1.0,,,,,,5.0,2.0,,,0.0,0.0,2.0,0.0,,,1.0,,4.0,,,0.0,3,,3.0,,0.0,,,0.0,,,,,,1.0,,,,0.0,0.0,,,0.0,3.0,,,,,,,,0.0,0.0,,,0.0,,,,0.0,0.0,,0.0,,,,,,0.0,,,0.0,0.0,0.0,0.0,0.0,,0.0,,,,,1.0,,0.0,,,,,,0.0,,,,,,,,,0.0,,,0.0,,,,,0.0,,,,,,,,1.0,,0.0,,,,,0.0,,1.0,,0.0,,,1.0,,,1.0,0.0,,0.0,,,1.0,0.0,,,,,0.0,,,,,0.0,,0.0,,,,,1.0,,1.0,0.0,,,,,,0.0,,,,,,0.0,,,,
sbo_rich_v6_context_java,O0_canary_nopie_CWE121_Stack_Based_Buffer_Overflow__CWE806_char_declare_ncat_06__O0_canary_nopie,O0_canary_nopie_CWE121_Stack_Based_Buffer_Overflow__CWE806_char_declare_ncat_06__O0_canary_nopie.json,O0_canary_nopie_CWE121_Stack_Based_Buffer_Overflow__CWE806_char_declare_ncat_06__O0_canary_nopie,CWE121_Stack_Based_Buffer_Overflow__CWE806_char_declare_ncat_06,O0_canary_nopie,goodG2B2,goodG2B2,0x4013e8,0,bin_func_entry,49.0,49.0,97.0,48.5,16.333333333333332,49.0,97.0,97.0,1,1.0,1.0,73.0,0.3333333333333333,48.5,48.0,49.0,49.0,32.333333333333336,23.0,47.333333333333336,142.0,21.0,35.0,-152.0,65.0,28.0,46.0,-304.0,17.0,0.0,97.0,,12.0,-120.0,,1.0,2.0,-48.0,,-16.0,32.333333333333336,0.3333333333333333,17.0,,1.0,1.0,49.0,1.0,1.0,2.0,0.3333333333333333,1.0,2.833333333333333,1.0,2.0,-16.0,3.0,-304.0,1.0,0.6666666666666666,2.0,0.6666666666666666,1.0,-48.0,10.0,2.0,1.0,0.3333333333333333,1.0,10.0,16.333333333333332,7.0,2.0,0.0,8.5,49.0,,1.0,9.0,0.6666666666666666,,,,1.0,1.0,0.3333333333333333,-152.0,,2.0,10.0,2.0,,1.0,3.0,0.0,3.0,8.0,,,2.0,1.0,7.0,1.0,0.3333333333333333,0.5,5,0.6666666666666666,5.0,2.0,2.0,2.333333333333333,1.0,0.0,1.0,2.0,,-120.0,2.0,1.0,0.3333333333333333,1.0,1.8333333333333333,1.0,1.0,5.0,,0.25,5.0,,2.0,1.0,3.0,0.3333333333333333,0.3333333333333333,0.3333333333333333,0.0,1.0,0.0,-1.1666666666666667,0.0,2.0,0.3333333333333333,0.6666666666666666,7.0,0.0,0.3333333333333333,9.0,1.0,1.0,1.0,7.0,0.3333333333333333,9.0,,4.0,-3.5,5.5,1.0,0.25,7.0,0.0,2.0,0.3333333333333333,1.0,1.0,1.6666666666666667,1.0,0.0,1.0,1.0,0.0,0.6666666666666666,2.0,1.0,5.0,1.0,1.0,1.0,2.0,0.0,1.0,0.3333333333333333,1.0,1.0,-0.6666666666666666,3.0,11.0,0.0,1.0,1.0,-2.0,0.25,1.0,1.0,1.0,0.0,1.0,0.0,1.0,1.0,2.0,0.0,,0.3333333333333333,1.0,1.0,0.0,0.0,1.0,0.0,0.0,0.0,0.0,1.0,1.0,0.3333333333333333,1.0,1.0,0.3333333333333333,0.25,0.0,0.0,1.0,0.0,1.0,0.0,0.3333333333333333,0.0,0.0,0.0,1.0,1.0,,0.0,,0.25,1.0,0.0,0.0,0.0,1.0,1.0,2.0,0.0,0.3333333333333333,1.0,,,0.0,1.0,1.0,0.3333333333333333,0.3333333333333333,0.0,0.0,1.0,,1.0,1.0,0.0
sbo_rich_v6_context_java,O0_canary_nopie_CWE121_Stack_Based_Buffer_Overflow__src_wchar_t_alloca_cpy_45__O0_canary_nopie,O0_canary_nopie_CWE121_Stack_Based_Buffer_Overflow__src_wchar_t_alloca_cpy_45__O0_canary_nopie.json,O0_canary_nopie_CWE121_Stack_Based_Buffer_Overflow__src_wchar_t_alloca_cpy_45__O0_canary_nopie,CWE121_Stack_Based_Buffer_Overflow__src_wchar_t_alloca_cpy_45,O0_canary_nopie,goodG2BSink,goodG2BSink,0x4013d5,0,bin_func_entry,0.0,0.0,50.0,50.0,0.0,50.0,200.0,200.0,1,0.0,0.0,68.0,0.0,200.0,200.0,200.0,200.0,200.0,35.0,61.0,61.0,34.0,41.0,-216.0,61.0,36.0,48.0,-216.0,31.0,0.0,200.0,,9.0,-216.0,,4.0,1.0,-200.0,,-200.0,200.0,0.0,31.0,,4.0,0.0,200.0,0.0,1.0,1.0,0.0,1.0,1.5,0.0,4.0,-200.0,1.0,-216.0,1.0,1.0,1.0,1.0,1.0,-200.0,6.0,1.0,-200.0,0.0,1.0,6.0,0.0,1.5,1.0,-200.0,1.5,0.0,,0.0,6.0,1.0,,,,1.0,0.0,0.0,-216.0,,1.0,5.0,2.0,,0.0,1.0,0.0,2.0,23.5,,,1.0,0.0,4.0,0.0,0.0,0.5,3,1.0,3.0,0.0,1.0,0.0,1.0,0.0,1.0,1.0,,-216.0,0.0,1.0,1.0,0.0,17.0,0.0,1.0,0.0,,0.5,3.0,,1.0,1.0,0.0,0.0,0.0,0.0,0.0,1.0,0.0,17.0,0.0,1.0,1.0,1.0,0.0,0.0,0.0,0.0,0.0,,0.0,0.0,0.0,20.0,,17.0,17.0,17.0,0.0,0.5,-2.0,0.0,17.0,0.0,0.0,0.0,15.0,1.0,0.0,0.0,0.0,1.0,1.0,1.0,1.0,15.0,0.0,1.0,,1.0,0.0,1.0,0.0,1.0,0.0,15.0,15.0,-1.0,0.0,0.0,0.0,15.0,0.0,0.0,0.0,0.0,1.0,0.0,15.0,1.0,1.0,1.0,1.0,,0.0,0.0,0.0,0.0,0.0,1.0,0.0,0.5,0.0,1.0,1.0,0.0,0.0,1.0,0.0,0.0,0.0,1.0,0.0,1.0,1.0,0.0,0.0,0.0,0.0,0.0,0.0,0.0,0.0,,0.0,,0.5,0.0,0.0,0.0,0.0,1.0,1.0,1.0,0.5,0.0,0.0,,,0.0,1.0,0.0,1.0,0.0,0.0,1.0,0.0,,0.0,0.0,1.0
sbo_rich_v6_context_java,O0_canary_nopie_CWE121_Stack_Based_Buffer_Overflow__CWE806_char_alloca_ncpy_45__O0_canary_nopie,O0_canary_nopie_CWE121_Stack_Based_Buffer_Overflow__CWE806_char_alloca_ncpy_45__O0_canary_nopie.json,O0_canary_nopie_CWE121_Stack_Based_Buffer_Overflow__CWE806_char_alloca_ncpy_45__O0_canary_nopie,CWE121_Stack_Based_Buffer_Overflow__CWE806_char_alloca_ncpy_45,O0_canary_nopie,goodG2BSink,goodG2BSink,0x401332,0,bin_func_entry,0.0,0.0,48.0,48.0,0.0,48.0,48.0,48.0,1,0.0,0.0,71.0,0.0,48.0,48.0,48.0,48.0,24.0,19.0,62.5,125.0,18.0,27.0,-72.0,63.0,22.0,35.0,-72.0,15.0,0.0,48.0,,10.0,-72.0,,1.0,1.0,-48.0,,-24.0,24.0,0.5,15.0,,1.0,0.0,48.0,0.0,1.0,1.0,0.0,1.0,2.0,0.0,1.0,-24.0,2.0,-72.0,1.0,0.5,1.0,1.0,1.0,-48.0,6.0,1.0,0.0,0.0,1.0,6.0,0.0,4.0,1.0,0.0,4.0,0.0,,0.0,7.0,0.5,,,,1.0,0.0,0.0,-72.0,,1.0,6.0,2.0,,1.0,2.0,0.0,2.0,4.5,,,1.0,0.0,5.0,1.0,0.0,0.3333333333333333,4,0.5,4.0,1.0,2.0,2.0,1.0,0.0,1.0,1.0,,-72.0,1.0,1.0,0.5,0.0,1.75,0.0,1.0,4.0,,0.3333333333333333,3.0,,1.0,1.0,3.5,0.0,0.0,0.0,0.0,1.0,0.0,-1.75,0.0,1.0,0.5,1.0,4.0,0.0,0.5,7.0,0.0,,0.0,7.0,0.0,2.0,,3.5,-3.5,3.5,0.0,0.3333333333333333,7.0,0.0,0.0,0.0,0.0,0.0,1.0,1.0,0.0,0.0,1.0,0.0,0.5,1.0,1.0,2.0,1.0,1.0,,1.0,0.0,1.0,0.0,1.0,0.0,-1.0,2.0,10.0,0.0,0.0,0.0,-2.0,0.3333333333333333,0.0,0.0,0.0,0.0,0.0,0.0,1.0,1.0,2.0,0.0,,0.5,0.0,0.0,0.0,0.0,1.0,0.0,0.0,0.0,0.0,1.0,1.0,0.5,1.0,1.0,0.5,0.3333333333333333,0.0,0.0,1.0,0.0,1.0,0.0,0.5,0.0,0.0,0.0,1.0,1.0,,0.0,,0.3333333333333333,1.0,0.0,0.0,0.0,1.0,1.0,1.0,0.0,0.5,1.0,,,0.0,1.0,0.0,0.5,0.0,0.0,0.0,0.0,,1.0,0.0,0.0
sbo_rich_v6_context_java,O0_nocanary_nopie_CWE121_Stack_Based_Buffer_Overflow__CWE805_wchar_t_declare_memcpy_06__O0_nocanary_nopie,O0_nocanary_nopie_CWE121_Stack_Based_Buffer_Overflow__CWE805_wchar_t_declare_memcpy_06__O0_nocanary_nopie.json,O0_nocanary_nopie_CWE121_Stack_Based_Buffer_Overflow__CWE805_wchar_t_declare_memcpy_06__O0_nocanary_nopie,CWE121_Stack_Based_Buffer_Overflow__CWE805_wchar_t_declare_memcpy_06,O0_nocanary_nopie,goodG2B1,goodG2B1,0x40125d,0,bin_func_entry,400.0,499.0,249.0,124.5,249.5,150.0,546.0,546.0,1,2.6666666666666665,2.9166666666666665,19.0,1.4583333333333333,273.0,150.0,396.0,396.0,273.0,12.0,14.0,28.0,12.0,24.0,-816.0,15.0,18.0,34.0,-1632.0,7.0,150.0,396.0,1.0,6.0,-616.0,150.0,2.5,2.0,-297.0,150.0,-148.5,198.0,0.5,9.0,1.0,4.0,0.25,396.0,0.25,1.0,3.0,0.125,1.0,2.75,1.0,5.0,-198.0,2.0,-1016.0,1.0,1.0,2.0,0.5,1.0,-396.0,6.0,2.0,0.0,0.5,1.0,6.0,198.0,3.0,2.0,0.0,5.5,396.0,-616.0,1.0,7.0,1.0,-616.0,,-616.0,1.0,1.0,1.0,-1016.0,,2.0,8.0,1.0,11.0,1.0,2.0,0.0,2.0,26.0,11.0,,2.0,2.0,6.0,1.0,0.5,0.6666666666666666,4,1.0,4.0,1.0,1.0,1.75,1.0,1.0,1.0,2.0,,-1016.0,2.0,1.0,0.5,2.0,7.0,1.0,1.0,2.0,1.0,0.3333333333333333,4.0,,2.0,1.0,1.0,0.5,0.5,0.5,0.0,1.0,1.0,6.0,0.0,1.0,0.5,0.0,3.5,0.0,0.5,2.0,1.0,1.0,1.0,2.0,0.5,2.0,,10.0,12.0,14.0,0.0,0.3333333333333333,3.5,1.0,10.0,0.0,0.0,1.0,1.0,,0.5,1.0,1.0,1.0,0.5,1.0,1.0,2.0,1.0,1.0,,1.0,0.0,0.0,0.0,1.0,0.0,-0.75,2.0,-3.0,0.5,1.0,0.0,-1.5,0.0,1.0,1.0,1.0,0.5,1.0,0.0,1.0,,0.0,1.0,,0.0,1.0,1.0,1.0,1.0,1.0,0.0,0.3333333333333333,0.0,0.5,1.0,0.0,0.0,1.0,0.0,0.0,0.0,1.0,0.5,1.0,1.0,0.0,0.0,0.0,1.0,0.0,0.0,0.0,0.0,,0.0,,0.0,0.0,0.0,0.0,1.0,,0.0,1.0,0.0,0.0,0.0,,,0.0,0.0,0.0,0.0,0.0,0.0,0.0,1.0,,0.0,0.0,0.0
sbo_rich_v6_context_java,O0_nocanary_nopie_CWE121_Stack_Based_Buffer_Overflow__CWE805_int64_t_declare_memmove_10__O0_nocanary_nopie,O0_nocanary_nopie_CWE121_Stack_Based_Buffer_Overflow__CWE805_int64_t_declare_memmove_10__O0_nocanary_nopie.json,O0_nocanary_nopie_CWE121_Stack_Based_Buffer_Overflow__CWE805_int64_t_declare_memmove_10__O0_nocanary_nopie,CWE121_Stack_Based_Buffer_Overflow__CWE805_int64_t_declare_memmove_10,O0_nocanary_nopie,CWE121_Stack_Based_Buffer_Overflow__CWE805_int64_t_declare_memmove_10_bad,CWE121_Stack_Based_Buffer_Overflow__CWE805_int64_t_declare_memmove_10_bad,0x4011c6,1,bin_func_entry,800.0,800.0,251.0,125.5,800.0,200.0,51.0,251.0,1,15.68627450980392,15.68627450980392,21.0,15.68627450980392,125.5,51.0,200.0,51.0,51.0,9.0,18.0,18.0,9.0,22.0,-1224.0,18.0,13.0,26.0,-2448.0,4.0,200.0,0.0,,5.0,-424.0,125.5,1.0,2.0,0.0,251.0,0.0,0.0,0.0,5.0,1.0,1.0,0.0,0.0,0.0,0.0,3.0,0.0,1.0,5.0,0.0,2.0,0.0,1.0,,0.0,1.0,1.0,0.0,0.0,0.0,5.0,1.0,0.0,0.0,1.0,5.0,200.0,5.0,1.0,0.0,5.0,200.0,-424.0,0.0,6.0,1.0,-1224.0,,-2448.0,1.0,1.0,1.0,,,1.0,5.0,1.0,12.0,0.0,0.0,0.0,1.0,11.0,24.0,,1.0,1.0,4.0,0.0,1.0,0.5,2,1.0,2.0,1.0,0.0,5.5,1.0,2.0,1.0,1.0,,,1.0,1.0,0.0,1.0,8.0,0.0,0.0,5.5,1.0,0.0,3.0,,1.0,0.0,6.0,1.0,0.0,1.0,0.0,0.0,1.0,2.0,0.0,0.0,0.0,0.0,5.5,0.0,1.0,6.0,1.0,,1.0,6.0,0.0,0.0,1.0,8.0,2.0,8.0,0.0,0.0,7.5,1.0,2.0,0.0,0.0,1.0,0.0,2.0,1.0,1.0,1.0,1.0,0.0,0.0,0.0,0.0,1.0,0.0,,,0.0,0.0,0.0,0.0,0.0,-5.5,0.0,8.0,0.0,1.0,0.0,-5.5,0.5,1.0,0.0,1.0,1.0,0.0,-5.5,0.0,,0.0,1.0,,1.0,0.0,0.0,0.0,0.0,1.0,0.0,0.5,0.0,1.0,1.0,0.0,0.0,1.0,1.0,0.0,0.5,1.0,1.0,1.0,1.0,1.0,0.0,1.0,1.0,0.0,0.0,0.0,1.0,,1.0,,0.0,1.0,0.0,0.0,1.0,,0.0,1.0,0.0,1.0,0.0,,,0.0,0.0,0.0,0.0,0.0,0.0,0.0,1.0,,1.0,0.0,0.0
sbo_rich_v6_context_java,O0_canary_nopie_CWE121_Stack_Based_Buffer_Overflow__CWE805_int_declare_memcpy_06__O0_canary_nopie,O0_canary_nopie_CWE121_Stack_Based_Buffer_Overflow__CWE805_int_declare_memcpy_06__O0_canary_nopie.json,O0_canary_nopie_CWE121_Stack_Based_Buffer_Overflow__CWE805_int_declare_memcpy_06__O0_canary_nopie,CWE121_Stack_Based_Buffer_Overflow__CWE805_int_declare_memcpy_06,O0_canary_nopie,CWE121_Stack_Based_Buffer_Overflow__CWE805_int_declare_memcpy_06_bad,CWE121_Stack_Based_Buffer_Overflow__CWE805_int_declare_memcpy_06_bad,0x4011d6,1,bin_func_entry,400.0,400.0,103.0,51.5,400.0,52.0,52.0,103.0,1,7.6923076923076925,7.6923076923076925,24.0,7.6923076923076925,51.5,51.0,52.0,52.0,52.0,13.0,17.0,17.0,11.0,26.0,-528.0,17.0,16.0,33.0,-1056.0,6.0,51.0,52.0,,10.0,-424.0,51.0,1.0,2.0,348.0,51.0,348.0,52.0,0.0,7.0,1.0,1.0,7.6923076923076925,52.0,7.6923076923076925,1.0,3.0,7.6923076923076925,1.0,2.5,0.0,2.0,-1.0,1.0,-632.0,1.0,1.0,1.0,0.0,0.0,-1.0,8.0,1.0,-1.0,0.0,0.0,9.0,51.0,2.5,1.0,348.0,2.5,51.0,-424.0,0.0,9.0,0.0,-424.0,,-424.0,1.0,1.0,1.0,-632.0,,0.0,8.0,2.0,12.0,0.0,1.0,348.0,3.0,18.5,12.0,,2.0,1.0,5.0,0.0,1.0,0.5,3,1.0,3.0,0.0,0.0,1.0,1.0,1.0,1.0,1.0,,-632.0,1.0,1.0,0.0,1.0,10.0,1.0,1.0,1.0,1.0,0.0,5.0,,1.0,0.0,0.0,1.0,1.0,1.0,0.0,0.0,1.0,10.0,0.0,1.0,0.0,0.0,1.0,0.0,1.0,0.0,1.0,,1.0,0.0,0.0,17.0,1.0,10.0,10.0,10.0,1.0,0.0,-1.0,1.0,10.0,1.0,1.0,1.0,10.0,4.0,1.0,1.0,1.0,1.0,1.0,1.0,1.0,10.0,1.0,0.0,1.0,1.0,0.0,0.0,0.0,1.0,0.0,9.0,10.0,-4.0,0.0,1.0,0.0,9.0,0.0,1.0,0.0,1.0,1.0,1.0,9.0,0.0,1.0,0.0,1.0,,0.0,0.0,1.0,0.0,0.0,1.0,0.0,0.5,0.0,1.0,1.0,0.0,0.0,1.0,0.0,0.0,0.0,1.0,0.0,1.0,1.0,0.0,0.0,0.0,0.0,1.0,0.0,0.0,0.0,,1.0,,0.5,0.0,0.0,0.0,0.0,1.0,1.0,2.0,0.5,0.0,0.0,,,1.0,1.0,0.0,1.0,0.0,1.0,1.0,1.0,,0.0,0.0,1.0
sbo_rich_v6_context_java,O0_canary_nopie_CWE121_Stack_Based_Buffer_Overflow__src_wchar_t_alloca_cpy_21__O0_canary_nopie,O0_canary_nopie_CWE121_Stack_Based_Buffer_Overflow__src_wchar_t_alloca_cpy_21__O0_canary_nopie.json,O0_canary_nopie_CWE121_Stack_Based_Buffer_Overflow__src_wchar_t_alloca_cpy_21__O0_canary_nopie,CWE121_Stack_Based_Buffer_Overflow__src_wchar_t_alloca_cpy_21,O0_canary_nopie,badSource,badSource,0x4011e6,1,bin_func_entry,99.0,99.0,,,99.0,,0.0,0.0,1,0.0,0.0,17.0,0.0,,0.0,0.0,0.0,0.0,11.0,9.0,9.0,9.0,19.0,,9.0,13.0,25.0,,7.0,0.0,0.0,,10.0,,,,0.0,0.0,,0.0,0.0,0.0,6.0,,,0.0,0.0,0.0,0.0,0.0,0.0,1.0,3.5,1.0,,0.0,1.0,,0.0,1.0,1.0,1.0,1.0,0.0,11.0,0.0,0.0,1.0,1.0,10.0,0.0,3.5,1.0,0.0,3.5,0.0,,1.0,5.0,1.0,,,,1.0,1.0,1.0,,,1.0,7.0,2.0,,0.0,0.0,0.0,2.0,0.0,,,2.0,1.0,4.0,0.0,0.0,0.0,2,0.0,2.0,0.0,1.0,0.0,0.0,0.0,0.0,0.0,,,0.0,1.0,0.0,0.0,0.0,0.0,0.0,0.0,,0.0,5.0,,0.0,0.0,0.0,0.0,0.0,0.0,0.0,0.0,0.0,0.0,0.0,0.0,0.0,0.0,0.0,0.0,0.0,0.0,0.0,1.0,0.0,0.0,0.0,0.0,,0.0,0.0,0.0,0.0,0.0,0.0,0.0,0.0,0.0,0.0,0.0,0.0,2.0,0.0,0.0,0.0,0.0,0.0,0.0,0.0,0.0,0.0,0.0,,,0.0,0.0,0.0,0.0,0.0,0.0,0.0,0.0,0.0,0.0,0.0,0.0,0.0,0.0,0.0,0.0,0.0,0.0,0.0,0.0,1.0,0.0,0.0,,0.0,0.0,0.0,0.0,0.0,1.0,0.0,0.0,0.0,0.0,,0.0,0.0,1.0,0.0,0.0,0.0,0.0,0.0,2.0,0.0,0.0,0.0,0.0,0.0,0.0,0.0,0.0,0.0,,0.0,,0.0,0.0,0.0,0.0,0.0,1.0,0.0,2.0,0.0,0.0,0.0,,,0.0,0.0,0.0,0.0,0.0,0.0,0.0,1.0,,0.0,0.0,0.0
sbo_rich_v6_context_java,O0_nocanary_nopie_CWE121_Stack_Based_Buffer_Overflow__char_type_overrun_memcpy_13__O0_nocanary_nopie,O0_nocanary_nopie_CWE121_Stack_Based_Buffer_Overflow__char_type_overrun_memcpy_13__O0_nocanary_nopie.json,O0_nocanary_nopie_CWE121_Stack_Based_Buffer_Overflow__char_type_overrun_memcpy_13__O0_nocanary_nopie,CWE121_Stack_Based_Buffer_Overflow__char_type_overrun_memcpy_13,O0_nocanary_nopie,good1,good1,0x4017a0,0,bin_func_entry,0.0,,,,,,,0.0,0,,,5.0,,,0.0,0.0,,,2.0,,,3.0,4.0,,,1.0,5.0,,1.0,0.0,,,2.0,,,,0.0,,,,,,1.0,,,0.0,,,,0.0,,,,0.0,,,0.0,,,,,,,,,,,,,,,0.0,,,,,,,1.0,,,,,,,,,,,0.0,,,,0.0,0.0,,0.0,,,0.0,,1.0,,,0.0,0,,0.0,,0.0,,,0.0,,,,,,1.0,,,,0.0,0.0,,,0.0,1.0,,,,,,,,0.0,0.0,,,0.0,,,,0.0,0.0,,0.0,,,,,,0.0,,,0.0,0.0,0.0,0.0,0.0,,0.0,,,,,,,0.0,,,,,,0.0,,,,,,,,,0.0,,,0.0,,,,,0.0,,,,,,,,,,0.0,1.0,,,,0.0,,1.0,,0.0,,,1.0,,,1.0,0.0,,0.0,,,,0.0,,,,,0.0,,,,,0.0,,0.0,,,,,,,0.0,0.0,,,,,,0.0,,,,,,0.0,,,,
sbo_rich_v6_context_java,O2_nocanary_nopie_CWE121_Stack_Based_Buffer_Overflow__CWE135_54a__O2_nocanary_nopie,O2_nocanary_nopie_CWE121_Stack_Based_Buffer_Overflow__CWE135_54a__O2_nocanary_nopie.json,O2_nocanary_nopie_CWE121_Stack_Based_Buffer_Overflow__CWE135_54a__O2_nocanary_nopie,CWE121_Stack_Based_Buffer_Overflow__CWE135_54a,O2_nocanary_nopie,CWE121_Stack_Based_Buffer_Overflow__CWE135_54e_badSink,CWE121_Stack_Based_Buffer_Overflow__CWE135_54e_badSink,0x401310,1,bin_func_entry,0.0,0.0,,,0.0,,0.0,0.0,0,0.0,0.0,16.0,0.0,,0.0,0.0,0.0,0.0,7.0,10.5,21.0,6.0,21.0,,12.0,5.0,21.0,,1.0,0.0,0.0,,4.0,,,,0.0,0.0,,0.0,0.0,0.0,6.0,,,0.0,0.0,0.0,1.0,3.0,0.0,1.0,1.75,0.0,,0.0,2.0,,1.0,0.5,2.0,1.0,1.0,0.0,8.0,1.0,0.0,0.0,0.0,6.0,0.0,3.0,1.0,0.0,3.5,0.0,,0.0,7.0,0.0,,15.0,,,0.0,0.0,,15.0,0.0,3.0,1.0,,0.0,2.0,0.0,1.0,3.0,,15.0,0.0,0.0,4.0,0.0,0.5,0.0,3,0.0,3.0,1.0,2.0,0.75,0.0,0.0,1.0,0.0,,,1.0,1.0,0.0,0.0,0.0,0.0,1.0,1.5,,0.0,1.0,15.0,0.0,0.0,0.5,0.0,0.0,0.0,0.0,0.0,0.0,-0.5,0.0,0.0,0.0,1.0,1.5,1.0,0.0,1.0,1.0,,0.0,1.0,0.0,0.0,1.0,0.0,-1.0,0.0,0.0,0.0,1.5,0.0,0.0,0.0,0.0,1.0,0.0,,0.0,0.0,0.0,1.0,0.0,0.0,0.0,0.0,0.0,0.0,,,0.0,1.0,0.0,0.0,0.0,-0.75,0.0,-1.0,0.0,0.0,0.0,-1.5,0.0,0.0,0.0,0.0,0.5,0.0,0.0,0.0,,2.0,1.0,3.0,0.0,0.0,0.0,0.0,0.0,3.0,0.0,0.0,0.0,0.0,,1.0,0.5,1.0,0.0,0.5,0.0,0.0,0.0,,0.0,0.0,0.0,0.0,0.0,0.0,0.0,1.0,0.0,,0.0,2.0,0.0,0.0,0.0,0.0,0.0,,0.0,0.0,0.0,0.0,1.0,,,0.0,0.0,0.0,0.0,0.0,0.0,0.0,0.0,,0.0,0.0,0.0
sbo_rich_v6_context_java,O0_nocanary_nopie_CWE121_Stack_Based_Buffer_Overflow__src_wchar_t_alloca_cat_44__O0_nocanary_nopie,O0_nocanary_nopie_CWE121_Stack_Based_Buffer_Overflow__src_wchar_t_alloca_cat_44__O0_nocanary_nopie.json,O0_nocanary_nopie_CWE121_Stack_Based_Buffer_Overflow__src_wchar_t_alloca_cat_44__O0_nocanary_nopie,CWE121_Stack_Based_Buffer_Overflow__src_wchar_t_alloca_cat_44,O0_nocanary_nopie,goodG2B,goodG2B,0x4014a0,0,bin_func_entry,49.0,49.0,104.0,104.0,49.0,104.0,416.0,416.0,1,0.1177884615384615,0.1177884615384615,16.0,0.1177884615384615,416.0,416.0,416.0,416.0,416.0,13.0,12.0,12.0,13.0,24.0,-448.0,12.0,18.0,34.0,-448.0,10.0,416.0,0.0,,7.0,-448.0,416.0,4.0,1.0,0.0,416.0,0.0,0.0,0.0,7.0,,4.0,0.0,0.0,0.0,1.0,0.0,0.0,1.0,1.5,1.0,4.0,0.0,1.0,,1.0,1.0,1.0,1.0,1.0,0.0,39.0,1.0,0.0,1.0,1.0,18.0,0.0,1.5,1.0,0.0,1.5,0.0,-448.0,1.0,8.0,1.0,-448.0,,-448.0,1.0,1.0,1.0,,,1.0,2.0,3.0,10.0,0.0,1.0,0.0,3.0,7.5,10.0,,0.0,1.0,3.0,0.0,0.0,0.5,2,1.0,2.0,1.0,1.0,0.0,1.0,1.0,0.0,1.0,,,0.0,1.0,1.0,1.0,4.0,0.0,0.0,0.0,1.0,0.5,1.0,,1.0,1.0,2.0,0.0,0.0,0.0,0.0,1.0,0.0,2.0,0.0,0.0,0.0,0.0,0.0,0.0,0.0,2.0,0.0,3.0,0.0,2.0,0.0,0.0,2.0,4.0,2.0,4.0,0.0,0.0,0.0,0.0,2.0,0.0,0.0,0.0,0.0,3.0,0.0,0.0,0.0,0.0,0.0,0.0,0.0,0.0,0.0,0.0,10.0,,0.0,0.0,0.0,0.0,0.0,0.0,0.0,1.0,1.0,0.0,0.0,0.0,0.0,0.0,0.0,0.0,0.0,0.0,0.0,0.0,1.0,0.0,0.0,,0.0,0.0,0.0,1.0,1.0,1.0,0.0,0.0,0.0,0.0,1.0,0.0,0.0,1.0,0.0,0.0,0.0,0.0,1.0,,0.0,0.0,0.0,0.0,1.0,0.0,0.0,0.0,0.0,,0.0,,0.0,0.0,0.0,0.0,1.0,,0.0,0.0,0.0,0.0,0.0,,3.0,0.0,0.0,0.0,0.0,0.0,0.0,0.0,0.0,,0.0,0.0,0.0
sbo_rich_v6_context_java,O2_nocanary_nopie_CWE121_Stack_Based_Buffer_Overflow__CWE193_wchar_t_alloca_cpy_09__O2_nocanary_nopie,O2_nocanary_nopie_CWE121_Stack_Based_Buffer_Overflow__CWE193_wchar_t_alloca_cpy_09__O2_nocanary_nopie.json,O2_nocanary_nopie_CWE121_Stack_Based_Buffer_Overflow__CWE193_wchar_t_alloca_cpy_09__O2_nocanary_nopie,CWE121_Stack_Based_Buffer_Overflow__CWE193_wchar_t_alloca_cpy_09,O2_nocanary_nopie,goodG2B1,goodG2B1,0x401280,0,bin_func_entry,0.0,0.0,28.0,14.0,0.0,14.0,56.0,112.0,2,0.0,0.0,14.0,0.0,56.0,56.0,56.0,56.0,56.0,8.0,11.0,11.0,9.0,21.0,-100.0,11.0,7.0,26.0,-200.0,5.0,0.0,56.0,1.0,3.0,-72.0,,4.0,2.0,-56.0,,-56.0,56.0,0.0,9.0,1.0,4.0,0.0,56.0,0.0,1.0,2.0,0.0,1.0,3.0,0.0,8.0,0.0,1.0,-128.0,1.0,1.0,1.0,0.0,0.0,0.0,8.0,1.0,0.0,0.0,1.0,6.0,56.0,3.0,1.0,-56.0,3.0,56.0,,0.0,6.0,1.0,,15.0,,1.0,0.0,0.0,-128.0,15.0,1.0,7.0,1.0,,0.0,1.0,0.0,1.0,17.5,,15.0,2.0,0.0,5.0,0.0,1.0,0.5,3,1.0,3.0,0.0,0.0,0.0,1.0,0.0,1.0,1.0,,-128.0,0.0,1.0,0.0,0.0,13.0,1.0,1.0,0.0,,0.0,4.0,15.0,1.0,0.0,0.0,1.0,1.0,1.0,0.0,0.0,0.0,13.0,0.0,0.0,0.0,1.0,0.0,1.0,0.0,0.0,1.0,,1.0,0.0,0.0,18.0,,13.0,13.0,13.0,0.0,0.0,-2.0,0.0,13.0,0.0,0.0,1.0,13.0,1.0,0.0,1.0,0.0,1.0,1.0,1.0,1.0,13.0,0.0,0.0,1.0,1.0,0.0,1.0,0.0,1.0,0.0,13.0,13.0,-1.0,0.0,1.0,0.0,13.0,0.0,1.0,0.0,1.0,1.0,1.0,13.0,0.0,,1.0,1.0,,0.0,0.0,0.0,0.0,0.0,2.0,0.0,0.5,0.0,1.0,,0.0,0.0,1.0,0.0,0.0,0.0,1.0,0.0,,1.0,0.0,0.0,0.0,0.0,0.0,0.0,0.0,0.0,2.0,0.0,1.0,0.5,0.0,0.0,0.0,0.0,,1.0,1.0,0.5,0.0,0.0,,,0.0,1.0,0.0,1.0,0.0,0.0,1.0,1.0,,0.0,0.0,1.0
sbo_rich_v6_context_java,O0_canary_nopie_CWE121_Stack_Based_Buffer_Overflow__CWE806_wchar_t_declare_snprintf_09__O0_canary_nopie,O0_canary_nopie_CWE121_Stack_Based_Buffer_Overflow__CWE806_wchar_t_declare_snprintf_09__O0_canary_nopie.json,O0_canary_nopie_CWE121_Stack_Based_Buffer_Overflow__CWE806_wchar_t_declare_snprintf_09__O0_canary_nopie,CWE121_Stack_Based_Buffer_Overflow__CWE806_wchar_t_declare_snprintf_09,O0_canary_nopie,goodG2B2,goodG2B2,0x40159a,0,bin_func_entry,49.0,49.0,101.0,50.5,16.333333333333332,52.0,404.0,404.0,1,0.25,0.25,72.0,0.0833333333333333,202.0,196.0,208.0,208.0,134.66666666666666,40.0,47.0,141.0,38.0,55.0,-528.0,65.0,47.0,65.0,-1056.0,34.0,0.0,404.0,,12.0,-424.0,,4.0,2.0,-355.0,,-118.33333333333331,134.66666666666666,0.0,34.0,,4.0,0.25,208.0,0.25,1.0,2.0,0.0833333333333333,1.0,1.6666666666666667,1.0,8.0,-134.66666666666666,3.0,-1056.0,1.0,0.6666666666666666,2.0,1.0,1.0,-404.0,11.0,2.0,0.0,0.3333333333333333,1.0,10.0,0.0,3.0,2.0,0.0,5.0,0.0,,1.0,8.0,0.6666666666666666,,,,1.0,1.0,0.3333333333333333,-528.0,,2.0,10.0,2.0,,0.0,3.0,0.0,2.0,32.5,,,2.0,1.0,7.0,0.0,0.0,0.5,5,0.6666666666666666,5.0,1.0,3.0,0.6666666666666666,1.0,0.0,1.0,2.0,,-424.0,1.0,1.0,0.6666666666666666,1.0,7.0,1.0,1.0,2.0,,0.5,5.0,,2.0,1.0,0.6666666666666666,0.0,0.3333333333333333,0.0,0.0,2.0,0.0,6.333333333333333,0.0,2.0,0.6666666666666666,0.6666666666666666,2.0,0.0,0.0,2.0,0.0,1.0,0.0,2.0,0.6666666666666666,22.0,,17.0,19.0,21.0,0.0,0.5,0.0,0.0,17.0,0.0,0.0,0.0,5.666666666666667,2.0,0.0,0.0,0.0,1.0,0.6666666666666666,2.0,1.0,17.0,0.0,1.0,,2.0,0.0,1.0,0.0,2.0,0.0,5.0,15.0,-1.0,0.3333333333333333,0.0,0.0,15.0,0.0,0.0,2.0,0.0,0.3333333333333333,1.0,15.0,2.0,1.0,2.0,1.0,,0.0,1.0,1.0,1.0,1.0,1.0,0.0,0.25,0.0,0.3333333333333333,1.0,1.0,0.3333333333333333,1.0,0.0,0.3333333333333333,0.0,1.0,0.0,2.0,1.0,0.0,0.0,0.0,0.0,0.0,0.0,1.0,0.0,,0.0,,0.25,0.0,0.0,0.0,0.0,1.0,1.0,2.0,0.25,0.0,1.0,,,0.0,1.0,0.0,0.3333333333333333,0.0,0.0,0.3333333333333333,1.0,,0.0,0.0,1.0
sbo_rich_v6_context_java,O0_canary_nopie_CWE121_Stack_Based_Buffer_Overflow__CWE805_struct_declare_memcpy_09__O0_canary_nopie,O0_canary_nopie_CWE121_Stack_Based_Buffer_Overflow__CWE805_struct_declare_memcpy_09__O0_canary_nopie.json,O0_canary_nopie_CWE121_Stack_Based_Buffer_Overflow__CWE805_struct_declare_memcpy_09__O0_canary_nopie,CWE121_Stack_Based_Buffer_Overflow__CWE805_struct_declare_memcpy_09,O0_canary_nopie,CWE121_Stack_Based_Buffer_Overflow__CWE805_struct_declare_memcpy_09_good,CWE121_Stack_Based_Buffer_Overflow__CWE805_struct_declare_memcpy_09_good,0x40140d,0,bin_func_entry,0.0,,,,,,,0.0,1,,,15.0,,,0.0,0.0,,,6.0,,,5.0,8.0,,,4.0,15.0,,3.0,0.0,,,7.0,,,,0.0,,,,,,5.0,,,0.0,,,,0.0,,,,0.0,,,0.0,,,,,,,,6.0,,,,,6.0,,0.0,,,,,,,6.0,,,,,1.0,,,,,,5.0,2.0,,,0.0,0.0,2.0,0.0,,,1.0,,4.0,,,0.0,3,,3.0,,0.0,,,0.0,,,,,,1.0,,,,0.0,0.0,,,0.0,3.0,,,,,,,,0.0,0.0,,,0.0,,,,0.0,0.0,,0.0,,,,,,0.0,,,0.0,0.0,0.0,0.0,0.0,,0.0,,,,,1.0,,0.0,,,,,,0.0,,,,,,,,,0.0,,,0.0,,,,,0.0,,,,,,,,1.0,,0.0,,,,,0.0,,1.0,,0.0,,,1.0,,,1.0,0.0,,0.0,,,1.0,0.0,,,,,0.0,,,,,0.0,,0.0,,,,,1.0,,1.0,0.0,,,,,,0.0,,,,,,0.0,,,,
sbo_rich_v6_context_java,O2_nocanary_nopie_CWE121_Stack_Based_Buffer_Overflow__CWE805_int_alloca_memcpy_14__O2_nocanary_nopie,O2_nocanary_nopie_CWE121_Stack_Based_Buffer_Overflow__CWE805_int_alloca_memcpy_14__O2_nocanary_nopie.json,O2_nocanary_nopie_CWE121_Stack_Based_Buffer_Overflow__CWE805_int_alloca_memcpy_14__O2_nocanary_nopie,CWE121_Stack_Based_Buffer_Overflow__CWE805_int_alloca_memcpy_14,O2_nocanary_nopie,CWE121_Stack_Based_Buffer_Overflow__CWE805_int_alloca_memcpy_14_bad,CWE121_Stack_Based_Buffer_Overflow__CWE805_int_alloca_memcpy_14_bad,0x4012d0,1,bin_func_entry,400.0,400.0,101.0,50.5,400.0,51.0,50.0,101.0,1,8.0,8.0,17.0,8.0,50.5,50.0,51.0,50.0,50.0,7.0,14.0,14.0,7.0,18.0,-524.0,14.0,6.0,19.0,-1048.0,2.0,51.0,50.0,,4.0,-424.0,51.0,1.0,2.0,350.0,51.0,350.0,50.0,0.0,5.0,1.0,1.0,8.0,50.0,8.0,1.0,3.0,8.0,1.0,4.0,0.0,2.0,1.0,1.0,-624.0,1.0,1.0,1.0,0.0,0.0,1.0,7.0,1.0,1.0,0.0,1.0,7.0,51.0,4.0,1.0,350.0,4.0,51.0,-424.0,0.0,7.0,1.0,-424.0,15.0,-424.0,1.0,1.0,1.0,-624.0,15.0,1.0,2.0,1.0,9.0,0.0,1.0,350.0,1.0,14.5,9.0,15.0,0.0,1.0,3.0,0.0,1.0,0.5,2,1.0,2.0,1.0,0.0,4.0,1.0,1.0,1.0,1.0,,-624.0,1.0,1.0,0.0,1.0,10.0,0.0,1.0,4.0,1.0,0.0,1.0,15.0,1.0,0.0,6.0,1.0,0.0,1.0,0.0,0.0,1.0,4.0,0.0,1.0,0.0,0.0,4.0,1.0,1.0,6.0,1.0,,1.0,6.0,0.0,20.0,1.0,10.0,4.0,10.0,1.0,0.0,4.0,1.0,4.0,1.0,1.0,1.0,13.0,3.0,1.0,1.0,1.0,1.0,1.0,1.0,1.0,13.0,1.0,0.0,,1.0,0.0,0.0,1.0,1.0,1.0,9.0,13.0,7.0,0.0,1.0,1.0,9.0,0.5,1.0,0.0,1.0,1.0,0.0,9.0,0.0,1.0,0.0,1.0,,1.0,0.0,1.0,0.0,0.0,2.0,0.0,0.5,0.0,1.0,,0.0,0.0,1.0,1.0,0.0,0.0,1.0,0.0,,1.0,1.0,0.0,0.0,0.0,1.0,0.0,0.0,0.0,,1.0,1.0,0.5,0.0,0.0,0.0,0.0,1.0,1.0,0.0,0.5,1.0,0.0,,,1.0,1.0,0.0,1.0,0.0,1.0,1.0,0.0,,1.0,0.0,1.0
sbo_rich_v6_context_java,O0_canary_nopie_CWE121_Stack_Based_Buffer_Overflow__CWE805_wchar_t_declare_snprintf_15__O0_canary_nopie,O0_canary_nopie_CWE121_Stack_Based_Buffer_Overflow__CWE805_wchar_t_declare_snprintf_15__O0_canary_nopie.json,O0_canary_nopie_CWE121_Stack_Based_Buffer_Overflow__CWE805_wchar_t_declare_snprintf_15__O0_canary_nopie,CWE121_Stack_Based_Buffer_Overflow__CWE805_wchar_t_declare_snprintf_15,O0_canary_nopie,CWE121_Stack_Based_Buffer_Overflow__CWE805_wchar_t_declare_snprintf_15_bad,CWE121_Stack_Based_Buffer_Overflow__CWE805_wchar_t_declare_snprintf_15_bad,0x4011e6,1,bin_func_entry,99.0,99.0,151.0,75.5,49.5,99.0,604.0,604.0,1,0.25,0.25,21.0,0.125,302.0,208.0,396.0,396.0,302.0,14.0,13.0,26.0,13.0,26.0,-528.0,14.0,19.0,35.0,-1056.0,8.0,0.0,604.0,,10.0,-424.0,,4.0,2.0,-505.0,,-252.5,302.0,0.5,9.0,,4.0,0.25,396.0,0.25,1.0,3.0,0.125,1.0,2.0,1.0,8.0,-302.0,2.0,-1056.0,1.0,1.0,2.0,1.0,1.0,-604.0,6.0,2.0,-208.0,0.5,1.0,6.0,0.0,2.5,2.0,-208.0,4.0,0.0,,1.0,7.0,1.0,,,,1.0,1.0,0.5,-528.0,,2.0,6.0,2.0,,1.0,2.0,0.0,2.0,31.0,,,1.0,1.0,5.0,1.0,0.0,0.6666666666666666,4,1.0,4.0,1.0,2.0,1.0,1.0,0.0,1.0,2.0,,-424.0,1.0,1.0,1.0,1.0,10.5,1.0,1.0,2.0,,0.6666666666666666,3.0,,2.0,1.0,1.0,0.0,0.5,0.0,0.0,2.0,0.0,9.5,0.0,2.0,1.0,0.5,2.0,0.0,0.0,2.0,0.0,,0.0,2.0,1.0,22.0,,17.0,19.0,21.0,0.0,0.6666666666666666,0.0,0.0,17.0,0.0,0.0,0.0,8.5,1.0,0.0,0.0,0.0,1.0,1.0,2.0,1.0,17.0,0.0,1.0,,2.0,0.0,1.0,0.0,2.0,0.0,7.5,15.0,0.0,0.5,0.0,0.0,15.0,0.0,0.0,2.0,0.0,0.5,1.0,15.0,2.0,1.0,1.0,1.0,,0.0,1.0,1.0,1.0,1.0,1.0,0.0,0.3333333333333333,0.0,0.5,2.0,0.0,0.0,1.0,0.0,0.0,0.0,1.0,0.0,1.0,1.0,0.0,0.0,0.0,0.0,0.0,0.0,0.0,0.0,,0.0,,0.3333333333333333,0.0,0.0,0.0,0.0,1.0,1.0,1.0,0.3333333333333333,0.0,0.0,,,0.0,1.0,0.0,0.5,0.0,0.0,0.5,0.0,,0.0,0.0,1.0
sbo_rich_v6_context_java,O2_nocanary_nopie_CWE121_Stack_Based_Buffer_Overflow__CWE805_char_declare_loop_01__O2_nocanary_nopie,O2_nocanary_nopie_CWE121_Stack_Based_Buffer_Overflow__CWE805_char_declare_loop_01__O2_nocanary_nopie.json,O2_nocanary_nopie_CWE121_Stack_Based_Buffer_Overflow__CWE805_char_declare_loop_01__O2_nocanary_nopie,CWE121_Stack_Based_Buffer_Overflow__CWE805_char_declare_loop_01,O2_nocanary_nopie,CWE121_Stack_Based_Buffer_Overflow__CWE805_char_declare_loop_01_bad,CWE121_Stack_Based_Buffer_Overflow__CWE805_char_declare_loop_01_bad,0x4012b0,1,bin_func_entry,99.0,99.0,12.0,6.0,99.0,8.0,4.0,12.0,1,24.75,24.75,29.0,24.75,6.0,4.0,8.0,4.0,4.0,14.0,12.0,12.0,9.0,14.0,-152.0,12.0,7.0,26.0,-304.0,6.0,0.0,4.0,,3.0,-120.0,,1.0,2.0,95.0,,95.0,4.0,0.0,7.0,,1.0,24.75,4.0,24.75,1.0,1.0,24.75,1.0,1.5,1.0,2.0,-4.0,1.0,-120.0,1.0,1.0,1.0,1.0,1.0,-4.0,14.0,1.0,-4.0,1.0,1.0,14.0,0.0,1.5,1.0,95.0,1.5,0.0,,1.0,5.0,1.0,,108.66666666666669,,,1.0,1.0,-120.0,163.0,1.0,8.0,1.0,,0.0,1.0,95.0,3.0,19.5,,326.0,2.0,1.0,5.0,0.0,0.0,0.5,2,1.0,2.0,0.0,1.0,0.0,1.0,0.0,1.0,1.0,,-120.0,0.0,1.0,1.0,1.0,9.0,0.0,0.0,0.0,,0.5,5.0,64.0,1.0,1.0,0.0,0.0,0.0,0.0,0.0,1.0,1.0,9.0,0.0,1.0,1.0,0.0,0.0,3.0,0.0,0.0,0.0,3.0,0.0,0.0,1.0,14.0,5.0,9.0,9.0,9.0,1.0,0.5,-3.0,1.0,9.0,1.0,1.0,0.0,7.0,3.0,1.0,0.0,0.0,0.0,1.0,1.0,1.0,7.0,0.0,1.0,2.0,1.0,0.0,0.0,0.0,1.0,0.0,7.0,7.0,-4.0,0.0,0.0,0.0,7.0,0.0,0.0,1.0,0.0,0.0,0.0,7.0,1.0,1.0,0.0,0.0,,0.0,1.0,1.0,0.0,0.0,,0.0,0.5,0.0,1.0,3.0,0.0,0.0,1.0,0.0,0.0,0.0,1.0,0.0,,1.0,0.0,0.0,0.0,0.0,1.0,0.0,0.0,0.0,1.0,2.0,,0.0,0.0,0.0,0.0,0.0,1.0,0.0,2.0,0.5,0.0,0.0,,,1.0,0.0,0.0,0.0,0.0,1.0,1.0,2.0,,0.0,0.0,1.0
sbo_rich_v6_context_java,O2_nocanary_nopie_CWE121_Stack_Based_Buffer_Overflow__CWE806_char_alloca_loop_13__O2_nocanary_nopie,O2_nocanary_nopie_CWE121_Stack_Based_Buffer_Overflow__CWE806_char_alloca_loop_13__O2_nocanary_nopie.json,O2_nocanary_nopie_CWE121_Stack_Based_Buffer_Overflow__CWE806_char_alloca_loop_13__O2_nocanary_nopie,CWE121_Stack_Based_Buffer_Overflow__CWE806_char_alloca_loop_13,O2_nocanary_nopie,CWE121_Stack_Based_Buffer_Overflow__CWE806_char_alloca_loop_13_bad,CWE121_Stack_Based_Buffer_Overflow__CWE806_char_alloca_loop_13_bad,0x4012d0,1,bin_func_entry,99.0,99.0,112.0,112.0,99.0,112.0,112.0,112.0,1,0.8839285714285714,0.8839285714285714,14.0,0.8839285714285714,112.0,112.0,112.0,112.0,112.0,9.0,10.0,10.0,6.0,13.0,-128.0,10.0,6.0,19.0,-128.0,3.0,112.0,0.0,,5.0,-128.0,112.0,1.0,1.0,0.0,112.0,0.0,0.0,0.0,6.0,,1.0,0.0,0.0,0.0,1.0,1.0,0.0,1.0,1.5,1.0,1.0,0.0,1.0,,1.0,1.0,1.0,1.0,1.0,0.0,7.0,1.0,0.0,1.0,1.0,6.0,0.0,1.5,1.0,0.0,1.5,0.0,-128.0,1.0,5.0,1.0,-128.0,15.0,-128.0,2.0,1.0,1.0,,15.0,1.0,5.0,,9.0,0.0,1.0,0.0,1.0,7.5,9.0,15.0,1.0,1.0,4.0,0.0,0.0,0.5,2,1.0,3.0,1.0,1.0,0.0,1.0,1.0,0.0,1.0,,,0.0,2.0,1.0,1.0,4.0,0.0,0.0,0.0,1.0,0.5,3.0,15.0,1.0,1.0,2.0,0.0,0.0,0.0,0.0,1.0,0.0,2.0,0.0,0.0,0.0,0.0,0.0,1.0,0.0,2.0,0.0,1.0,0.0,2.0,0.0,0.0,,4.0,2.0,4.0,0.0,0.0,0.0,0.0,2.0,0.0,0.0,0.0,0.0,,0.0,0.0,0.0,0.0,0.0,0.0,0.0,0.0,0.0,0.0,,,0.0,0.0,0.0,0.0,0.0,0.0,0.0,1.0,1.0,0.0,0.0,0.0,0.0,0.0,0.0,0.0,0.0,0.0,0.0,0.0,,0.0,0.0,,0.0,0.0,0.0,1.0,1.0,1.0,0.0,0.0,0.0,0.0,,0.0,0.0,1.0,0.0,0.0,0.0,0.0,1.0,1.0,0.0,0.0,0.0,0.0,1.0,0.0,0.0,0.0,0.0,,0.0,1.0,0.0,0.0,0.0,0.0,1.0,,0.0,1.0,0.0,0.0,0.0,,,0.0,0.0,0.0,0.0,0.0,0.0,0.0,1.0,,0.0,0.0,0.0
sbo_rich_v6_context_java,O2_nocanary_nopie_CWE121_Stack_Based_Buffer_Overflow__CWE805_wchar_t_alloca_snprintf_02__O2_nocanary_nopie,O2_nocanary_nopie_CWE121_Stack_Based_Buffer_Overflow__CWE805_wchar_t_alloca_snprintf_02__O2_nocanary_nopie.json,O2_nocanary_nopie_CWE121_Stack_Based_Buffer_Overflow__CWE805_wchar_t_alloca_snprintf_02__O2_nocanary_nopie,CWE121_Stack_Based_Buffer_Overflow__CWE805_wchar_t_alloca_snprintf_02,O2_nocanary_nopie,CWE121_Stack_Based_Buffer_Overflow__CWE805_wchar_t_alloca_snprintf_02_bad,CWE121_Stack_Based_Buffer_Overflow__CWE805_wchar_t_alloca_snprintf_02_bad,0x4012a0,1,bin_func_entry,99.0,99.0,149.0,74.5,49.5,99.0,596.0,596.0,1,0.25,0.25,14.0,0.125,298.0,200.0,396.0,396.0,298.0,7.0,10.0,20.0,8.0,20.0,-524.0,11.0,10.0,23.0,-1048.0,3.0,0.0,596.0,,3.0,-424.0,,4.0,2.0,-497.0,,-248.5,298.0,0.5,7.0,,4.0,0.25,396.0,0.25,1.0,3.0,0.125,1.0,2.0,1.0,8.0,-298.0,2.0,-1048.0,1.0,1.0,2.0,1.0,1.0,-596.0,7.0,2.0,-200.0,0.5,1.0,6.0,0.0,2.5,2.0,-200.0,4.0,0.0,,1.0,6.0,1.0,,15.0,,1.0,1.0,0.5,-524.0,15.0,2.0,3.0,1.0,,1.0,2.0,0.0,1.0,31.0,,15.0,0.0,1.0,4.0,1.0,0.0,0.6666666666666666,3,1.0,3.0,1.0,2.0,1.0,1.0,0.0,1.0,2.0,,-424.0,1.0,1.0,1.0,1.0,10.5,1.0,1.0,2.0,,0.6666666666666666,1.0,15.0,2.0,1.0,1.0,0.0,0.5,0.0,0.0,2.0,0.0,9.5,0.0,2.0,1.0,0.5,2.0,1.0,0.0,2.0,0.0,,0.0,2.0,1.0,22.0,,17.0,19.0,21.0,0.0,0.6666666666666666,0.0,0.0,17.0,0.0,0.0,0.0,8.5,1.0,0.0,0.0,0.0,1.0,1.0,2.0,1.0,17.0,0.0,1.0,,2.0,0.0,1.0,0.0,2.0,0.0,7.5,15.0,0.0,0.5,0.0,0.0,15.0,0.0,0.0,2.0,0.0,0.5,1.0,15.0,2.0,1.0,1.0,1.0,,0.0,1.0,1.0,1.0,1.0,2.0,0.0,0.3333333333333333,0.0,0.5,,0.0,0.0,1.0,0.0,0.0,0.0,1.0,0.0,,1.0,0.0,0.0,0.0,0.0,0.0,0.0,0.0,0.0,,0.0,1.0,0.3333333333333333,0.0,0.0,0.0,0.0,1.0,1.0,0.0,0.3333333333333333,0.0,0.0,,,0.0,1.0,0.0,0.5,0.0,0.0,0.5,0.0,,0.0,0.0,1.0
sbo_rich_v6_context_java,O2_nocanary_nopie_CWE121_Stack_Based_Buffer_Overflow__CWE806_char_alloca_ncpy_45__O2_nocanary_nopie,O2_nocanary_nopie_CWE121_Stack_Based_Buffer_Overflow__CWE806_char_alloca_ncpy_45__O2_nocanary_nopie.json,O2_nocanary_nopie_CWE121_Stack_Based_Buffer_Overflow__CWE806_char_alloca_ncpy_45__O2_nocanary_nopie,CWE121_Stack_Based_Buffer_Overflow__CWE806_char_alloca_ncpy_45,O2_nocanary_nopie,CWE121_Stack_Based_Buffer_Overflow__CWE806_char_alloca_ncpy_45_bad,CWE121_Stack_Based_Buffer_Overflow__CWE806_char_alloca_ncpy_45_bad,0x4012c0,1,bin_func_entry,99.0,99.0,147.0,36.75,33.0,99.0,115.0,147.0,1,1.0,1.0,24.0,0.3333333333333333,36.75,16.0,99.0,99.0,38.333333333333336,11.0,17.0,51.0,11.0,25.0,-102.0,20.0,13.0,30.0,-408.0,7.0,99.0,115.0,,3.0,-56.0,99.0,1.0,4.0,-16.0,99.0,-5.333333333333333,38.333333333333336,0.6666666666666666,12.0,,1.0,1.0,99.0,1.0,1.0,2.0,0.3333333333333333,1.0,3.333333333333333,1.0,4.0,-5.333333333333333,3.0,-280.0,1.0,0.6666666666666666,2.0,0.6666666666666666,1.0,-16.0,7.0,2.0,83.0,0.3333333333333333,1.0,6.0,33.0,7.0,2.0,0.0,10.0,99.0,-192.0,1.0,7.0,0.6666666666666666,-192.0,15.0,-192.0,1.0,1.0,0.3333333333333333,-140.0,15.0,2.0,4.0,1.0,18.0,2.0,3.0,0.0,1.0,8.0,18.0,15.0,0.0,1.0,5.0,1.0,0.3333333333333333,0.5,4,0.6666666666666666,4.0,2.0,2.0,2.333333333333333,1.0,1.0,1.0,2.0,,-88.0,2.0,1.0,0.3333333333333333,1.0,1.8333333333333333,1.0,1.0,5.0,1.0,0.25,1.0,15.0,2.0,1.0,3.0,0.3333333333333333,0.3333333333333333,0.3333333333333333,0.0,1.0,0.0,-1.1666666666666667,0.0,2.0,0.3333333333333333,0.6666666666666666,7.0,1.0,0.3333333333333333,9.0,1.0,,1.0,7.0,0.3333333333333333,9.0,,4.0,-3.5,5.5,1.0,0.25,7.0,0.0,2.0,0.3333333333333333,1.0,1.0,1.6666666666666667,1.0,0.0,1.0,1.0,0.0,0.6666666666666666,2.0,1.0,5.0,1.0,1.0,,2.0,0.0,1.0,0.3333333333333333,1.0,1.0,-0.6666666666666666,3.0,11.0,0.0,1.0,1.0,-2.0,0.25,1.0,1.0,1.0,0.0,1.0,0.0,1.0,2.0,2.0,0.0,,0.3333333333333333,1.0,1.0,0.0,0.0,2.0,0.0,0.0,0.0,0.0,,1.0,0.3333333333333333,1.0,1.0,0.3333333333333333,0.25,0.0,0.0,,0.0,1.0,0.0,0.3333333333333333,0.0,0.0,0.0,1.0,1.0,3.0,0.0,1.0,0.25,1.0,0.0,0.0,0.0,1.0,1.0,0.0,0.0,0.3333333333333333,1.0,1.0,,0.0,1.0,1.0,0.3333333333333333,0.3333333333333333,0.0,0.0,0.0,,1.0,1.0,0.0
sbo_rich_v6_context_java,O2_nocanary_nopie_CWE121_Stack_Based_Buffer_Overflow__CWE805_int64_t_alloca_memcpy_06__O2_nocanary_nopie,O2_nocanary_nopie_CWE121_Stack_Based_Buffer_Overflow__CWE805_int64_t_alloca_memcpy_06__O2_nocanary_nopie.json,O2_nocanary_nopie_CWE121_Stack_Based_Buffer_Overflow__CWE805_int64_t_alloca_memcpy_06__O2_nocanary_nopie,CWE121_Stack_Based_Buffer_Overflow__CWE805_int64_t_alloca_memcpy_06,O2_nocanary_nopie,CWE121_Stack_Based_Buffer_Overflow__CWE805_int64_t_alloca_memcpy_06_good,CWE121_Stack_Based_Buffer_Overflow__CWE805_int64_t_alloca_memcpy_06_good,0x4012c0,0,bin_func_entry,0.0,,,,,,,0.0,0,,,7.0,,,0.0,0.0,,,1.0,,,2.0,,,,,4.0,,0.0,0.0,,1.0,,,,,0.0,,,,,,1.0,1.0,,0.0,,,,0.0,,,,0.0,,,0.0,,,,,,,,4.0,,,,,4.0,,0.0,,,,,,,2.0,,,,,,,,,,,2.0,1.0,,,0.0,0.0,1.0,0.0,,,1.0,,3.0,,,0.0,1,,1.0,,0.0,,,0.0,,,,,,,,,,0.0,0.0,,,0.0,1.0,,,,,,,,0.0,0.0,,,0.0,,,,0.0,0.0,,0.0,,1.0,,,,0.0,,,0.0,0.0,0.0,0.0,0.0,,0.0,,,,,,,0.0,,,,,,0.0,,,,,,,,,0.0,,,0.0,,,,,0.0,,,,,,,,,,0.0,,,,,0.0,,,,0.0,,,,,,1.0,0.0,,0.0,,,,0.0,,,,,0.0,,,,,0.0,,0.0,,,,,,,0.0,0.0,,,,,,0.0,,,,,,0.0,,,,
sbo_rich_v6_context_java,O0_canary_nopie_CWE121_Stack_Based_Buffer_Overflow__CWE193_char_alloca_ncpy_03__O0_canary_nopie,O0_canary_nopie_CWE121_Stack_Based_Buffer_Overflow__CWE193_char_alloca_ncpy_03__O0_canary_nopie.json,O0_canary_nopie_CWE121_Stack_Based_Buffer_Overflow__CWE193_char_alloca_ncpy_03__O0_canary_nopie,CWE121_Stack_Based_Buffer_Overflow__CWE193_char_alloca_ncpy_03,O0_canary_nopie,CWE121_Stack_Based_Buffer_Overflow__CWE193_char_alloca_ncpy_03_bad,CWE121_Stack_Based_Buffer_Overflow__CWE193_char_alloca_ncpy_03_bad,0x4011e6,1,bin_func_entry,1.0,1.0,67.0,22.33333333333333,0.5,32.0,0.0,67.0,1,0.0,0.0,28.0,0.0,22.33333333333333,11.0,32.0,0.0,0.0,22.0,20.5,41.0,20.0,40.0,-73.0,21.0,27.0,58.0,-219.0,14.0,32.0,0.0,,11.0,-27.0,28.0,1.0,3.0,0.0,56.0,0.0,0.0,0.0,12.0,,1.0,0.0,0.0,0.0,1.0,3.0,0.0,1.0,3.0,0.0,3.0,0.0,2.0,,1.0,0.5,1.0,0.5,1.0,0.0,76.0,1.0,0.0,0.0,1.0,34.0,5.5,6.0,1.0,0.0,6.0,11.0,-80.0,0.0,15.0,0.5,-96.0,,-192.0,1.0,1.0,0.5,,,1.0,6.0,6.0,15.5,0.0,2.0,0.0,6.0,-1.0,31.0,,1.0,1.0,5.0,0.0,0.5,0.0,4,0.0,4.0,1.0,1.0,2.0,0.0,2.0,1.0,0.0,,,1.0,1.0,0.0,0.0,0.0,0.0,1.0,4.0,1.0,0.0,3.0,,0.0,0.0,3.0,0.5,0.0,0.5,0.0,0.0,0.0,-3.0,0.0,0.0,0.0,0.5,4.0,0.0,0.5,6.0,1.0,4.0,1.0,6.0,0.0,0.0,4.0,0.0,-6.0,0.0,0.0,0.0,6.0,0.0,0.0,0.0,0.0,1.0,0.0,7.0,0.0,1.0,1.0,0.0,0.0,0.0,0.0,0.0,1.0,0.0,20.0,,0.0,1.0,0.0,0.0,0.0,-2.0,0.0,9.0,0.0,1.0,0.0,-4.0,0.3333333333333333,1.0,0.0,1.0,0.0,0.0,0.0,0.0,3.0,1.0,0.0,,0.5,0.0,0.0,0.0,0.0,1.0,0.0,0.0,0.0,0.0,1.0,1.0,0.5,1.0,1.0,0.5,0.3333333333333333,0.0,0.0,1.0,0.0,1.0,0.0,0.5,0.0,0.0,0.0,1.0,1.0,,0.0,,0.0,1.0,0.0,0.0,0.0,1.0,0.0,1.0,0.0,0.5,1.0,,6.0,0.0,0.0,1.0,0.0,0.5,0.0,0.0,0.0,,1.0,0.0,0.0
sbo_rich_v6_context_java,O0_canary_nopie_CWE121_Stack_Based_Buffer_Overflow__dest_wchar_t_alloca_cat_64a__O0_canary_nopie,O0_canary_nopie_CWE121_Stack_Based_Buffer_Overflow__dest_wchar_t_alloca_cat_64a__O0_canary_nopie.json,O0_canary_nopie_CWE121_Stack_Based_Buffer_Overflow__dest_wchar_t_alloca_cat_64a__O0_canary_nopie,CWE121_Stack_Based_Buffer_Overflow__dest_wchar_t_alloca_cat_64a,O0_canary_nopie,goodG2B,goodG2B,0x40129e,0,bin_func_entry,0.0,,304.0,152.0,,200.0,,304.0,1,,,23.0,,152.0,104.0,200.0,,,16.0,,,15.0,30.0,-448.0,,19.0,46.0,-896.0,10.0,200.0,,,9.0,-240.0,152.0,1.0,2.0,,304.0,,,,8.0,,1.0,0.0,,,,1.0,,,,0.0,2.0,,0.0,,,,,,,,76.0,,,,,34.0,,0.0,,,,,-240.0,,13.0,,-448.0,,-896.0,1.0,,,,,,4.0,6.0,13.5,,0.0,0.0,6.0,0.0,27.0,,1.0,,3.0,,,0.0,2,,2.0,,0.0,,,2.0,,,,,,1.0,,,,0.0,0.0,,1.0,0.0,3.0,,,,,,,,0.0,0.0,,,0.0,,,,0.0,0.0,,0.0,,4.0,,,,0.0,4.0,,0.0,0.0,0.0,0.0,0.0,,0.0,,,,,7.0,,0.0,,,,,,0.0,,,20.0,,,,,,0.0,,,0.0,,,,,0.0,,,,,,,,3.0,,0.0,,,,,0.0,,1.0,,0.0,,,1.0,,,1.0,0.0,,0.0,,,1.0,0.0,,,,,0.0,,,,,0.0,,0.0,,,,,1.0,,1.0,0.0,,,,6.0,,0.0,,,,,,0.0,,,,
sbo_rich_v6_context_java,O2_nocanary_nopie_CWE121_Stack_Based_Buffer_Overflow__CWE193_wchar_t_alloca_ncpy_11__O2_nocanary_nopie,O2_nocanary_nopie_CWE121_Stack_Based_Buffer_Overflow__CWE193_wchar_t_alloca_ncpy_11__O2_nocanary_nopie.json,O2_nocanary_nopie_CWE121_Stack_Based_Buffer_Overflow__CWE193_wchar_t_alloca_ncpy_11__O2_nocanary_nopie,CWE121_Stack_Based_Buffer_Overflow__CWE193_wchar_t_alloca_ncpy_11,O2_nocanary_nopie,CWE121_Stack_Based_Buffer_Overflow__CWE193_wchar_t_alloca_ncpy_11_bad,CWE121_Stack_Based_Buffer_Overflow__CWE193_wchar_t_alloca_ncpy_11_bad,0x401320,1,bin_func_entry,2.0,2.0,22.0,11.0,1.0,12.0,40.0,88.0,1,0.05,0.05,20.0,0.025,44.0,40.0,48.0,40.0,20.0,12.0,16.5,33.0,11.0,28.0,-92.0,17.0,5.0,30.0,-184.0,4.0,40.0,0.0,,4.0,-72.0,40.0,4.0,2.0,0.0,40.0,0.0,0.0,0.0,11.0,,4.0,0.0,0.0,0.0,0.0,5.0,0.0,1.0,5.0,0.0,8.0,0.0,2.0,,0.0,0.5,2.0,0.5,1.0,0.0,8.0,1.0,0.0,0.0,1.0,6.0,24.0,8.0,1.0,0.0,10.0,48.0,-112.0,0.0,8.0,0.5,-112.0,15.0,-112.0,,1.0,0.5,,15.0,1.0,7.0,1.0,13.0,0.0,0.0,0.0,1.0,-4.0,13.0,15.0,1.0,1.0,6.0,0.0,0.5,0.3333333333333333,4,0.5,4.0,1.0,1.0,2.0,1.0,1.0,1.0,1.0,,,1.0,1.0,0.0,1.0,0.0,0.0,0.0,4.0,1.0,0.0,3.0,15.0,0.0,0.0,4.5,0.5,0.0,0.5,0.0,0.0,0.0,-4.5,0.0,0.0,0.0,0.5,4.0,1.0,0.5,9.0,1.0,,1.0,9.0,0.0,0.0,,0.0,-9.0,0.0,0.0,0.0,6.0,0.0,0.0,0.0,0.0,1.0,0.0,,0.0,1.0,1.0,0.0,0.0,0.0,0.0,0.0,1.0,0.0,,,0.0,1.0,0.0,0.0,0.0,-2.0,0.0,14.0,0.5,1.0,0.0,-4.0,0.3333333333333333,1.0,0.0,1.0,0.0,0.0,0.0,0.0,,1.0,0.0,3.0,0.5,0.0,0.0,1.0,1.0,3.0,0.0,0.0,0.0,0.0,,1.0,0.5,1.0,1.0,0.5,0.3333333333333333,0.0,0.5,1.0,0.0,1.0,0.0,0.5,1.0,0.0,0.0,1.0,1.0,2.0,0.0,1.0,0.0,1.0,0.0,0.0,1.0,,0.0,1.0,0.0,0.5,1.0,,,0.0,0.0,1.0,0.0,0.5,0.0,0.0,1.0,,1.0,0.0,0.0
sbo_rich_v6_context_java,O0_nocanary_nopie_CWE121_Stack_Based_Buffer_Overflow__CWE806_char_alloca_memcpy_44__O0_nocanary_nopie,O0_nocanary_nopie_CWE121_Stack_Based_Buffer_Overflow__CWE806_char_alloca_memcpy_44__O0_nocanary_nopie.json,O0_nocanary_nopie_CWE121_Stack_Based_Buffer_Overflow__CWE806_char_alloca_memcpy_44__O0_nocanary_nopie,CWE121_Stack_Based_Buffer_Overflow__CWE806_char_alloca_memcpy_44,O0_nocanary_nopie,CWE121_Stack_Based_Buffer_Overflow__CWE806_char_alloca_memcpy_44_bad,CWE121_Stack_Based_Buffer_Overflow__CWE806_char_alloca_memcpy_44_bad,0x40125d,1,bin_func_entry,99.0,99.0,112.0,112.0,99.0,112.0,112.0,112.0,1,0.8839285714285714,0.8839285714285714,16.0,0.8839285714285714,112.0,112.0,112.0,112.0,112.0,13.0,12.0,12.0,13.0,24.0,-144.0,12.0,18.0,34.0,-144.0,10.0,112.0,0.0,,7.0,-144.0,112.0,1.0,1.0,0.0,112.0,0.0,0.0,0.0,7.0,,1.0,0.0,0.0,0.0,1.0,0.0,0.0,1.0,1.5,1.0,1.0,0.0,1.0,,1.0,1.0,1.0,1.0,1.0,0.0,39.0,1.0,0.0,1.0,1.0,18.0,0.0,1.5,1.0,0.0,1.5,0.0,-144.0,1.0,8.0,1.0,-144.0,,-144.0,1.0,1.0,1.0,,,1.0,2.0,3.0,10.0,0.0,1.0,0.0,3.0,7.5,10.0,,0.0,1.0,3.0,0.0,0.0,0.5,2,1.0,2.0,1.0,1.0,0.0,1.0,1.0,0.0,1.0,,,0.0,1.0,1.0,1.0,4.0,0.0,0.0,0.0,1.0,0.5,1.0,,1.0,1.0,2.0,0.0,0.0,0.0,0.0,1.0,0.0,2.0,0.0,0.0,0.0,0.0,0.0,0.0,0.0,2.0,0.0,3.0,0.0,2.0,0.0,0.0,2.0,4.0,2.0,4.0,0.0,0.0,0.0,0.0,2.0,0.0,0.0,0.0,0.0,3.0,0.0,0.0,0.0,0.0,0.0,0.0,0.0,0.0,0.0,0.0,10.0,,0.0,0.0,0.0,0.0,0.0,0.0,0.0,1.0,1.0,0.0,0.0,0.0,0.0,0.0,0.0,0.0,0.0,0.0,0.0,0.0,1.0,0.0,0.0,,0.0,0.0,0.0,1.0,1.0,1.0,0.0,0.0,0.0,0.0,1.0,0.0,0.0,1.0,0.0,0.0,0.0,0.0,1.0,,0.0,0.0,0.0,0.0,1.0,0.0,0.0,0.0,0.0,,0.0,,0.0,0.0,0.0,0.0,1.0,,0.0,0.0,0.0,0.0,0.0,,3.0,0.0,0.0,0.0,0.0,0.0,0.0,0.0,0.0,,0.0,0.0,0.0
sbo_rich_v6_context_java,O2_nocanary_nopie_CWE121_Stack_Based_Buffer_Overflow__CWE193_wchar_t_alloca_cpy_13__O2_nocanary_nopie,O2_nocanary_nopie_CWE121_Stack_Based_Buffer_Overflow__CWE193_wchar_t_alloca_cpy_13__O2_nocanary_nopie.json,O2_nocanary_nopie_CWE121_Stack_Based_Buffer_Overflow__CWE193_wchar_t_alloca_cpy_13__O2_nocanary_nopie,CWE121_Stack_Based_Buffer_Overflow__CWE193_wchar_t_alloca_cpy_13,O2_nocanary_nopie,CWE121_Stack_Based_Buffer_Overflow__CWE193_wchar_t_alloca_cpy_13_bad,CWE121_Stack_Based_Buffer_Overflow__CWE193_wchar_t_alloca_cpy_13_bad,0x4012f0,1,bin_func_entry,0.0,0.0,24.0,12.0,0.0,14.0,40.0,96.0,1,0.0,0.0,12.0,0.0,48.0,40.0,56.0,40.0,40.0,8.0,9.0,9.0,9.0,19.0,-92.0,9.0,6.0,23.0,-184.0,5.0,0.0,40.0,,3.0,-72.0,,4.0,2.0,-40.0,,-40.0,40.0,0.0,8.0,,4.0,0.0,40.0,0.0,1.0,2.0,0.0,1.0,3.0,0.0,8.0,16.0,1.0,-112.0,1.0,1.0,1.0,0.0,0.0,16.0,7.0,1.0,16.0,0.0,1.0,6.0,56.0,3.0,1.0,-40.0,3.0,56.0,,0.0,6.0,1.0,,15.0,,1.0,0.0,0.0,-112.0,15.0,1.0,5.0,1.0,,0.0,1.0,0.0,2.0,17.5,,15.0,1.0,0.0,4.0,0.0,1.0,0.5,2,1.0,2.0,0.0,0.0,0.0,1.0,0.0,1.0,1.0,,-112.0,0.0,1.0,0.0,0.0,13.0,0.0,1.0,0.0,,0.0,3.0,15.0,1.0,0.0,0.0,1.0,0.0,1.0,0.0,0.0,0.0,13.0,1.0,1.0,0.0,1.0,0.0,1.0,0.0,0.0,1.0,,1.0,0.0,0.0,25.0,,13.0,13.0,13.0,1.0,0.0,-5.0,0.0,13.0,1.0,1.0,1.0,16.0,,0.0,1.0,0.0,1.0,1.0,1.0,1.0,16.0,0.0,0.0,1.0,1.0,0.0,1.0,1.0,1.0,1.0,16.0,16.0,-1.0,0.0,1.0,1.0,16.0,0.0,1.0,0.0,1.0,1.0,0.0,16.0,0.0,,1.0,1.0,,0.0,0.0,0.0,0.0,0.0,2.0,0.0,0.5,0.0,1.0,,0.0,0.0,0.0,0.0,0.0,0.0,1.0,0.0,,1.0,0.0,0.0,0.0,0.0,0.0,0.0,0.0,0.0,2.0,0.0,1.0,0.5,0.0,0.0,0.0,0.0,,1.0,1.0,0.5,0.0,0.0,,,0.0,1.0,0.0,1.0,0.0,0.0,1.0,1.0,,0.0,0.0,1.0
sbo_rich_v6_context_java,O2_nocanary_nopie_CWE121_Stack_Based_Buffer_Overflow__CWE805_char_alloca_ncpy_09__O2_nocanary_nopie,O2_nocanary_nopie_CWE121_Stack_Based_Buffer_Overflow__CWE805_char_alloca_ncpy_09__O2_nocanary_nopie.json,O2_nocanary_nopie_CWE121_Stack_Based_Buffer_Overflow__CWE805_char_alloca_ncpy_09__O2_nocanary_nopie,CWE121_Stack_Based_Buffer_Overflow__CWE805_char_alloca_ncpy_09,O2_nocanary_nopie,CWE121_Stack_Based_Buffer_Overflow__CWE805_char_alloca_ncpy_09_bad,CWE121_Stack_Based_Buffer_Overflow__CWE805_char_alloca_ncpy_09_bad,0x401300,1,bin_func_entry,99.0,198.0,99.0,49.5,99.0,56.0,99.0,99.0,1,2.302325581395349,4.070182724252492,16.0,2.035091362126246,49.5,43.0,56.0,56.0,49.5,8.0,11.0,22.0,8.0,22.0,-164.0,12.0,12.0,26.0,-328.0,3.0,0.0,99.0,,3.0,-136.0,,1.0,2.0,99.0,,49.5,49.5,0.5,8.0,,1.0,2.302325581395349,56.0,4.070182724252492,1.0,3.0,2.035091362126246,1.0,2.75,1.0,2.0,-28.0,2.0,-328.0,1.0,1.0,2.0,0.5,1.0,-56.0,8.0,2.0,-13.0,0.5,1.0,6.0,21.5,4.0,2.0,56.0,5.5,43.0,,1.0,6.0,1.0,,15.0,,1.0,1.0,1.0,-164.0,15.0,2.0,6.0,1.0,,1.0,2.0,56.0,1.0,26.0,,15.0,1.0,2.0,5.0,1.0,0.5,0.6666666666666666,3,1.0,3.0,1.0,1.0,2.0,1.0,0.0,2.0,2.0,,-136.0,1.0,1.0,0.5,2.0,7.0,1.0,1.0,4.0,,0.3333333333333333,3.0,15.0,2.0,1.0,3.0,0.5,0.5,0.5,0.0,1.0,2.0,4.0,0.0,2.0,0.5,0.0,4.0,1.0,0.5,6.0,1.0,,1.0,6.0,0.5,23.0,,9.0,8.0,14.0,2.0,0.3333333333333333,1.0,1.0,9.0,1.0,1.0,1.0,6.0,1.0,1.0,1.0,1.0,0.0,1.0,2.0,1.0,12.0,1.0,1.0,,2.0,0.0,0.0,0.0,2.0,0.0,4.0,7.0,3.0,0.0,1.0,0.0,8.0,0.3333333333333333,1.0,1.0,1.0,0.0,1.0,7.0,1.0,,0.0,0.0,,0.5,1.0,2.0,0.0,0.0,2.0,0.0,0.3333333333333333,0.0,0.5,,0.0,0.0,1.0,1.0,0.0,0.0,1.0,0.0,1.0,1.0,1.0,0.0,0.0,0.0,2.0,0.0,0.0,0.0,,0.0,1.0,0.3333333333333333,0.0,0.0,0.0,0.0,,1.0,1.0,0.3333333333333333,0.5,0.0,,,1.0,1.0,0.0,0.5,0.0,1.0,0.5,1.0,,1.0,0.0,1.0
sbo_rich_v6_context_java,O0_canary_nopie_CWE121_Stack_Based_Buffer_Overflow__CWE193_char_alloca_memcpy_63a__O0_canary_nopie,O0_canary_nopie_CWE121_Stack_Based_Buffer_Overflow__CWE193_char_alloca_memcpy_63a__O0_canary_nopie.json,O0_canary_nopie_CWE121_Stack_Based_Buffer_Overflow__CWE193_char_alloca_memcpy_63a__O0_canary_nopie,CWE121_Stack_Based_Buffer_Overflow__CWE193_char_alloca_memcpy_63a,O0_canary_nopie,goodG2B,goodG2B,0x401297,0,bin_func_entry,0.0,,56.0,28.0,,32.0,,56.0,1,,,23.0,,28.0,24.0,32.0,,,16.0,,,15.0,30.0,-80.0,,19.0,46.0,-160.0,10.0,32.0,,,9.0,-64.0,28.0,1.0,2.0,,56.0,,,,8.0,,1.0,0.0,,,,1.0,,,,0.0,2.0,,0.0,,,,,,,,76.0,,,,,34.0,,0.0,,,,,-64.0,,13.0,,-80.0,,-160.0,1.0,,,,,,4.0,6.0,13.5,,0.0,0.0,6.0,0.0,27.0,,1.0,,3.0,,,0.0,2,,2.0,,0.0,,,2.0,,,,,,1.0,,,,0.0,0.0,,1.0,0.0,3.0,,,,,,,,0.0,0.0,,,0.0,,,,0.0,0.0,,0.0,,4.0,,,,0.0,4.0,,0.0,0.0,0.0,0.0,0.0,,0.0,,,,,7.0,,0.0,,,,,,0.0,,,20.0,,,,,,0.0,,,0.0,,,,,0.0,,,,,,,,3.0,,0.0,,,,,0.0,,1.0,,0.0,,,1.0,,,1.0,0.0,,0.0,,,1.0,0.0,,,,,0.0,,,,,0.0,,0.0,,,,,1.0,,1.0,0.0,,,,6.0,,0.0,,,,,,0.0,,,,
sbo_rich_v6_context_java,O0_canary_nopie_CWE121_Stack_Based_Buffer_Overflow__CWE805_char_declare_memmove_32__O0_canary_nopie,O0_canary_nopie_CWE121_Stack_Based_Buffer_Overflow__CWE805_char_declare_memmove_32__O0_canary_nopie.json,O0_canary_nopie_CWE121_Stack_Based_Buffer_Overflow__CWE805_char_declare_memmove_32__O0_canary_nopie,CWE121_Stack_Based_Buffer_Overflow__CWE805_char_declare_memmove_32,O0_canary_nopie,CWE121_Stack_Based_Buffer_Overflow__CWE805_char_declare_memmove_32_good,CWE121_Stack_Based_Buffer_Overflow__CWE805_char_declare_memmove_32_good,0x4013ba,0,bin_func_entry,0.0,,,,,,,0.0,1,,,14.0,,,0.0,0.0,,,6.0,,,5.0,8.0,,,4.0,14.0,,3.0,0.0,,,7.0,,,,0.0,,,,,,4.0,,,0.0,,,,0.0,,,,0.0,,,0.0,,,,,,,,6.0,,,,,6.0,,0.0,,,,,,,5.0,,,,,1.0,,,,,,4.0,2.0,,,0.0,0.0,2.0,0.0,,,1.0,,3.0,,,0.0,2,,2.0,,0.0,,,0.0,,,,,,1.0,,,,0.0,0.0,,,0.0,3.0,,,,,,,,0.0,0.0,,,0.0,,,,0.0,0.0,,0.0,,,,,,0.0,,,0.0,0.0,0.0,0.0,0.0,,0.0,,,,,1.0,,0.0,,,,,,0.0,,,,,,,,,0.0,,,0.0,,,,,0.0,,,,,,,,1.0,,0.0,,,,,0.0,,1.0,,0.0,,,1.0,,,1.0,0.0,,0.0,,,1.0,0.0,,,,,0.0,,,,,0.0,,0.0,,,,,1.0,,1.0,0.0,,,,,,0.0,,,,,,0.0,,,,
sbo_rich_v6_context_java,O0_canary_nopie_CWE121_Stack_Based_Buffer_Overflow__CWE193_wchar_t_declare_memcpy_65a__O0_canary_nopie,O0_canary_nopie_CWE121_Stack_Based_Buffer_Overflow__CWE193_wchar_t_declare_memcpy_65a__O0_canary_nopie.json,O0_canary_nopie_CWE121_Stack_Based_Buffer_Overflow__CWE193_wchar_t_declare_memcpy_65a__O0_canary_nopie,CWE121_Stack_Based_Buffer_Overflow__CWE193_wchar_t_declare_memcpy_65a,O0_canary_nopie,goodG2B,goodG2B,0x40123b,0,bin_func_entry,0.0,,14.0,14.0,,14.0,,14.0,1,,,16.0,,14.0,14.0,14.0,,,12.0,,,11.0,17.0,-72.0,,11.0,22.0,-72.0,8.0,0.0,,,10.0,-72.0,,1.0,1.0,,,,,,7.0,,1.0,0.0,,,,1.0,,,,0.0,1.0,,0.0,,,,,,,,6.0,,,,,6.0,,0.0,,,,,,,5.0,,,,,1.0,,,,,,4.0,2.0,,,0.0,0.0,2.0,0.0,,,1.0,,3.0,,,0.0,2,,2.0,,0.0,,,0.0,,,,,,1.0,,,,0.0,0.0,,,0.0,3.0,,,,,,,,0.0,0.0,,,0.0,,,,0.0,0.0,,0.0,,,,,,0.0,,,0.0,0.0,0.0,0.0,0.0,,0.0,,,,,1.0,,0.0,,,,,,0.0,,,,,,,,,0.0,,,0.0,,,,,0.0,,,,,,,,1.0,,0.0,,,,,0.0,,1.0,,0.0,,,1.0,,,1.0,0.0,,0.0,,,1.0,0.0,,,,,0.0,,,,,0.0,,0.0,,,,,1.0,,1.0,0.0,,,,,,0.0,,,,,,0.0,,,,
sbo_rich_v6_context_java,O2_nocanary_nopie_CWE121_Stack_Based_Buffer_Overflow__src_char_declare_cat_63a__O2_nocanary_nopie,O2_nocanary_nopie_CWE121_Stack_Based_Buffer_Overflow__src_char_declare_cat_63a__O2_nocanary_nopie.json,O2_nocanary_nopie_CWE121_Stack_Based_Buffer_Overflow__src_char_declare_cat_63a__O2_nocanary_nopie,CWE121_Stack_Based_Buffer_Overflow__src_char_declare_cat_63a,O2_nocanary_nopie,CWE121_Stack_Based_Buffer_Overflow__src_char_declare_cat_63b_goodG2BSink,CWE121_Stack_Based_Buffer_Overflow__src_char_declare_cat_63b_goodG2BSink,0x401320,0,bin_func_entry,0.0,0.0,48.0,16.0,0.0,16.0,16.0,48.0,2,0.0,0.0,18.0,0.0,16.0,16.0,16.0,16.0,16.0,6.0,15.0,15.0,7.0,13.0,-56.0,15.0,5.0,17.0,-168.0,5.0,0.0,16.0,,3.0,-40.0,,1.0,3.0,-16.0,,-16.0,16.0,0.0,7.0,,1.0,0.0,16.0,0.0,1.0,0.0,0.0,1.0,3.0,0.0,3.0,-16.0,1.0,-72.0,1.0,1.0,1.0,1.0,1.0,-16.0,6.0,1.0,-16.0,0.0,1.0,6.0,0.0,3.0,1.0,-16.0,3.0,0.0,,0.0,4.0,1.0,,32.0,,,0.0,0.0,-72.0,48.0,1.0,2.0,1.0,,0.0,1.0,0.0,1.0,23.5,,96.0,0.0,0.0,3.0,0.0,1.0,0.5,2,1.0,2.0,0.0,1.0,0.0,1.0,0.0,1.0,1.0,,-72.0,0.0,1.0,1.0,0.0,17.0,0.0,1.0,0.0,,0.5,1.0,16.0,1.0,1.0,0.0,0.0,0.0,0.0,0.0,1.0,0.0,17.0,0.0,1.0,1.0,1.0,0.0,3.0,0.0,0.0,1.0,1.0,0.0,0.0,0.0,20.0,,17.0,17.0,17.0,0.0,0.5,-2.0,0.0,17.0,0.0,0.0,1.0,15.0,1.0,0.0,0.0,0.0,1.0,1.0,1.0,1.0,15.0,0.0,1.0,,1.0,0.0,1.0,0.0,1.0,0.0,15.0,15.0,-1.0,0.0,0.0,0.0,15.0,0.0,0.0,0.0,0.0,1.0,0.0,15.0,1.0,2.0,1.0,1.0,1.0,0.0,0.0,0.0,0.0,0.0,1.0,0.0,0.5,0.0,1.0,,0.0,0.0,1.0,0.0,0.0,0.0,1.0,0.0,,1.0,0.0,0.0,0.0,0.0,0.0,0.0,0.0,0.0,3.0,0.0,,0.5,0.0,0.0,0.0,0.0,1.0,1.0,0.0,0.5,0.0,0.0,1.0,,0.0,1.0,0.0,1.0,0.0,0.0,1.0,0.0,,0.0,0.0,1.0
sbo_rich_v6_context_java,O2_nocanary_nopie_CWE121_Stack_Based_Buffer_Overflow__CWE806_char_alloca_loop_11__O2_nocanary_nopie,O2_nocanary_nopie_CWE121_Stack_Based_Buffer_Overflow__CWE806_char_alloca_loop_11__O2_nocanary_nopie.json,O2_nocanary_nopie_CWE121_Stack_Based_Buffer_Overflow__CWE806_char_alloca_loop_11__O2_nocanary_nopie,CWE121_Stack_Based_Buffer_Overflow__CWE806_char_alloca_loop_11,O2_nocanary_nopie,goodG2B1,goodG2B1,0x401280,0,bin_func_entry,49.0,49.0,49.0,49.0,49.0,49.0,49.0,49.0,2,1.0,1.0,18.0,1.0,49.0,49.0,49.0,49.0,49.0,8.0,14.0,14.0,6.0,19.0,-128.0,14.0,10.0,26.0,-128.0,3.0,0.0,49.0,,6.0,-128.0,,1.0,1.0,0.0,,0.0,49.0,0.0,8.0,,1.0,1.0,49.0,1.0,0.0,1.0,1.0,1.0,3.5,1.0,1.0,-49.0,1.0,-128.0,0.0,1.0,1.0,1.0,1.0,-49.0,8.0,1.0,-49.0,1.0,1.0,6.0,0.0,3.5,1.0,0.0,3.5,0.0,,1.0,8.0,1.0,,15.0,,2.0,1.0,1.0,-128.0,15.0,1.0,7.0,1.0,,0.0,0.0,0.0,1.0,6.0,,15.0,1.0,1.0,6.0,0.0,0.0,0.5,3,1.0,5.0,1.0,1.0,2.0,1.0,0.0,0.0,1.0,,-128.0,1.0,2.0,1.0,1.0,4.0,1.0,0.0,2.0,,0.5,3.0,15.0,1.0,1.0,2.0,0.0,1.0,0.0,0.0,1.0,0.0,2.0,0.0,1.0,1.0,0.0,2.0,1.0,0.0,2.0,0.0,,0.0,2.0,1.0,2.0,,4.0,2.0,4.0,0.0,0.5,2.0,0.0,2.0,0.0,0.0,0.0,2.0,,0.0,0.0,0.0,0.0,1.0,1.0,1.0,2.0,0.0,1.0,,1.0,0.0,0.0,0.0,0.0,0.0,0.0,2.0,2.0,0.0,0.0,0.0,0.0,0.0,0.0,1.0,0.0,0.0,1.0,0.0,1.0,,0.0,0.0,,0.0,1.0,1.0,0.0,0.0,2.0,0.0,0.0,0.0,0.0,,0.0,0.0,1.0,0.0,0.0,0.0,0.0,0.0,1.0,0.0,0.0,0.0,0.0,0.0,0.0,0.0,0.0,0.0,,0.0,1.0,0.0,0.0,0.0,0.0,0.0,,0.0,1.0,0.0,0.0,0.0,,,0.0,0.0,0.0,0.0,0.0,0.0,0.0,1.0,,0.0,1.0,0.0
sbo_rich_v6_context_java,O2_nocanary_nopie_CWE121_Stack_Based_Buffer_Overflow__CWE805_char_alloca_memcpy_01__O2_nocanary_nopie,O2_nocanary_nopie_CWE121_Stack_Based_Buffer_Overflow__CWE805_char_alloca_memcpy_01__O2_nocanary_nopie.json,O2_nocanary_nopie_CWE121_Stack_Based_Buffer_Overflow__CWE805_char_alloca_memcpy_01__O2_nocanary_nopie,CWE121_Stack_Based_Buffer_Overflow__CWE805_char_alloca_memcpy_01,O2_nocanary_nopie,CWE121_Stack_Based_Buffer_Overflow__CWE805_char_alloca_memcpy_01_good,CWE121_Stack_Based_Buffer_Overflow__CWE805_char_alloca_memcpy_01_good,0x4012f0,0,bin_func_entry,100.0,199.0,198.0,99.0,99.5,99.0,198.0,198.0,0,1.0101010101010102,2.0101010101010104,16.0,1.0050505050505052,99.0,99.0,99.0,99.0,99.0,,11.0,22.0,0.0,,-188.0,12.0,,1.0,-376.0,0.0,0.0,198.0,1.0,,-136.0,,1.0,2.0,1.0,,0.5,99.0,0.5,,1.0,1.0,1.0101010101010102,99.0,2.0101010101010104,1.0,0.0,1.0050505050505052,1.0,2.75,1.0,2.0,-49.5,2.0,-376.0,1.0,1.0,2.0,0.5,1.0,-99.0,,2.0,0.0,0.5,1.0,,49.5,3.0,2.0,1.0,5.5,99.0,,1.0,,1.0,,,,,1.0,1.0,-188.0,,2.0,1.0,,,1.0,2.0,1.0,,26.0,,,1.0,2.0,2.0,1.0,0.5,0.6666666666666666,0,1.0,0.0,1.0,1.0,1.5,1.0,0.0,1.0,2.0,,-136.0,2.0,,0.5,2.0,7.0,2.0,1.0,2.0,,0.3333333333333333,1.0,,2.0,1.0,1.0,0.5,1.0,0.5,1.0,1.0,1.0,6.0,0.0,1.0,0.5,0.0,3.0,0.0,0.5,2.0,1.0,,1.0,2.0,0.5,19.0,,10.0,12.0,14.0,1.0,0.3333333333333333,1.0,1.0,10.0,0.5,1.0,1.0,6.0,,0.5,1.0,1.0,1.0,1.0,2.0,1.0,12.0,1.0,1.0,,2.0,0.0,0.0,0.0,1.0,0.0,4.5,10.0,-3.0,0.0,1.0,0.0,9.0,0.0,1.0,1.0,1.0,0.5,1.0,9.0,1.0,,0.0,1.0,,0.0,1.0,2.0,0.0,0.0,,0.0,0.3333333333333333,0.0,0.5,,0.0,0.0,0.0,0.0,0.0,0.0,1.0,0.0,,1.0,0.0,0.0,0.0,0.0,1.0,0.0,0.0,0.0,,0.0,,0.3333333333333333,0.0,0.0,0.0,0.0,,1.0,0.0,0.3333333333333333,0.0,0.0,,,0.5,1.0,0.0,0.5,0.0,1.0,0.5,0.0,,0.0,1.0,1.0
sbo_rich_v6_context_java,O0_nocanary_nopie_CWE121_Stack_Based_Buffer_Overflow__CWE806_char_alloca_memcpy_64a__O0_nocanary_nopie,O0_nocanary_nopie_CWE121_Stack_Based_Buffer_Overflow__CWE806_char_alloca_memcpy_64a__O0_nocanary_nopie.json,O0_nocanary_nopie_CWE121_Stack_Based_Buffer_Overflow__CWE806_char_alloca_memcpy_64a__O0_nocanary_nopie,CWE121_Stack_Based_Buffer_Overflow__CWE806_char_alloca_memcpy_64a,O0_nocanary_nopie,CWE121_Stack_Based_Buffer_Overflow__CWE806_char_alloca_memcpy_64b_badSink,CWE121_Stack_Based_Buffer_Overflow__CWE806_char_alloca_memcpy_64b_badSink,0x401333,1,bin_func_entry,0.0,0.0,,,0.0,,0.0,0.0,1,0.0,0.0,29.0,0.0,,0.0,0.0,0.0,0.0,19.0,24.5,49.0,20.0,26.0,,25.0,23.0,32.0,,17.0,0.0,0.0,,8.0,,,,0.0,0.0,,0.0,0.0,0.5,15.0,,,0.0,0.0,0.0,1.0,1.0,0.0,1.0,2.75,0.0,,0.0,2.0,,1.0,0.5,1.0,1.0,1.0,0.0,2.0,1.0,0.0,0.0,0.0,2.0,0.0,5.5,1.0,0.0,5.5,0.0,,0.0,5.0,0.0,,,,1.0,0.0,0.0,,,0.0,3.0,1.0,,1.0,2.0,0.0,1.0,-1.0,,,0.0,0.0,4.0,1.0,0.5,0.0,3,0.0,3.0,1.0,2.0,2.75,0.0,0.0,1.0,0.0,,,1.0,1.0,0.0,0.0,0.0,0.0,1.0,5.5,,0.0,1.0,,0.0,0.0,3.5,0.0,0.0,0.0,0.0,0.0,0.0,-3.5,0.0,0.0,0.0,1.0,5.5,0.0,0.5,7.0,1.0,,0.0,7.0,0.0,0.0,,0.0,-7.0,0.0,0.0,0.0,7.5,0.0,0.0,0.0,0.0,1.0,0.0,,0.0,0.0,1.0,1.0,0.0,0.0,0.0,0.0,1.0,0.0,,,0.0,1.0,0.0,0.0,0.0,-2.75,0.0,10.0,0.0,0.0,0.0,-5.5,0.3333333333333333,0.0,0.0,0.0,0.5,0.0,0.0,0.0,,2.0,1.0,,0.5,0.0,0.0,0.0,0.0,1.0,0.0,0.0,0.0,0.0,1.0,1.0,0.5,1.0,1.0,0.5,0.3333333333333333,0.0,0.0,,0.0,1.0,0.0,0.5,0.0,0.0,0.0,1.0,1.0,,0.0,,0.0,1.0,0.0,0.0,0.0,,0.0,0.0,0.0,0.5,1.0,,,0.0,0.0,1.0,0.0,0.5,0.0,0.0,0.0,,1.0,0.0,0.0
sbo_rich_v6_context_java,O0_canary_nopie_CWE121_Stack_Based_Buffer_Overflow__src_wchar_t_declare_cat_67a__O0_canary_nopie,O0_canary_nopie_CWE121_Stack_Based_Buffer_Overflow__src_wchar_t_declare_cat_67a__O0_canary_nopie.json,O0_canary_nopie_CWE121_Stack_Based_Buffer_Overflow__src_wchar_t_declare_cat_67a__O0_canary_nopie,CWE121_Stack_Based_Buffer_Overflow__src_wchar_t_declare_cat_67a,O0_canary_nopie,CWE121_Stack_Based_Buffer_Overflow__src_wchar_t_declare_cat_67b_badSink,CWE121_Stack_Based_Buffer_Overflow__src_wchar_t_declare_cat_67b_badSink,0x4013a5,1,bin_func_entry,0.0,0.0,50.0,50.0,0.0,50.0,200.0,200.0,1,0.0,0.0,66.0,0.0,200.0,200.0,200.0,200.0,200.0,37.0,59.0,59.0,36.0,42.0,-216.0,59.0,37.0,49.0,-216.0,33.0,0.0,200.0,,10.0,-216.0,,4.0,1.0,-200.0,,-200.0,200.0,0.0,32.0,,4.0,0.0,200.0,0.0,1.0,1.0,0.0,1.0,1.5,0.0,4.0,-200.0,1.0,-216.0,1.0,1.0,1.0,1.0,1.0,-200.0,6.0,1.0,-200.0,0.0,1.0,6.0,0.0,1.5,1.0,-200.0,1.5,0.0,,0.0,6.0,1.0,,,,1.0,0.0,0.0,-216.0,,1.0,5.0,2.0,,0.0,1.0,0.0,2.0,23.5,,,1.0,0.0,4.0,0.0,0.0,0.5,3,1.0,3.0,0.0,1.0,0.0,1.0,0.0,1.0,1.0,,-216.0,0.0,1.0,1.0,0.0,17.0,0.0,1.0,0.0,,0.5,3.0,,1.0,1.0,0.0,0.0,0.0,0.0,0.0,1.0,0.0,17.0,0.0,1.0,1.0,1.0,0.0,0.0,0.0,0.0,0.0,,0.0,0.0,0.0,20.0,,17.0,17.0,17.0,0.0,0.5,-2.0,0.0,17.0,0.0,0.0,0.0,15.0,1.0,0.0,0.0,0.0,1.0,1.0,1.0,1.0,15.0,0.0,1.0,,1.0,0.0,1.0,0.0,1.0,0.0,15.0,15.0,-1.0,0.0,0.0,0.0,15.0,0.0,0.0,0.0,0.0,1.0,0.0,15.0,1.0,1.0,1.0,1.0,,0.0,0.0,0.0,0.0,0.0,1.0,0.0,0.5,0.0,1.0,1.0,0.0,0.0,1.0,0.0,0.0,0.0,1.0,0.0,1.0,1.0,0.0,0.0,0.0,0.0,0.0,0.0,0.0,0.0,,0.0,,0.5,0.0,0.0,0.0,0.0,1.0,1.0,1.0,0.5,0.0,0.0,,,0.0,1.0,0.0,1.0,0.0,0.0,1.0,0.0,,0.0,0.0,1.0
sbo_rich_v6_context_java,O0_nocanary_nopie_CWE121_Stack_Based_Buffer_Overflow__dest_wchar_t_alloca_cpy_10__O0_nocanary_nopie,O0_nocanary_nopie_CWE121_Stack_Based_Buffer_Overflow__dest_wchar_t_alloca_cpy_10__O0_nocanary_nopie.json,O0_nocanary_nopie_CWE121_Stack_Based_Buffer_Overflow__dest_wchar_t_alloca_cpy_10__O0_nocanary_nopie,CWE121_Stack_Based_Buffer_Overflow__dest_wchar_t_alloca_cpy_10,O0_nocanary_nopie,CWE121_Stack_Based_Buffer_Overflow__dest_wchar_t_alloca_cpy_10_good,CWE121_Stack_Based_Buffer_Overflow__dest_wchar_t_alloca_cpy_10_good,0x40146a,0,bin_func_entry,0.0,,,,,,,0.0,1,,,7.0,,,0.0,0.0,,,2.0,,,3.0,4.0,,,1.0,7.0,,1.0,0.0,,,2.0,,,,0.0,,,,,,3.0,,,0.0,,,,0.0,,,,0.0,,,0.0,,,,,,,,,,,,,,,0.0,,,,,,,3.0,,,,,,,,,,,2.0,,,,0.0,0.0,,0.0,,,0.0,,3.0,,,0.0,2,,2.0,,0.0,,,0.0,,,,,,1.0,,,,0.0,0.0,,,0.0,1.0,,,,,,,,0.0,0.0,,,0.0,,,,0.0,0.0,,0.0,,,,,,0.0,,,0.0,0.0,0.0,0.0,0.0,,0.0,,,,,,,0.0,,,,,,0.0,,,,,,,,,0.0,,,0.0,,,,,0.0,,,,,,,,,,0.0,1.0,,,,0.0,,1.0,,0.0,,,1.0,,,1.0,0.0,,0.0,,,,0.0,,,,,0.0,,,,,0.0,,0.0,,,,,,,0.0,0.0,,,,,,0.0,,,,,,0.0,,,,
sbo_rich_v6_context_java,O2_nocanary_nopie_CWE121_Stack_Based_Buffer_Overflow__CWE805_int64_t_alloca_memcpy_52a__O2_nocanary_nopie,O2_nocanary_nopie_CWE121_Stack_Based_Buffer_Overflow__CWE805_int64_t_alloca_memcpy_52a__O2_nocanary_nopie.json,O2_nocanary_nopie_CWE121_Stack_Based_Buffer_Overflow__CWE805_int64_t_alloca_memcpy_52a__O2_nocanary_nopie,CWE121_Stack_Based_Buffer_Overflow__CWE805_int64_t_alloca_memcpy_52a,O2_nocanary_nopie,CWE121_Stack_Based_Buffer_Overflow__CWE805_int64_t_alloca_memcpy_52b_goodG2BSink,CWE121_Stack_Based_Buffer_Overflow__CWE805_int64_t_alloca_memcpy_52b_goodG2BSink,0x401280,0,bin_func_entry,800.0,800.0,100.0,100.0,800.0,100.0,0.0,100.0,1,0.0,0.0,17.0,0.0,100.0,100.0,100.0,0.0,0.0,,14.0,14.0,0.0,,-808.0,14.0,,1.0,-808.0,0.0,100.0,0.0,1.0,,-808.0,100.0,1.0,1.0,0.0,100.0,0.0,0.0,0.0,,1.0,1.0,0.0,0.0,0.0,1.0,0.0,0.0,1.0,2.5,0.0,1.0,0.0,1.0,,1.0,1.0,1.0,0.0,0.0,0.0,,1.0,0.0,0.0,0.0,,100.0,2.5,1.0,0.0,2.5,100.0,-808.0,0.0,,0.0,-808.0,,-808.0,,1.0,1.0,,,0.0,1.0,,9.0,0.0,1.0,0.0,,1.5,9.0,,1.0,1.0,2.0,0.0,1.0,0.0,0,0.0,0.0,1.0,0.0,1.5,0.0,1.0,1.0,0.0,,,1.0,,0.0,0.0,0.0,0.0,1.0,1.5,1.0,0.0,1.0,,0.0,0.0,1.0,1.0,0.0,1.0,1.0,0.0,0.0,-1.0,0.0,0.0,0.0,0.0,1.5,0.0,1.0,1.0,1.0,,1.0,1.0,0.0,0.0,,0.0,-1.0,0.0,0.0,0.0,1.5,0.0,-1.0,0.0,0.0,1.0,0.0,,0.0,1.0,1.0,1.0,0.0,0.0,0.0,0.0,1.0,0.0,,,0.0,0.0,0.0,0.0,0.0,-1.5,0.0,0.0,0.0,1.0,0.0,-1.5,0.0,1.0,0.0,1.0,1.0,0.0,-1.5,0.0,,0.0,1.0,,0.0,0.0,0.0,0.0,0.0,,0.0,0.0,0.0,0.0,,0.0,0.0,0.0,0.0,0.0,0.0,0.0,0.0,,0.0,0.0,0.0,0.0,0.0,0.0,0.0,0.0,0.0,,1.0,,0.0,0.0,0.0,0.0,0.0,,0.0,0.0,0.0,0.0,0.0,,,0.0,0.0,0.0,0.0,0.0,0.0,0.0,0.0,,0.0,0.0,0.0
